  image_id,x_1,y_1,width,height,category,split
000001.jpg,95,71,226,313,0,train
000002.jpg,72,94,221,306,0,train
000003.jpg,216,59,91,126,0,train
000004.jpg,622,257,564,781,0,train
000005.jpg,236,109,120,166,0,train
000006.jpg,146,67,182,252,0,train
000007.jpg,64,93,211,292,0,train
000008.jpg,212,89,218,302,0,train
000009.jpg,600,274,343,475,0,train
000010.jpg,113,110,211,292,0,train
000011.jpg,166,68,125,173,0,train
000012.jpg,102,31,104,144,0,train
000013.jpg,89,132,247,342,0,train
000014.jpg,110,122,234,324,0,train
000015.jpg,93,86,190,263,0,train
000016.jpg,39,89,283,392,0,train
000017.jpg,40,64,62,86,0,train
000018.jpg,140,84,195,270,0,train
000019.jpg,226,87,138,191,0,train
000020.jpg,85,38,221,306,0,train
000021.jpg,128,27,135,187,0,train
000022.jpg,130,33,114,158,0,train
000023.jpg,159,94,231,320,0,train
000024.jpg,753,127,114,158,0,train
000025.jpg,239,85,200,277,0,train
000026.jpg,59,45,107,148,0,train
000027.jpg,90,47,104,144,0,train
000028.jpg,118,32,174,241,0,train
000029.jpg,93,71,153,212,0,train
000030.jpg,165,181,372,515,0,train
000031.jpg,70,94,283,392,0,train
000032.jpg,143,50,211,292,0,train
000033.jpg,82,37,114,158,0,train
000034.jpg,181,41,101,140,0,train
000035.jpg,322,138,146,202,0,train
000036.jpg,102,56,125,173,0,train
000037.jpg,96,74,174,241,0,train
000038.jpg,128,99,242,335,0,train
000039.jpg,167,207,96,133,0,train
000040.jpg,91,87,166,230,0,train
000041.jpg,127,91,172,238,0,train
000042.jpg,84,102,174,241,0,train
000043.jpg,133,62,133,184,0,train
000044.jpg,743,626,998,1382,0,train
000045.jpg,220,26,138,191,0,train
000046.jpg,134,65,99,137,0,train
000047.jpg,142,89,203,281,0,train
000048.jpg,264,58,140,194,0,train
000049.jpg,47,45,60,83,0,train
000050.jpg,110,30,133,184,0,train
000051.jpg,61,98,255,353,0,train
000052.jpg,135,159,333,461,0,train
000053.jpg,35,64,91,126,0,train
000054.jpg,876,228,224,310,0,train
000055.jpg,30,62,268,371,0,train
000056.jpg,188,91,281,389,0,train
000057.jpg,220,25,114,158,0,train
000058.jpg,167,64,140,194,0,train
000059.jpg,125,169,263,364,0,train
000060.jpg,17,84,174,241,0,train
000061.jpg,171,50,239,331,0,train
000062.jpg,263,68,94,130,0,train
000063.jpg,1,58,91,126,0,train
000064.jpg,82,66,177,245,0,train
000065.jpg,377,105,164,227,0,train
000066.jpg,29,39,57,79,0,train
000067.jpg,254,95,237,322,0,train
000068.jpg,98,103,234,324,0,train
000069.jpg,58,54,229,317,0,train
000070.jpg,46,30,75,104,0,train
000071.jpg,59,105,174,241,0,train
000072.jpg,20,29,101,140,0,train
000073.jpg,145,50,161,223,0,train
000074.jpg,126,1,374,518,0,train
000075.jpg,257,6,99,137,0,train
000076.jpg,175,29,133,184,0,train
000077.jpg,70,116,221,306,0,train
000078.jpg,272,43,151,209,0,train
000079.jpg,57,47,221,306,0,train
000080.jpg,84,79,281,389,0,train
000081.jpg,111,58,133,184,0,train
000082.jpg,67,33,99,137,0,train
000083.jpg,88,84,161,223,0,train
000084.jpg,99,48,117,162,0,train
000085.jpg,271,312,603,835,0,train
000086.jpg,856,226,317,439,0,train
000087.jpg,44,34,81,112,0,train
000088.jpg,52,112,278,385,0,train
000089.jpg,337,146,320,443,0,train
000090.jpg,38,33,109,151,0,train
000091.jpg,101,120,174,241,0,train
000092.jpg,133,78,140,194,0,train
000093.jpg,167,43,55,76,0,train
000094.jpg,167,38,96,133,0,train
000095.jpg,28,20,109,137,0,train
000096.jpg,322,110,330,457,0,train
000097.jpg,202,77,200,277,0,train
000098.jpg,436,56,101,140,0,train
000099.jpg,102,83,138,191,0,train
000100.jpg,284,140,364,504,0,train
000101.jpg,74,45,91,126,0,train
000102.jpg,75,1,125,173,0,train
000103.jpg,212,134,237,328,0,train
000104.jpg,84,119,151,209,0,train
000105.jpg,107,41,70,97,0,train
000106.jpg,245,187,203,281,0,train
000107.jpg,41,57,99,137,0,train
000108.jpg,217,86,187,259,0,train
000109.jpg,90,156,478,662,0,train
000110.jpg,191,133,185,256,0,train
000111.jpg,96,111,429,594,0,train
000112.jpg,115,65,109,151,0,train
000113.jpg,137,22,120,166,0,train
000114.jpg,157,62,182,252,0,train
000115.jpg,298,41,166,230,0,train
000116.jpg,111,74,187,259,0,train
000117.jpg,274,59,320,443,0,train
000118.jpg,101,113,179,248,0,train
000119.jpg,33,48,127,176,0,train
000120.jpg,70,8,68,119,0,train
000121.jpg,261,117,296,410,0,train
000122.jpg,148,56,161,223,0,train
000123.jpg,94,72,133,184,0,train
000124.jpg,792,230,785,967,0,train
000125.jpg,48,30,143,198,0,train
000126.jpg,241,68,205,284,0,train
000127.jpg,65,22,65,90,0,train
000128.jpg,229,212,91,126,0,train
000129.jpg,185,248,369,511,0,train
000130.jpg,63,46,94,130,0,train
000131.jpg,43,75,151,209,0,train
000132.jpg,410,213,299,414,0,train
000133.jpg,221,69,161,223,0,train
000134.jpg,85,74,177,245,0,train
000135.jpg,242,194,356,493,0,train
000136.jpg,60,79,125,173,0,train
000137.jpg,120,80,179,248,0,train
000138.jpg,119,1,153,212,0,train
000139.jpg,47,31,91,126,0,train
000140.jpg,195,99,187,259,0,train
000141.jpg,111,45,91,126,0,train
000142.jpg,215,55,177,245,0,train
000143.jpg,29,96,291,403,0,train
000144.jpg,94,62,130,180,0,train
000145.jpg,756,511,998,1382,0,train
000146.jpg,162,57,137,202,0,train
000147.jpg,761,159,551,763,0,train
000148.jpg,114,65,213,295,0,train
000149.jpg,195,54,133,184,0,train
000150.jpg,340,179,286,396,0,train
000151.jpg,133,142,257,355,0,train
000152.jpg,50,75,224,310,0,train
000153.jpg,163,92,177,245,0,train
000154.jpg,222,155,229,317,0,train
000155.jpg,320,291,458,634,0,train
000156.jpg,40,89,257,356,0,train
000157.jpg,148,73,367,508,0,train
000158.jpg,22,40,114,158,0,train
000159.jpg,10,119,109,151,0,train
000160.jpg,184,84,172,238,0,train
000161.jpg,192,98,268,371,0,train
000162.jpg,140,3,78,108,0,train
000163.jpg,302,61,559,705,0,train
000164.jpg,33,46,265,367,0,train
000165.jpg,619,170,187,259,0,train
000166.jpg,467,132,276,382,0,train
000167.jpg,176,54,86,119,0,train
000168.jpg,531,363,634,878,0,train
000169.jpg,89,1,112,155,0,train
000170.jpg,141,58,130,180,0,train
000171.jpg,82,89,250,346,0,train
000172.jpg,365,293,712,986,0,train
000173.jpg,109,77,120,166,0,train
000174.jpg,82,126,260,360,0,train
000175.jpg,26,121,226,313,0,train
000176.jpg,118,60,156,216,0,train
000177.jpg,669,181,231,320,0,train
000178.jpg,88,117,174,241,0,train
000179.jpg,556,389,1050,1454,0,train
000180.jpg,113,228,374,518,0,train
000181.jpg,91,76,156,216,0,train
000182.jpg,29,14,223,310,0,train
000183.jpg,148,143,242,335,0,train
000184.jpg,21,48,190,263,0,train
000185.jpg,107,118,211,292,0,train
000186.jpg,114,75,135,187,0,train
000187.jpg,58,49,153,212,0,train
000188.jpg,181,41,192,266,0,train
000189.jpg,169,159,127,176,0,train
000190.jpg,187,19,91,126,0,train
000191.jpg,121,113,109,151,0,train
000192.jpg,118,48,60,83,0,train
000193.jpg,178,62,130,180,0,train
000194.jpg,4,59,205,284,0,train
000195.jpg,108,75,263,364,0,train
000196.jpg,48,66,296,402,0,train
000197.jpg,86,126,151,209,0,train
000198.jpg,137,89,179,248,0,train
000199.jpg,106,158,88,122,0,train
000200.jpg,68,49,195,270,0,train
000201.jpg,279,68,520,720,0,train
000202.jpg,134,41,190,263,0,train
000203.jpg,124,85,231,320,0,train
000204.jpg,68,59,174,241,0,train
000205.jpg,305,228,569,788,0,train
000206.jpg,62,98,182,252,0,train
000207.jpg,184,36,143,198,0,train
000208.jpg,278,64,250,346,0,train
000209.jpg,86,40,109,151,0,train
000210.jpg,175,46,161,223,0,train
000211.jpg,264,65,151,209,0,train
000212.jpg,110,104,426,590,0,train
000213.jpg,90,71,164,227,0,train
000214.jpg,97,98,195,270,0,train
000215.jpg,40,69,211,292,0,train
000216.jpg,84,101,244,338,0,train
000217.jpg,46,76,153,212,0,train
000218.jpg,132,101,177,245,0,train
000219.jpg,291,78,122,169,0,train
000220.jpg,90,114,252,349,0,train
000221.jpg,70,102,302,418,0,train
000222.jpg,431,119,135,187,0,train
000223.jpg,151,78,109,151,0,train
000224.jpg,107,50,130,180,0,train
000225.jpg,139,76,122,169,0,train
000226.jpg,80,34,203,281,0,train
000227.jpg,95,43,142,218,0,train
000228.jpg,66,62,109,151,0,train
000229.jpg,41,59,250,346,0,train
000230.jpg,55,41,146,201,0,train
000231.jpg,136,116,322,446,0,train
000232.jpg,202,59,143,198,0,train
000233.jpg,149,50,161,223,0,train
000234.jpg,2,28,109,151,0,train
000235.jpg,43,115,177,245,0,train
000236.jpg,111,67,96,133,0,train
000237.jpg,138,71,172,238,0,train
000238.jpg,270,46,255,353,0,train
000239.jpg,879,903,1646,2279,0,train
000240.jpg,131,107,114,158,0,train
000241.jpg,148,112,135,187,0,train
000242.jpg,657,117,296,410,0,train
000243.jpg,65,88,187,259,0,train
000244.jpg,148,26,107,148,0,train
000245.jpg,39,37,68,94,0,train
000246.jpg,100,25,104,144,0,train
000247.jpg,86,95,166,230,0,train
000248.jpg,166,59,88,122,0,train
000249.jpg,196,81,130,180,0,train
000250.jpg,14,21,205,284,0,train
000251.jpg,485,42,190,263,0,train
000252.jpg,236,91,239,331,0,train
000253.jpg,131,84,315,383,0,train
000254.jpg,384,122,270,374,0,train
000255.jpg,70,85,286,396,0,train
000256.jpg,99,90,161,223,0,train
000257.jpg,98,78,237,328,0,train
000258.jpg,591,121,263,364,0,train
000259.jpg,102,66,130,180,0,train
000260.jpg,65,28,125,173,0,train
000261.jpg,522,86,390,540,0,train
000262.jpg,297,39,78,108,0,train
000263.jpg,77,38,99,137,0,train
000264.jpg,54,76,213,295,0,train
000265.jpg,105,66,166,230,0,train
000266.jpg,59,26,359,471,0,train
000267.jpg,188,245,694,961,0,train
000268.jpg,84,95,127,176,0,train
000269.jpg,142,104,148,205,0,train
000270.jpg,82,49,153,212,0,train
000271.jpg,103,93,276,382,0,train
000272.jpg,24,72,203,245,0,train
000273.jpg,76,70,257,356,0,train
000274.jpg,47,41,120,166,0,train
000275.jpg,115,46,138,191,0,train
000276.jpg,52,71,174,241,0,train
000277.jpg,78,106,174,241,0,train
000278.jpg,25,31,81,112,0,train
000279.jpg,8,41,153,212,0,train
000280.jpg,23,35,127,176,0,train
000281.jpg,192,140,694,961,0,train
000282.jpg,28,29,127,176,0,train
000283.jpg,95,43,117,162,0,train
000284.jpg,107,38,78,108,0,train
000285.jpg,107,25,185,256,0,train
000286.jpg,86,60,164,227,0,train
000287.jpg,237,50,164,227,0,train
000288.jpg,41,40,88,122,0,train
000289.jpg,156,97,312,432,0,train
000290.jpg,146,37,216,299,0,train
000291.jpg,429,330,1482,2052,0,train
000292.jpg,46,80,182,252,0,train
000293.jpg,324,145,109,151,0,train
000294.jpg,228,105,374,518,0,train
000295.jpg,7,45,127,176,0,train
000296.jpg,108,69,164,227,0,train
000297.jpg,68,77,190,263,0,train
000298.jpg,50,66,99,137,0,train
000299.jpg,23,28,185,248,0,train
000300.jpg,42,78,156,216,0,train
000301.jpg,96,69,185,256,0,train
000302.jpg,81,83,138,191,0,train
000303.jpg,205,69,166,230,0,train
000304.jpg,79,66,296,410,0,train
000305.jpg,98,141,211,292,0,train
000306.jpg,75,50,320,443,0,train
000307.jpg,104,101,198,274,0,train
000308.jpg,318,74,125,173,0,train
000309.jpg,187,76,122,169,0,train
000310.jpg,39,71,224,310,0,train
000311.jpg,107,45,307,425,0,train
000312.jpg,91,110,198,274,0,train
000313.jpg,50,36,65,90,0,train
000314.jpg,9,1,114,151,0,train
000315.jpg,59,42,91,126,0,train
000316.jpg,126,26,172,238,0,train
000317.jpg,98,80,135,187,0,train
000318.jpg,54,46,120,166,0,train
000319.jpg,359,63,198,274,0,train
000320.jpg,37,54,198,274,0,train
000321.jpg,142,68,112,155,0,train
000322.jpg,63,80,159,220,0,train
000323.jpg,659,117,393,544,0,train
000324.jpg,152,38,109,151,0,train
000325.jpg,76,51,127,176,0,train
000326.jpg,200,62,156,216,0,train
000327.jpg,57,36,55,76,0,train
000328.jpg,161,62,117,162,0,train
000329.jpg,44,28,81,112,0,train
000330.jpg,37,50,117,162,0,train
000331.jpg,272,71,122,169,0,train
000332.jpg,157,109,247,342,0,train
000333.jpg,44,21,117,162,0,train
000334.jpg,150,61,203,281,0,train
000335.jpg,33,70,252,314,0,train
000336.jpg,133,49,179,248,0,train
000337.jpg,141,155,257,356,0,train
000338.jpg,94,42,104,144,0,train
000339.jpg,141,36,62,86,0,train
000340.jpg,88,75,174,241,0,train
000341.jpg,74,111,268,371,0,train
000342.jpg,162,97,117,162,0,train
000343.jpg,174,97,270,374,0,train
000344.jpg,60,1,307,346,0,train
000345.jpg,308,43,143,198,0,train
000346.jpg,110,65,216,299,0,train
000347.jpg,103,30,194,277,0,train
000348.jpg,647,398,918,1271,0,train
000349.jpg,84,67,120,166,0,train
000350.jpg,55,57,133,184,0,train
000351.jpg,148,53,216,299,0,train
000352.jpg,112,129,315,436,0,train
000353.jpg,137,47,135,187,0,train
000354.jpg,140,68,156,216,0,train
000355.jpg,274,41,390,540,0,train
000356.jpg,376,58,218,302,0,train
000357.jpg,140,167,302,418,0,train
000358.jpg,221,22,101,140,0,train
000359.jpg,77,89,203,281,0,train
000360.jpg,90,112,179,248,0,train
000361.jpg,249,24,185,256,0,train
000362.jpg,84,72,234,324,0,train
000363.jpg,20,57,205,284,0,train
000364.jpg,103,77,153,212,0,train
000365.jpg,44,112,291,403,0,train
000366.jpg,232,40,125,173,0,train
000367.jpg,25,57,138,191,0,train
000368.jpg,120,49,96,133,0,train
000369.jpg,46,51,109,151,0,train
000370.jpg,135,36,127,176,0,train
000371.jpg,200,119,356,493,0,train
000372.jpg,72,47,146,202,0,train
000373.jpg,451,64,174,241,0,train
000374.jpg,56,32,221,306,0,train
000375.jpg,114,187,372,515,0,train
000376.jpg,228,21,151,209,0,train
000377.jpg,92,56,179,248,0,train
000378.jpg,192,87,109,151,0,train
000379.jpg,239,71,133,184,0,train
000380.jpg,89,94,208,288,0,train
000381.jpg,392,211,361,500,0,train
000382.jpg,74,51,143,198,0,train
000383.jpg,17,67,315,420,0,train
000384.jpg,216,63,130,180,0,train
000385.jpg,255,15,153,212,0,train
000386.jpg,144,38,148,205,0,train
000387.jpg,133,98,101,140,0,train
000388.jpg,128,76,182,252,0,train
000389.jpg,54,54,135,187,0,train
000390.jpg,105,12,117,162,0,train
000391.jpg,240,38,107,148,0,train
000392.jpg,54,132,359,497,0,train
000393.jpg,178,70,112,155,0,train
000394.jpg,152,74,138,191,0,train
000395.jpg,461,203,393,544,0,train
000396.jpg,86,65,146,202,0,train
000397.jpg,141,88,185,256,0,train
000398.jpg,51,67,255,314,0,train
000399.jpg,30,81,304,416,0,train
000400.jpg,41,19,83,115,0,train
000401.jpg,68,60,260,339,0,train
000402.jpg,82,25,146,202,0,train
000403.jpg,58,33,159,220,0,train
000404.jpg,119,66,99,137,0,train
000405.jpg,480,291,655,907,0,train
000406.jpg,165,140,255,353,0,train
000407.jpg,101,24,99,137,0,train
000408.jpg,91,186,304,415,0,train
000409.jpg,77,52,179,248,0,train
000410.jpg,41,65,68,94,0,train
000411.jpg,85,72,140,194,0,train
000412.jpg,104,62,237,328,0,train
000413.jpg,127,149,270,348,0,train
000414.jpg,73,35,211,292,0,train
000415.jpg,240,217,398,551,0,train
000416.jpg,122,9,91,126,0,train
000417.jpg,134,48,112,184,0,train
000418.jpg,17,40,130,180,0,train
000419.jpg,93,44,153,212,0,train
000420.jpg,146,75,146,202,0,train
000421.jpg,196,42,151,209,0,train
000422.jpg,101,43,172,238,0,train
000423.jpg,69,63,190,263,0,train
000424.jpg,79,71,169,234,0,train
000425.jpg,139,49,224,310,0,train
000426.jpg,84,47,146,202,0,train
000427.jpg,35,24,99,137,0,train
000428.jpg,60,67,107,148,0,train
000429.jpg,191,143,107,148,0,train
000430.jpg,363,125,231,320,0,train
000431.jpg,107,168,398,551,0,train
000432.jpg,273,286,387,536,0,train
000433.jpg,163,64,120,166,0,train
000434.jpg,259,178,387,536,0,train
000435.jpg,69,77,172,238,0,train
000436.jpg,97,78,169,234,0,train
000437.jpg,31,52,172,238,0,train
000438.jpg,27,53,78,108,0,train
000439.jpg,42,27,161,223,0,train
000440.jpg,16,21,62,86,0,train
000441.jpg,102,111,133,184,0,train
000442.jpg,531,89,575,796,0,train
000443.jpg,190,62,244,338,0,train
000444.jpg,180,147,354,490,0,train
000445.jpg,388,105,273,378,0,train
000446.jpg,48,125,237,328,0,train
000447.jpg,179,158,151,209,0,train
000448.jpg,64,47,283,392,0,train
000449.jpg,66,78,185,256,0,train
000450.jpg,124,45,218,302,0,train
000451.jpg,139,99,203,281,0,train
000452.jpg,88,90,135,187,0,train
000453.jpg,138,163,114,158,0,train
000454.jpg,147,71,113,187,0,train
000455.jpg,91,93,153,212,0,train
000456.jpg,145,54,177,245,0,train
000457.jpg,86,73,203,281,0,train
000458.jpg,73,158,151,209,0,train
000459.jpg,280,252,642,889,0,train
000460.jpg,163,71,255,353,0,train
000461.jpg,94,48,185,256,0,train
000462.jpg,85,94,164,227,0,train
000463.jpg,179,28,101,140,0,train
000464.jpg,151,29,112,155,0,train
000465.jpg,240,48,120,166,0,train
000466.jpg,90,118,177,245,0,train
000467.jpg,93,64,120,166,0,train
000468.jpg,504,517,250,346,0,train
000469.jpg,70,73,213,295,0,train
000470.jpg,103,19,99,137,0,train
000471.jpg,69,100,182,252,0,train
000472.jpg,122,59,109,151,0,train
000473.jpg,88,54,192,266,0,train
000474.jpg,99,25,86,119,0,train
000475.jpg,189,3,190,263,0,train
000476.jpg,138,66,148,205,0,train
000477.jpg,15,28,101,140,0,train
000478.jpg,221,56,166,230,0,train
000479.jpg,159,42,138,191,0,train
000480.jpg,98,47,187,259,0,train
000481.jpg,138,206,655,907,0,train
000482.jpg,358,50,195,270,0,train
000483.jpg,104,73,68,94,0,train
000484.jpg,154,93,156,216,0,train
000485.jpg,193,63,161,223,0,train
000486.jpg,89,80,146,202,0,train
000487.jpg,55,69,231,320,0,train
000488.jpg,105,86,182,252,0,train
000489.jpg,114,112,234,324,0,train
000490.jpg,200,182,205,284,0,train
000491.jpg,212,92,185,288,0,train
000492.jpg,103,118,226,313,0,train
000493.jpg,51,52,164,227,0,train
000494.jpg,195,92,286,396,0,train
000495.jpg,84,134,221,306,0,train
000496.jpg,117,75,96,133,0,train
000497.jpg,187,66,265,367,0,train
000498.jpg,58,70,174,241,0,train
000499.jpg,144,42,138,191,0,train
000500.jpg,56,89,205,284,0,train
000501.jpg,147,60,192,266,0,train
000502.jpg,283,59,218,302,0,train
000503.jpg,228,91,369,511,0,train
000504.jpg,93,88,187,259,0,train
000505.jpg,56,51,211,292,0,train
000506.jpg,92,83,177,245,0,train
000507.jpg,92,54,234,324,0,train
000508.jpg,195,77,221,306,0,train
000509.jpg,15,51,65,90,0,train
000510.jpg,119,128,177,245,0,train
000511.jpg,55,35,78,108,0,train
000512.jpg,13,51,302,418,0,train
000513.jpg,73,61,172,238,0,train
000514.jpg,992,440,559,774,0,train
000515.jpg,40,91,237,328,0,train
000516.jpg,105,84,216,299,0,train
000517.jpg,70,45,94,130,0,train
000518.jpg,120,76,211,292,0,train
000519.jpg,375,444,785,1087,0,train
000520.jpg,157,15,130,180,0,train
000521.jpg,21,73,299,414,0,train
000522.jpg,125,99,190,263,0,train
000523.jpg,42,92,101,140,0,train
000524.jpg,120,144,255,353,0,train
000525.jpg,23,41,62,86,0,train
000526.jpg,130,63,234,324,0,train
000527.jpg,140,88,187,259,0,train
000528.jpg,56,80,174,241,0,train
000529.jpg,411,52,185,256,0,train
000530.jpg,189,17,122,169,0,train
000531.jpg,132,53,96,133,0,train
000532.jpg,174,65,109,151,0,train
000533.jpg,75,16,140,194,0,train
000534.jpg,628,138,276,382,0,train
000535.jpg,13,112,174,241,0,train
000536.jpg,739,150,504,698,0,train
000537.jpg,85,37,161,223,0,train
000538.jpg,231,70,143,198,0,train
000539.jpg,96,54,166,230,0,train
000540.jpg,58,78,218,302,0,train
000541.jpg,93,76,192,266,0,train
000542.jpg,206,89,234,324,0,train
000543.jpg,101,63,205,261,0,train
000544.jpg,438,99,299,414,0,train
000545.jpg,430,371,1799,2491,0,train
000546.jpg,135,65,112,155,0,train
000547.jpg,151,31,159,220,0,train
000548.jpg,256,63,143,198,0,train
000549.jpg,42,87,341,472,0,train
000550.jpg,29,13,416,576,0,train
000551.jpg,74,65,130,180,0,train
000552.jpg,84,66,172,238,0,train
000553.jpg,128,107,216,299,0,train
000554.jpg,1,37,205,284,0,train
000555.jpg,72,20,122,169,0,train
000556.jpg,75,68,203,281,0,train
000557.jpg,526,285,304,421,0,train
000558.jpg,20,22,102,134,0,train
000559.jpg,88,68,96,133,0,train
000560.jpg,16,22,135,168,0,train
000561.jpg,87,90,195,270,0,train
000562.jpg,231,40,99,137,0,train
000563.jpg,72,27,161,223,0,train
000564.jpg,94,53,174,241,0,train
000565.jpg,685,155,315,436,0,train
000566.jpg,124,90,151,209,0,train
000567.jpg,367,91,213,295,0,train
000568.jpg,39,65,161,223,0,train
000569.jpg,114,52,114,158,0,train
000570.jpg,51,41,231,320,0,train
000571.jpg,186,44,117,162,0,train
000572.jpg,293,58,91,126,0,train
000573.jpg,131,61,111,169,0,train
000574.jpg,165,46,94,130,0,train
000575.jpg,108,47,166,230,0,train
000576.jpg,86,32,140,194,0,train
000577.jpg,107,6,192,248,0,train
000578.jpg,46,54,216,299,0,train
000579.jpg,1,50,122,169,0,train
000580.jpg,523,121,265,367,0,train
000581.jpg,192,49,107,148,0,train
000582.jpg,131,73,148,205,0,train
000583.jpg,109,51,177,245,0,train
000584.jpg,101,18,161,223,0,train
000585.jpg,48,88,294,407,0,train
000586.jpg,136,121,195,270,0,train
000587.jpg,72,126,166,230,0,train
000588.jpg,159,52,125,173,0,train
000589.jpg,98,98,169,234,0,train
000590.jpg,281,129,133,184,0,train
000591.jpg,36,51,250,322,0,train
000592.jpg,76,71,226,306,0,train
000593.jpg,167,23,164,227,0,train
000594.jpg,145,98,200,277,0,train
000595.jpg,234,64,187,259,0,train
000596.jpg,41,23,109,151,0,train
000597.jpg,106,52,127,176,0,train
000598.jpg,165,56,120,166,0,train
000599.jpg,247,103,320,443,0,train
000600.jpg,201,299,543,721,0,train
000601.jpg,106,33,101,140,0,train
000602.jpg,162,115,81,112,0,train
000603.jpg,227,168,140,194,0,train
000604.jpg,42,61,192,266,0,train
000605.jpg,44,105,239,331,0,train
000606.jpg,120,52,122,169,0,train
000607.jpg,1754,125,764,1058,0,train
000608.jpg,50,65,190,263,0,train
000609.jpg,460,53,244,338,0,train
000610.jpg,187,138,138,191,0,train
000611.jpg,233,64,161,223,0,train
000612.jpg,232,32,140,194,0,train
000613.jpg,33,30,81,112,0,train
000614.jpg,1205,110,246,407,0,train
000615.jpg,711,587,1186,1642,0,train
000616.jpg,110,88,179,248,0,train
000617.jpg,75,92,169,234,0,train
000618.jpg,360,74,289,400,0,train
000619.jpg,105,58,114,158,0,train
000620.jpg,15,32,86,119,0,train
000621.jpg,60,37,75,104,0,train
000622.jpg,41,118,281,389,0,train
000623.jpg,157,75,172,238,0,train
000624.jpg,86,54,244,338,0,train
000625.jpg,62,18,68,94,0,train
000626.jpg,221,40,109,151,0,train
000627.jpg,181,66,109,151,0,train
000628.jpg,262,123,122,169,0,train
000629.jpg,121,97,278,385,0,train
000630.jpg,45,47,83,115,0,train
000631.jpg,112,44,109,151,0,train
000632.jpg,402,319,317,439,0,train
000633.jpg,84,71,179,248,0,train
000634.jpg,442,77,151,209,0,train
000635.jpg,45,41,70,97,0,train
000636.jpg,56,44,133,184,0,train
000637.jpg,104,68,252,349,0,train
000638.jpg,88,52,135,187,0,train
000639.jpg,127,73,250,346,0,train
000640.jpg,111,96,172,238,0,train
000641.jpg,65,61,159,220,0,train
000642.jpg,59,76,99,137,0,train
000643.jpg,173,92,148,205,0,train
000644.jpg,149,135,133,184,0,train
000645.jpg,139,64,148,205,0,train
000646.jpg,420,169,460,637,0,train
000647.jpg,104,99,190,263,0,train
000648.jpg,409,448,120,166,0,train
000649.jpg,176,51,166,230,0,train
000650.jpg,62,98,151,209,0,train
000651.jpg,158,106,372,515,0,train
000652.jpg,48,59,263,364,0,train
000653.jpg,106,68,99,137,0,train
000654.jpg,126,42,242,335,0,train
000655.jpg,43,82,208,288,0,train
000656.jpg,146,94,260,360,0,train
000657.jpg,51,28,42,58,0,train
000658.jpg,98,27,156,216,0,train
000659.jpg,83,90,211,292,0,train
000660.jpg,50,39,81,112,0,train
000661.jpg,117,80,172,238,0,train
000662.jpg,160,73,164,227,0,train
000663.jpg,157,35,135,187,0,train
000664.jpg,212,29,151,209,0,train
000665.jpg,255,181,351,486,0,train
000666.jpg,111,66,133,184,0,train
000667.jpg,124,104,182,252,0,train
000668.jpg,127,104,156,216,0,train
000669.jpg,810,190,273,378,0,train
000670.jpg,41,146,104,144,0,train
000671.jpg,61,54,120,166,0,train
000672.jpg,105,57,172,238,0,train
000673.jpg,303,63,317,439,0,train
000674.jpg,457,110,736,908,0,train
000675.jpg,349,1,432,598,0,train
000676.jpg,133,83,174,241,0,train
000677.jpg,86,34,122,169,0,train
000678.jpg,88,80,107,148,0,train
000679.jpg,31,1,266,371,0,train
000680.jpg,91,68,127,176,0,train
000681.jpg,28,67,122,169,0,train
000682.jpg,101,28,75,104,0,train
000683.jpg,86,23,226,313,0,train
000684.jpg,8,26,112,155,0,train
000685.jpg,220,36,104,144,0,train
000686.jpg,186,48,161,223,0,train
000687.jpg,113,29,257,356,0,train
000688.jpg,100,33,192,266,0,train
000689.jpg,93,74,255,364,0,train
000690.jpg,22,54,140,194,0,train
000691.jpg,461,99,242,335,0,train
000692.jpg,546,98,369,511,0,train
000693.jpg,100,73,179,248,0,train
000694.jpg,92,89,307,436,0,train
000695.jpg,36,40,176,229,0,train
000696.jpg,181,70,94,130,0,train
000697.jpg,176,23,140,194,0,train
000698.jpg,200,29,88,122,0,train
000699.jpg,99,83,289,400,0,train
000700.jpg,231,63,120,166,0,train
000701.jpg,108,113,156,216,0,train
000702.jpg,137,187,286,396,0,train
000703.jpg,114,98,151,209,0,train
000704.jpg,85,42,75,104,0,train
000705.jpg,42,44,52,72,0,train
000706.jpg,42,41,94,130,0,train
000707.jpg,66,37,122,169,0,train
000708.jpg,142,39,148,205,0,train
000709.jpg,78,90,205,282,0,train
000710.jpg,94,78,205,284,0,train
000711.jpg,110,40,75,104,0,train
000712.jpg,69,66,169,234,0,train
000713.jpg,33,53,172,238,0,train
000714.jpg,153,72,273,378,0,train
000715.jpg,722,507,1149,1591,0,train
000716.jpg,134,104,83,115,0,train
000717.jpg,73,46,948,1422,0,train
000718.jpg,366,376,572,792,0,train
000719.jpg,158,87,130,180,0,train
000720.jpg,90,92,195,270,0,train
000721.jpg,952,252,385,533,0,train
000722.jpg,46,87,244,338,0,train
000723.jpg,345,138,395,547,0,train
000724.jpg,84,54,114,158,0,train
000725.jpg,16,33,140,194,0,train
000726.jpg,205,84,185,256,0,train
000727.jpg,440,99,208,288,0,train
000728.jpg,198,140,445,616,0,train
000729.jpg,61,53,237,328,0,train
000730.jpg,47,35,112,155,0,train
000731.jpg,123,15,65,90,0,train
000732.jpg,50,94,211,292,0,train
000733.jpg,71,131,265,366,0,train
000734.jpg,387,48,208,288,0,train
000735.jpg,38,36,226,313,0,train
000736.jpg,81,58,120,166,0,train
000737.jpg,995,138,367,508,0,train
000738.jpg,131,101,218,302,0,train
000739.jpg,91,60,44,61,0,train
000740.jpg,276,55,83,115,0,train
000741.jpg,138,48,101,140,0,train
000742.jpg,96,42,205,284,0,train
000743.jpg,130,64,130,180,0,train
000744.jpg,32,30,91,126,0,train
000745.jpg,78,55,187,259,0,train
000746.jpg,710,80,117,162,0,train
000747.jpg,106,45,122,169,0,train
000748.jpg,231,7,260,360,0,train
000749.jpg,280,47,88,122,0,train
000750.jpg,18,21,47,65,0,train
000751.jpg,283,102,153,212,0,train
000752.jpg,80,83,159,220,0,train
000753.jpg,165,40,187,259,0,train
000754.jpg,167,93,99,137,0,train
000755.jpg,205,59,239,331,0,train
000756.jpg,313,94,57,79,0,train
000757.jpg,190,50,168,248,0,train
000758.jpg,105,63,153,212,0,train
000759.jpg,154,52,153,212,0,train
000760.jpg,58,37,117,162,0,train
000761.jpg,106,89,205,284,0,train
000762.jpg,91,96,231,320,0,train
000763.jpg,90,93,179,248,0,train
000764.jpg,172,46,203,281,0,train
000765.jpg,283,83,140,194,0,train
000766.jpg,79,34,96,133,0,train
000767.jpg,104,84,200,277,0,train
000768.jpg,73,41,86,119,0,train
000769.jpg,179,142,190,263,0,train
000770.jpg,126,15,117,162,0,train
000771.jpg,621,169,601,832,0,train
000772.jpg,37,82,226,313,0,train
000773.jpg,291,130,421,583,0,train
000774.jpg,237,86,192,266,0,train
000775.jpg,73,107,213,295,0,train
000776.jpg,283,84,452,596,0,train
000777.jpg,49,77,122,169,0,train
000778.jpg,213,94,86,119,0,train
000779.jpg,140,79,164,227,0,train
000780.jpg,106,151,283,392,0,train
000781.jpg,274,94,203,281,0,train
000782.jpg,134,9,200,277,0,train
000783.jpg,123,59,125,173,0,train
000784.jpg,155,42,107,148,0,train
000785.jpg,108,57,148,205,0,train
000786.jpg,104,37,99,137,0,train
000787.jpg,36,74,195,270,0,train
000788.jpg,41,79,120,166,0,train
000789.jpg,51,26,109,151,0,train
000790.jpg,43,103,234,324,0,train
000791.jpg,202,130,369,511,0,train
000792.jpg,71,24,96,133,0,train
000793.jpg,125,57,109,151,0,train
000794.jpg,389,263,208,288,0,train
000795.jpg,189,70,213,291,0,train
000796.jpg,134,83,213,295,0,train
000797.jpg,181,38,153,212,0,train
000798.jpg,102,124,205,284,0,train
000799.jpg,287,129,161,223,0,train
000800.jpg,98,96,198,274,0,train
000801.jpg,73,64,270,374,0,train
000802.jpg,585,144,195,270,0,train
000803.jpg,75,66,166,230,0,train
000804.jpg,65,42,88,122,0,train
000805.jpg,384,83,75,104,0,train
000806.jpg,35,14,112,155,0,train
000807.jpg,243,60,75,104,0,train
000808.jpg,109,49,213,285,0,train
000809.jpg,153,151,588,814,0,train
000810.jpg,122,77,99,137,0,train
000811.jpg,45,67,192,266,0,train
000812.jpg,24,1,278,385,0,train
000813.jpg,72,57,265,367,0,train
000814.jpg,493,1188,1188,1645,0,train
000815.jpg,72,48,143,198,0,train
000816.jpg,95,27,83,115,0,train
000817.jpg,68,43,159,220,0,train
000818.jpg,22,49,135,187,0,train
000819.jpg,120,72,122,169,0,train
000820.jpg,1,62,283,358,0,train
000821.jpg,217,99,185,256,0,train
000822.jpg,616,58,146,202,0,train
000823.jpg,113,50,159,220,0,train
000824.jpg,156,36,96,133,0,train
000825.jpg,137,137,265,367,0,train
000826.jpg,73,74,179,248,0,train
000827.jpg,29,9,52,72,0,train
000828.jpg,172,45,218,302,0,train
000829.jpg,304,145,247,342,0,train
000830.jpg,182,98,125,173,0,train
000831.jpg,155,115,166,230,0,train
000832.jpg,1,106,244,281,0,train
000833.jpg,42,82,179,248,0,train
000834.jpg,109,173,343,475,0,train
000835.jpg,71,104,273,378,0,train
000836.jpg,122,123,359,497,0,train
000837.jpg,78,59,86,119,0,train
000838.jpg,130,78,101,140,0,train
000839.jpg,257,51,133,184,0,train
000840.jpg,144,51,101,140,0,train
000841.jpg,237,104,172,238,0,train
000842.jpg,112,85,229,317,0,train
000843.jpg,189,16,78,108,0,train
000844.jpg,84,77,302,418,0,train
000845.jpg,57,35,146,202,0,train
000846.jpg,98,38,174,241,0,train
000847.jpg,101,49,247,342,0,train
000848.jpg,167,12,286,396,0,train
000849.jpg,333,364,562,778,0,train
000850.jpg,147,50,101,140,0,train
000851.jpg,42,83,255,353,0,train
000852.jpg,5,119,172,238,0,train
000853.jpg,158,8,330,457,0,train
000854.jpg,61,76,114,158,0,train
000855.jpg,116,32,198,274,0,train
000856.jpg,123,107,174,241,0,train
000857.jpg,81,88,255,353,0,train
000858.jpg,91,92,130,180,0,train
000859.jpg,135,22,153,212,0,train
000860.jpg,572,465,1001,1386,0,train
000861.jpg,45,53,172,238,0,train
000862.jpg,349,57,127,176,0,train
000863.jpg,100,42,57,79,0,train
000864.jpg,123,39,78,108,0,train
000865.jpg,489,234,858,1188,0,train
000866.jpg,138,74,107,148,0,train
000867.jpg,123,48,143,198,0,train
000868.jpg,188,127,255,353,0,train
000869.jpg,208,121,130,180,0,train
000870.jpg,178,45,143,198,0,train
000871.jpg,264,30,185,256,0,train
000872.jpg,84,95,247,342,0,train
000873.jpg,43,11,185,256,0,train
000874.jpg,169,116,107,148,0,train
000875.jpg,66,99,179,248,0,train
000876.jpg,136,103,177,245,0,train
000877.jpg,311,200,317,439,0,train
000878.jpg,115,33,70,97,0,train
000879.jpg,125,50,177,245,0,train
000880.jpg,102,65,130,180,0,train
000881.jpg,267,104,174,241,0,train
000882.jpg,211,48,109,151,0,train
000883.jpg,135,126,135,187,0,train
000884.jpg,74,70,190,263,0,train
000885.jpg,700,48,868,1202,0,train
000886.jpg,58,45,224,310,0,train
000887.jpg,34,9,55,76,0,train
000888.jpg,52,13,88,122,0,train
000889.jpg,55,55,104,144,0,train
000890.jpg,377,121,296,410,0,train
000891.jpg,37,47,153,212,0,train
000892.jpg,21,102,257,356,0,train
000893.jpg,155,125,166,230,0,train
000894.jpg,86,85,185,256,0,train
000895.jpg,90,167,148,205,0,train
000896.jpg,299,240,512,709,0,train
000897.jpg,27,72,229,317,0,train
000898.jpg,86,135,192,266,0,train
000899.jpg,124,84,237,328,0,train
000900.jpg,528,154,276,382,0,train
000901.jpg,115,124,333,461,0,train
000902.jpg,51,54,239,331,0,train
000903.jpg,113,105,312,432,0,train
000904.jpg,413,1,400,554,0,train
000905.jpg,131,11,284,400,0,train
000906.jpg,128,20,122,169,0,train
000907.jpg,68,71,289,400,0,train
000908.jpg,313,58,156,216,0,train
000909.jpg,115,159,205,284,0,train
000910.jpg,190,37,96,133,0,train
000911.jpg,93,80,177,245,0,train
000912.jpg,26,54,148,205,0,train
000913.jpg,407,81,224,310,0,train
000914.jpg,151,40,164,227,0,train
000915.jpg,69,30,88,122,0,train
000916.jpg,125,39,146,202,0,train
000917.jpg,294,41,208,288,0,train
000918.jpg,120,74,122,169,0,train
000919.jpg,111,109,169,234,0,train
000920.jpg,56,42,135,187,0,train
000921.jpg,106,61,120,166,0,train
000922.jpg,422,98,325,450,0,train
000923.jpg,132,72,133,184,0,train
000924.jpg,130,85,192,266,0,train
000925.jpg,80,41,91,126,0,train
000926.jpg,96,12,213,295,0,train
000927.jpg,160,79,182,252,0,train
000928.jpg,52,48,104,144,0,train
000929.jpg,121,99,187,259,0,train
000930.jpg,119,105,281,389,0,train
000931.jpg,1,37,182,252,0,train
000932.jpg,206,22,94,130,0,train
000933.jpg,44,1,289,400,0,train
000934.jpg,118,20,156,216,0,train
000935.jpg,62,73,94,130,0,train
000936.jpg,234,203,174,241,0,train
000937.jpg,83,56,99,137,0,train
000938.jpg,76,30,107,148,0,train
000939.jpg,106,36,148,205,0,train
000940.jpg,403,133,299,414,0,train
000941.jpg,97,44,148,205,0,train
000942.jpg,128,202,452,626,0,train
000943.jpg,145,32,81,112,0,train
000944.jpg,23,39,125,173,0,train
000945.jpg,344,61,146,202,0,train
000946.jpg,97,60,179,248,0,train
000947.jpg,148,51,126,180,0,train
000948.jpg,46,43,88,122,0,train
000949.jpg,896,389,437,605,0,train
000950.jpg,76,31,172,238,0,train
000951.jpg,83,37,224,310,0,train
000952.jpg,95,79,174,241,0,train
000953.jpg,18,161,263,336,0,train
000954.jpg,198,98,169,234,0,train
000955.jpg,53,49,104,144,0,train
000956.jpg,149,49,78,108,0,train
000957.jpg,222,64,130,180,0,train
000958.jpg,27,35,130,180,0,train
000959.jpg,48,60,151,209,0,train
000960.jpg,195,88,221,306,0,train
000961.jpg,380,116,146,202,0,train
000962.jpg,82,133,161,223,0,train
000963.jpg,135,113,140,194,0,train
000964.jpg,73,69,166,208,0,train
000965.jpg,76,39,65,90,0,train
000966.jpg,89,96,205,284,0,train
000967.jpg,59,39,109,151,0,train
000968.jpg,92,112,140,194,0,train
000969.jpg,130,84,380,526,0,train
000970.jpg,92,57,127,176,0,train
000971.jpg,88,87,195,270,0,train
000972.jpg,13,53,179,248,0,train
000973.jpg,62,74,114,158,0,train
000974.jpg,42,52,78,108,0,train
000975.jpg,99,47,138,191,0,train
000976.jpg,188,60,112,155,0,train
000977.jpg,22,53,174,239,0,train
000978.jpg,180,53,187,259,0,train
000979.jpg,74,38,103,162,0,train
000980.jpg,74,94,247,342,0,train
000981.jpg,22,106,122,169,0,train
000982.jpg,450,143,289,400,0,train
000983.jpg,48,43,122,169,0,train
000984.jpg,101,99,174,241,0,train
000985.jpg,124,65,83,115,0,train
000986.jpg,508,254,239,331,0,train
000987.jpg,33,55,257,356,0,train
000988.jpg,177,49,55,76,0,train
000989.jpg,60,49,291,403,0,train
000990.jpg,320,194,437,605,0,train
000991.jpg,208,122,299,414,0,train
000992.jpg,198,59,130,180,0,train
000993.jpg,66,64,133,184,0,train
000994.jpg,4,62,203,281,0,train
000995.jpg,128,30,109,151,0,train
000996.jpg,140,50,81,112,0,train
000997.jpg,124,63,101,140,0,train
000998.jpg,164,58,174,241,0,train
000999.jpg,265,65,148,205,0,train
001000.jpg,88,118,101,140,0,train
001001.jpg,94,51,70,97,0,train
001002.jpg,1,108,143,198,0,train
001003.jpg,194,85,91,126,0,train
001004.jpg,25,97,182,252,0,train
001005.jpg,579,5,377,522,0,train
001006.jpg,69,57,195,270,0,train
001007.jpg,72,45,91,126,0,train
001008.jpg,159,1,356,493,0,train
001009.jpg,178,119,229,317,0,train
001010.jpg,136,62,133,184,0,train
001011.jpg,489,417,855,1184,0,train
001012.jpg,605,128,153,212,0,train
001013.jpg,129,128,221,306,0,train
001014.jpg,59,48,75,104,0,train
001015.jpg,81,78,169,234,0,train
001016.jpg,282,71,133,184,0,train
001017.jpg,1,169,460,628,0,train
001018.jpg,96,79,218,302,0,train
001019.jpg,287,78,99,137,0,train
001020.jpg,90,106,291,403,0,train
001021.jpg,687,151,341,472,0,train
001022.jpg,106,8,317,389,0,train
001023.jpg,259,84,112,155,0,train
001024.jpg,81,44,174,241,0,train
001025.jpg,281,313,333,461,0,train
001026.jpg,220,188,91,126,0,train
001027.jpg,176,79,182,215,0,train
001028.jpg,375,155,213,295,0,train
001029.jpg,307,270,302,418,0,train
001030.jpg,48,53,88,122,0,train
001031.jpg,146,69,101,140,0,train
001032.jpg,172,30,143,198,0,train
001033.jpg,64,92,190,263,0,train
001034.jpg,85,159,216,299,0,train
001035.jpg,127,10,174,241,0,train
001036.jpg,97,111,333,461,0,train
001037.jpg,204,32,109,151,0,train
001038.jpg,114,76,216,299,0,train
001039.jpg,81,69,114,158,0,train
001040.jpg,152,14,88,122,0,train
001041.jpg,56,50,185,256,0,train
001042.jpg,116,50,107,148,0,train
001043.jpg,49,38,135,187,0,train
001044.jpg,86,47,130,162,0,train
001045.jpg,46,82,138,191,0,train
001046.jpg,172,59,135,187,0,train
001047.jpg,176,57,195,270,0,train
001048.jpg,71,101,172,238,0,train
001049.jpg,118,82,96,133,0,train
001050.jpg,290,162,400,554,0,train
001051.jpg,223,43,278,381,0,train
001052.jpg,144,98,198,274,0,train
001053.jpg,60,24,83,115,0,train
001054.jpg,112,156,450,551,0,train
001055.jpg,2,103,307,393,0,train
001056.jpg,103,1,283,392,0,train
001057.jpg,54,72,359,497,0,train
001058.jpg,65,34,148,205,0,train
001059.jpg,113,56,164,227,0,train
001060.jpg,187,37,247,323,0,train
001061.jpg,145,84,169,234,0,train
001062.jpg,129,55,125,173,0,train
001063.jpg,242,87,234,324,0,train
001064.jpg,580,87,354,490,0,train
001065.jpg,11,26,91,125,0,train
001066.jpg,106,153,216,299,0,train
001067.jpg,30,18,156,216,0,train
001068.jpg,87,81,208,288,0,train
001069.jpg,144,144,161,223,0,train
001070.jpg,250,43,172,238,0,train
001071.jpg,194,32,112,155,0,train
001072.jpg,77,62,224,310,0,train
001073.jpg,331,21,205,284,0,train
001074.jpg,34,97,268,371,0,train
001075.jpg,571,70,260,360,0,train
001076.jpg,140,105,172,238,0,train
001077.jpg,20,103,250,311,0,train
001078.jpg,73,86,177,245,0,train
001079.jpg,165,33,91,126,0,train
001080.jpg,64,88,182,252,0,train
001081.jpg,126,43,99,137,0,train
001082.jpg,219,7,179,248,0,train
001083.jpg,119,108,231,320,0,train
001084.jpg,168,85,161,223,0,train
001085.jpg,139,52,130,180,0,train
001086.jpg,1054,540,819,1134,0,train
001087.jpg,20,72,169,234,0,train
001088.jpg,201,89,49,68,0,train
001089.jpg,48,69,127,171,0,train
001090.jpg,218,42,86,119,0,train
001091.jpg,25,106,187,259,0,train
001092.jpg,367,64,320,443,0,train
001093.jpg,101,50,107,148,0,train
001094.jpg,64,51,247,342,0,train
001095.jpg,113,91,177,245,0,train
001096.jpg,53,108,198,274,0,train
001097.jpg,510,75,276,382,0,train
001098.jpg,24,228,309,428,0,train
001099.jpg,23,60,192,266,0,train
001100.jpg,3,55,224,310,0,train
001101.jpg,20,17,271,380,0,train
001102.jpg,144,90,146,202,0,train
001103.jpg,141,95,94,130,0,train
001104.jpg,198,53,172,238,0,train
001105.jpg,22,43,283,361,0,train
001106.jpg,101,60,156,216,0,train
001107.jpg,98,43,83,115,0,train
001108.jpg,112,80,200,277,0,train
001109.jpg,74,45,218,302,0,train
001110.jpg,27,39,117,162,0,train
001111.jpg,76,41,143,198,0,train
001112.jpg,50,47,73,101,0,train
001113.jpg,59,42,161,223,0,train
001114.jpg,54,234,159,220,0,train
001115.jpg,33,1,140,194,0,train
001116.jpg,361,87,294,407,0,train
001117.jpg,156,25,146,202,0,train
001118.jpg,119,94,289,377,0,train
001119.jpg,77,42,83,115,0,train
001120.jpg,1,21,125,173,0,train
001121.jpg,120,42,70,97,0,train
001122.jpg,28,40,112,155,0,train
001123.jpg,127,84,140,194,0,train
001124.jpg,227,57,198,274,0,train
001125.jpg,117,1,429,502,0,train
001126.jpg,15,57,278,334,0,train
001127.jpg,30,16,60,83,0,train
001128.jpg,118,106,153,212,0,train
001129.jpg,75,41,88,122,0,train
001130.jpg,244,81,216,299,0,train
001131.jpg,95,144,333,461,0,train
001132.jpg,68,64,143,198,0,train
001133.jpg,124,143,382,529,0,train
001134.jpg,94,243,369,511,0,train
001135.jpg,117,98,133,184,0,train
001136.jpg,94,42,133,184,0,train
001137.jpg,120,15,91,126,0,train
001138.jpg,109,121,278,385,0,train
001139.jpg,36,37,125,173,0,train
001140.jpg,123,49,177,266,0,train
001141.jpg,410,23,367,508,0,train
001142.jpg,109,103,187,259,0,train
001143.jpg,53,83,252,349,0,train
001144.jpg,300,188,534,857,0,train
001145.jpg,87,71,179,248,0,train
001146.jpg,157,46,143,198,0,train
001147.jpg,142,115,185,256,0,train
001148.jpg,744,575,1118,1342,0,train
001149.jpg,64,35,135,187,0,train
001150.jpg,59,55,117,162,0,train
001151.jpg,177,203,211,292,0,train
001152.jpg,88,86,187,259,0,train
001153.jpg,209,37,65,90,0,train
001154.jpg,62,104,226,313,0,train
001155.jpg,49,199,408,565,0,train
001156.jpg,42,45,159,220,0,train
001157.jpg,109,51,109,151,0,train
001158.jpg,27,56,86,119,0,train
001159.jpg,49,30,172,238,0,train
001160.jpg,67,48,200,277,0,train
001161.jpg,33,53,151,209,0,train
001162.jpg,150,60,130,180,0,train
001163.jpg,178,181,164,227,0,train
001164.jpg,56,42,114,158,0,train
001165.jpg,52,134,294,363,0,train
001166.jpg,80,40,203,281,0,train
001167.jpg,85,48,195,270,0,train
001168.jpg,119,76,166,230,0,train
001169.jpg,21,15,83,115,0,train
001170.jpg,89,79,135,187,0,train
001171.jpg,84,16,73,101,0,train
001172.jpg,46,45,47,65,0,train
001173.jpg,125,29,94,130,0,train
001174.jpg,195,145,216,299,0,train
001175.jpg,167,71,190,263,0,train
001176.jpg,564,274,296,410,0,train
001177.jpg,38,33,237,328,0,train
001178.jpg,103,71,177,245,0,train
001179.jpg,81,83,135,187,0,train
001180.jpg,1,103,244,338,0,train
001181.jpg,463,81,252,349,0,train
001182.jpg,149,79,281,389,0,train
001183.jpg,150,101,60,83,0,train
001184.jpg,192,193,99,137,0,train
001185.jpg,34,120,265,367,0,train
001186.jpg,119,76,172,238,0,train
001187.jpg,34,9,109,151,0,train
001188.jpg,157,204,320,393,0,train
001189.jpg,139,132,304,421,0,train
001190.jpg,14,1,75,104,0,train
001191.jpg,106,61,101,140,0,train
001192.jpg,1,38,81,112,0,train
001193.jpg,74,75,185,256,0,train
001194.jpg,107,87,174,241,0,train
001195.jpg,199,309,676,936,0,train
001196.jpg,82,88,146,202,0,train
001197.jpg,106,32,221,306,0,train
001198.jpg,62,45,99,137,0,train
001199.jpg,30,44,99,137,0,train
001200.jpg,186,88,169,234,0,train
001201.jpg,108,104,244,338,0,train
001202.jpg,124,129,153,212,0,train
001203.jpg,117,69,143,198,0,train
001204.jpg,264,42,211,292,0,train
001205.jpg,123,158,257,356,0,train
001206.jpg,362,153,286,396,0,train
001207.jpg,67,17,148,205,0,train
001208.jpg,97,35,187,259,0,train
001209.jpg,129,39,229,317,0,train
001210.jpg,355,477,1477,2045,0,train
001211.jpg,62,88,190,263,0,train
001212.jpg,95,112,127,176,0,train
001213.jpg,246,63,169,234,0,train
001214.jpg,99,147,213,295,0,train
001215.jpg,23,70,172,238,0,train
001216.jpg,16,52,159,220,0,train
001217.jpg,218,29,130,180,0,train
001218.jpg,103,22,73,101,0,train
001219.jpg,221,112,143,198,0,train
001220.jpg,74,71,213,295,0,train
001221.jpg,43,36,83,115,0,train
001222.jpg,40,44,65,90,0,train
001223.jpg,145,97,135,187,0,train
001224.jpg,459,244,117,162,0,train
001225.jpg,180,42,156,216,0,train
001226.jpg,29,49,164,227,0,train
001227.jpg,141,1,200,277,0,train
001228.jpg,127,62,143,198,0,train
001229.jpg,109,116,159,220,0,train
001230.jpg,82,81,182,252,0,train
001231.jpg,125,28,104,144,0,train
001232.jpg,112,66,125,173,0,train
001233.jpg,38,44,130,180,0,train
001234.jpg,117,120,273,378,0,train
001235.jpg,111,118,169,234,0,train
001236.jpg,109,115,234,324,0,train
001237.jpg,102,92,161,223,0,train
001238.jpg,116,51,109,151,0,train
001239.jpg,59,75,187,259,0,train
001240.jpg,204,84,81,112,0,train
001241.jpg,56,114,257,356,0,train
001242.jpg,567,300,702,972,0,train
001243.jpg,139,90,133,184,0,train
001244.jpg,88,38,143,198,0,train
001245.jpg,149,77,161,223,0,train
001246.jpg,44,63,112,155,0,train
001247.jpg,63,106,244,338,0,train
001248.jpg,209,78,192,266,0,train
001249.jpg,72,76,187,259,0,train
001250.jpg,116,55,179,248,0,train
001251.jpg,481,138,252,349,0,train
001252.jpg,25,84,185,241,0,train
001253.jpg,86,103,172,238,0,train
001254.jpg,193,45,68,94,0,train
001255.jpg,47,72,140,194,0,train
001256.jpg,143,106,237,328,0,train
001257.jpg,91,64,130,180,0,train
001258.jpg,111,91,146,202,0,train
001259.jpg,71,34,57,79,0,train
001260.jpg,73,110,231,320,0,train
001261.jpg,101,27,107,148,0,train
001262.jpg,515,1,330,457,0,train
001263.jpg,89,27,81,112,0,train
001264.jpg,60,28,91,126,0,train
001265.jpg,158,76,125,173,0,train
001266.jpg,83,24,57,79,0,train
001267.jpg,58,304,845,1161,0,train
001268.jpg,178,22,112,155,0,train
001269.jpg,290,19,247,342,0,train
001270.jpg,266,136,239,330,0,train
001271.jpg,92,38,101,140,0,train
001272.jpg,77,80,78,108,0,train
001273.jpg,271,59,156,216,0,train
001274.jpg,122,53,185,256,0,train
001275.jpg,389,56,166,230,0,train
001276.jpg,106,1,146,202,0,train
001277.jpg,50,70,133,184,0,train
001278.jpg,96,100,151,209,0,train
001279.jpg,106,50,221,306,0,train
001280.jpg,125,159,88,122,0,train
001281.jpg,33,43,247,333,0,train
001282.jpg,21,45,120,166,0,train
001283.jpg,152,17,83,115,0,train
001284.jpg,512,514,907,1256,0,train
001285.jpg,187,37,221,306,0,train
001286.jpg,81,45,83,115,0,train
001287.jpg,196,30,125,173,0,train
001288.jpg,59,38,133,184,0,train
001289.jpg,93,79,198,274,0,train
001290.jpg,265,37,151,209,0,train
001291.jpg,60,117,265,367,0,train
001292.jpg,227,34,114,158,0,train
001293.jpg,166,75,86,119,0,train
001294.jpg,430,101,218,302,0,train
001295.jpg,109,34,109,151,0,train
001296.jpg,69,110,146,202,0,train
001297.jpg,108,51,114,158,0,train
001298.jpg,260,214,309,428,0,train
001299.jpg,337,173,450,623,0,train
001300.jpg,120,118,218,302,0,train
001301.jpg,109,85,148,205,0,train
001302.jpg,74,37,86,119,0,train
001303.jpg,171,102,146,202,0,train
001304.jpg,88,28,83,115,0,train
001305.jpg,124,139,177,245,0,train
001306.jpg,56,4,99,137,0,train
001307.jpg,7,68,146,202,0,train
001308.jpg,167,44,187,259,0,train
001309.jpg,70,26,96,133,0,train
001310.jpg,51,31,117,162,0,train
001311.jpg,120,107,174,241,0,train
001312.jpg,101,154,229,317,0,train
001313.jpg,16,69,198,274,0,train
001314.jpg,68,73,140,194,0,train
001315.jpg,81,96,156,216,0,train
001316.jpg,447,415,723,1001,0,train
001317.jpg,245,73,286,396,0,train
001318.jpg,89,83,234,324,0,train
001319.jpg,186,66,213,295,0,train
001320.jpg,17,24,195,270,0,train
001321.jpg,84,99,148,205,0,train
001322.jpg,9,10,89,123,0,train
001323.jpg,74,33,112,155,0,train
001324.jpg,31,8,216,299,0,train
001325.jpg,122,62,174,241,0,train
001326.jpg,370,73,156,216,0,train
001327.jpg,86,104,198,274,0,train
001328.jpg,84,29,86,119,0,train
001329.jpg,24,127,146,202,0,train
001330.jpg,436,154,572,792,0,train
001331.jpg,88,83,138,191,0,train
001332.jpg,557,159,380,526,0,train
001333.jpg,260,83,252,349,0,train
001334.jpg,71,88,122,169,0,train
001335.jpg,49,34,91,126,0,train
001336.jpg,73,355,593,821,0,train
001337.jpg,64,99,294,398,0,train
001338.jpg,168,77,200,277,0,train
001339.jpg,86,93,213,295,0,train
001340.jpg,6,57,109,151,0,train
001341.jpg,123,25,107,148,0,train
001342.jpg,35,87,341,472,0,train
001343.jpg,47,88,257,356,0,train
001344.jpg,20,34,239,331,0,train
001345.jpg,49,110,192,266,0,train
001346.jpg,528,206,270,374,0,train
001347.jpg,80,136,174,241,0,train
001348.jpg,170,79,169,234,0,train
001349.jpg,272,1,1518,2102,0,train
001350.jpg,64,130,380,526,0,train
001351.jpg,113,59,153,212,0,train
001352.jpg,76,125,221,306,0,train
001353.jpg,249,78,172,238,0,train
001354.jpg,342,88,276,382,0,train
001355.jpg,95,43,192,266,0,train
001356.jpg,15,67,333,430,0,train
001357.jpg,26,29,107,148,0,train
001358.jpg,107,71,146,202,0,train
001359.jpg,154,47,120,166,0,train
001360.jpg,102,77,174,241,0,train
001361.jpg,77,86,138,191,0,train
001362.jpg,153,48,138,191,0,train
001363.jpg,94,27,151,209,0,train
001364.jpg,160,42,120,166,0,train
001365.jpg,306,107,320,443,0,train
001366.jpg,52,32,148,205,0,train
001367.jpg,51,125,268,371,0,train
001368.jpg,101,49,112,155,0,train
001369.jpg,228,84,125,173,0,train
001370.jpg,74,59,190,263,0,train
001371.jpg,25,31,190,263,0,train
001372.jpg,198,41,120,166,0,train
001373.jpg,98,84,138,191,0,train
001374.jpg,108,70,130,180,0,train
001375.jpg,102,69,151,209,0,train
001376.jpg,191,59,117,162,0,train
001377.jpg,42,50,203,281,0,train
001378.jpg,260,59,192,266,0,train
001379.jpg,199,1,660,764,0,train
001380.jpg,529,92,231,320,0,train
001381.jpg,70,59,226,313,0,train
001382.jpg,544,194,528,731,0,train
001383.jpg,90,50,252,349,0,train
001384.jpg,286,56,114,158,0,train
001385.jpg,1,143,346,479,0,train
001386.jpg,81,54,104,144,0,train
001387.jpg,434,551,660,914,0,train
001388.jpg,157,160,263,364,0,train
001389.jpg,193,54,94,130,0,train
001390.jpg,24,25,62,86,0,train
001391.jpg,45,55,159,220,0,train
001392.jpg,127,67,78,108,0,train
001393.jpg,62,14,91,126,0,train
001394.jpg,392,285,382,529,0,train
001395.jpg,762,399,585,810,0,train
001396.jpg,101,84,187,259,0,train
001397.jpg,164,73,159,220,0,train
001398.jpg,103,39,138,191,0,train
001399.jpg,90,91,151,209,0,train
001400.jpg,87,19,153,212,0,train
001401.jpg,239,55,117,162,0,train
001402.jpg,101,87,221,306,0,train
001403.jpg,324,68,133,184,0,train
001404.jpg,452,103,133,184,0,train
001405.jpg,193,80,140,194,0,train
001406.jpg,463,149,234,324,0,train
001407.jpg,132,63,179,248,0,train
001408.jpg,189,50,156,216,0,train
001409.jpg,268,295,369,511,0,train
001410.jpg,28,213,413,572,0,train
001411.jpg,203,144,320,443,0,train
001412.jpg,48,118,177,245,0,train
001413.jpg,220,83,216,299,0,train
001414.jpg,63,94,190,263,0,train
001415.jpg,201,55,172,238,0,train
001416.jpg,106,109,179,248,0,train
001417.jpg,131,76,182,252,0,train
001418.jpg,109,16,330,371,0,train
001419.jpg,160,83,156,216,0,train
001420.jpg,215,158,320,443,0,train
001421.jpg,108,16,75,104,0,train
001422.jpg,101,100,208,288,0,train
001423.jpg,51,63,133,184,0,train
001424.jpg,71,28,135,187,0,train
001425.jpg,118,88,156,216,0,train
001426.jpg,187,44,62,86,0,train
001427.jpg,91,91,179,248,0,train
001428.jpg,598,34,338,468,0,train
001429.jpg,62,132,190,263,0,train
001430.jpg,299,72,78,108,0,train
001431.jpg,100,48,406,562,0,train
001432.jpg,99,64,96,133,0,train
001433.jpg,128,26,101,140,0,train
001434.jpg,295,152,325,450,0,train
001435.jpg,94,85,294,407,0,train
001436.jpg,61,80,213,295,0,train
001437.jpg,109,53,231,320,0,train
001438.jpg,151,43,200,277,0,train
001439.jpg,42,38,87,122,0,train
001440.jpg,149,39,127,176,0,train
001441.jpg,1,53,198,274,0,train
001442.jpg,346,209,499,691,0,train
001443.jpg,146,61,218,302,0,train
001444.jpg,89,64,179,248,0,train
001445.jpg,79,121,177,245,0,train
001446.jpg,61,68,265,329,0,train
001447.jpg,132,25,213,295,0,train
001448.jpg,45,111,291,386,0,train
001449.jpg,484,202,281,389,0,train
001450.jpg,66,47,153,212,0,train
001451.jpg,92,96,302,418,0,train
001452.jpg,62,40,143,198,0,train
001453.jpg,100,118,159,220,0,train
001454.jpg,102,75,156,216,0,train
001455.jpg,111,107,133,184,0,train
001456.jpg,80,91,286,396,0,train
001457.jpg,97,192,434,601,0,train
001458.jpg,247,63,94,130,0,train
001459.jpg,507,100,224,310,0,train
001460.jpg,120,72,130,180,0,train
001461.jpg,19,43,88,122,0,train
001462.jpg,106,94,135,187,0,train
001463.jpg,38,86,265,322,0,train
001464.jpg,137,66,99,137,0,train
001465.jpg,106,51,55,76,0,train
001466.jpg,163,154,122,169,0,train
001467.jpg,34,96,221,306,0,train
001468.jpg,16,15,148,205,0,train
001469.jpg,54,24,96,133,0,train
001470.jpg,75,34,96,133,0,train
001471.jpg,116,28,109,151,0,train
001472.jpg,173,117,250,346,0,train
001473.jpg,173,14,112,155,0,train
001474.jpg,37,43,99,137,0,train
001475.jpg,193,54,237,328,0,train
001476.jpg,63,63,127,176,0,train
001477.jpg,44,113,213,295,0,train
001478.jpg,1007,453,452,626,0,train
001479.jpg,50,64,148,205,0,train
001480.jpg,37,78,83,115,0,train
001481.jpg,46,92,190,263,0,train
001482.jpg,142,191,81,112,0,train
001483.jpg,24,50,125,173,0,train
001484.jpg,143,53,247,342,0,train
001485.jpg,117,88,172,238,0,train
001486.jpg,780,76,333,461,0,train
001487.jpg,160,134,520,720,0,train
001488.jpg,354,44,263,364,0,train
001489.jpg,93,74,140,194,0,train
001490.jpg,126,68,169,234,0,train
001491.jpg,86,151,221,306,0,train
001492.jpg,180,122,130,180,0,train
001493.jpg,232,102,156,216,0,train
001494.jpg,340,144,242,335,0,train
001495.jpg,220,77,263,364,0,train
001496.jpg,47,56,174,241,0,train
001497.jpg,147,25,169,234,0,train
001498.jpg,30,43,86,119,0,train
001499.jpg,120,61,86,119,0,train
001500.jpg,475,147,203,281,0,train
001501.jpg,63,53,198,274,0,train
001502.jpg,566,125,348,482,0,train
001503.jpg,310,160,338,468,0,train
001504.jpg,69,47,130,180,0,train
001505.jpg,175,68,112,155,0,train
001506.jpg,262,54,114,158,0,train
001507.jpg,331,115,205,284,0,train
001508.jpg,70,63,172,238,0,train
001509.jpg,116,57,99,137,0,train
001510.jpg,180,89,151,209,0,train
001511.jpg,89,84,172,238,0,train
001512.jpg,176,44,109,151,0,train
001513.jpg,60,66,244,338,0,train
001514.jpg,79,58,91,126,0,train
001515.jpg,13,23,120,166,0,train
001516.jpg,221,102,161,223,0,train
001517.jpg,276,43,138,191,0,train
001518.jpg,85,103,174,241,0,train
001519.jpg,46,84,182,252,0,train
001520.jpg,93,29,47,65,0,train
001521.jpg,86,107,130,180,0,train
001522.jpg,366,260,138,191,0,train
001523.jpg,60,79,109,151,0,train
001524.jpg,113,98,221,306,0,train
001525.jpg,160,76,169,234,0,train
001526.jpg,152,68,224,310,0,train
001527.jpg,293,103,208,288,0,train
001528.jpg,163,43,49,68,0,train
001529.jpg,174,61,120,166,0,train
001530.jpg,61,73,198,274,0,train
001531.jpg,30,28,107,148,0,train
001532.jpg,110,60,122,169,0,train
001533.jpg,215,49,153,212,0,train
001534.jpg,3,39,117,146,0,train
001535.jpg,61,48,112,155,0,train
001536.jpg,113,53,164,227,0,train
001537.jpg,95,43,117,162,0,train
001538.jpg,62,90,224,310,0,train
001539.jpg,5,45,122,169,0,train
001540.jpg,57,45,130,180,0,train
001541.jpg,94,21,164,227,0,train
001542.jpg,506,334,900,1246,0,train
001543.jpg,178,78,307,425,0,train
001544.jpg,62,27,62,86,0,train
001545.jpg,92,157,515,713,0,train
001546.jpg,59,51,211,292,0,train
001547.jpg,69,38,179,248,0,train
001548.jpg,1,43,81,112,0,train
001549.jpg,75,51,234,324,0,train
001550.jpg,72,146,239,331,0,train
001551.jpg,259,178,374,518,0,train
001552.jpg,102,91,169,234,0,train
001553.jpg,258,129,174,241,0,train
001554.jpg,144,70,133,184,0,train
001555.jpg,64,64,125,173,0,train
001556.jpg,75,62,211,292,0,train
001557.jpg,58,24,125,173,0,train
001558.jpg,536,138,315,436,0,train
001559.jpg,87,51,83,115,0,train
001560.jpg,529,189,354,490,0,train
001561.jpg,48,85,101,140,0,train
001562.jpg,54,48,112,155,0,train
001563.jpg,80,88,211,292,0,train
001564.jpg,177,34,99,137,0,train
001565.jpg,141,55,107,148,0,train
001566.jpg,40,81,57,79,0,train
001567.jpg,112,19,143,198,0,train
001568.jpg,417,430,783,1084,0,train
001569.jpg,243,53,224,310,0,train
001570.jpg,141,83,159,220,0,train
001571.jpg,85,43,91,126,0,train
001572.jpg,114,52,156,216,0,train
001573.jpg,25,28,62,86,0,train
001574.jpg,191,135,341,472,0,train
001575.jpg,110,47,138,191,0,train
001576.jpg,210,94,156,216,0,train
001577.jpg,48,62,229,317,0,train
001578.jpg,128,89,112,155,0,train
001579.jpg,123,62,198,274,0,train
001580.jpg,136,76,161,223,0,train
001581.jpg,33,77,190,263,0,train
001582.jpg,47,67,273,378,0,train
001583.jpg,87,49,91,126,0,train
001584.jpg,267,58,333,461,0,train
001585.jpg,120,40,283,392,0,train
001586.jpg,11,21,109,151,0,train
001587.jpg,75,57,229,317,0,train
001588.jpg,33,120,177,245,0,train
001589.jpg,80,60,125,173,0,train
001590.jpg,292,1,666,922,0,train
001591.jpg,1,59,172,238,0,train
001592.jpg,205,67,234,324,0,train
001593.jpg,381,359,413,572,0,train
001594.jpg,230,71,164,227,0,train
001595.jpg,483,131,146,202,0,train
001596.jpg,11,39,192,266,0,train
001597.jpg,157,77,291,403,0,train
001598.jpg,141,73,182,252,0,train
001599.jpg,74,47,172,238,0,train
001600.jpg,193,119,218,302,0,train
001601.jpg,51,38,107,148,0,train
001602.jpg,175,99,265,367,0,train
001603.jpg,173,52,117,162,0,train
001604.jpg,147,140,330,457,0,train
001605.jpg,59,59,250,346,0,train
001606.jpg,125,36,107,148,0,train
001607.jpg,67,85,140,194,0,train
001608.jpg,62,58,317,439,0,train
001609.jpg,609,156,263,364,0,train
001610.jpg,113,80,255,353,0,train
001611.jpg,290,52,205,284,0,train
001612.jpg,165,69,231,320,0,train
001613.jpg,211,55,127,176,0,train
001614.jpg,96,32,104,144,0,train
001615.jpg,59,41,127,176,0,train
001616.jpg,65,59,205,284,0,train
001617.jpg,68,94,153,212,0,train
001618.jpg,119,5,226,253,0,train
001619.jpg,115,79,205,284,0,train
001620.jpg,131,59,266,392,0,train
001621.jpg,105,90,140,194,0,train
001622.jpg,194,21,91,126,0,train
001623.jpg,116,77,322,446,0,train
001624.jpg,157,169,166,230,0,train
001625.jpg,108,85,125,173,0,train
001626.jpg,76,96,109,151,0,train
001627.jpg,47,91,185,256,0,train
001628.jpg,114,48,94,130,0,train
001629.jpg,74,42,151,209,0,train
001630.jpg,137,25,229,314,0,train
001631.jpg,455,238,445,616,0,train
001632.jpg,246,41,101,140,0,train
001633.jpg,59,26,62,86,0,train
001634.jpg,77,100,179,248,0,train
001635.jpg,68,63,151,209,0,train
001636.jpg,103,93,138,191,0,train
001637.jpg,494,95,380,526,0,train
001638.jpg,128,33,99,137,0,train
001639.jpg,65,87,127,176,0,train
001640.jpg,114,95,226,313,0,train
001641.jpg,262,93,117,162,0,train
001642.jpg,303,189,122,169,0,train
001643.jpg,353,725,21,29,0,train
001644.jpg,153,262,250,346,0,train
001645.jpg,82,112,239,331,0,train
001646.jpg,110,52,120,166,0,train
001647.jpg,49,68,185,256,0,train
001648.jpg,74,63,169,234,0,train
001649.jpg,93,59,81,112,0,train
001650.jpg,230,200,198,274,0,train
001651.jpg,55,33,122,169,0,train
001652.jpg,184,40,130,180,0,train
001653.jpg,65,103,133,184,0,train
001654.jpg,123,46,88,122,0,train
001655.jpg,63,63,192,266,0,train
001656.jpg,23,21,75,104,0,train
001657.jpg,4,30,427,571,0,train
001658.jpg,371,633,1030,1426,0,train
001659.jpg,70,110,211,276,0,train
001660.jpg,64,103,205,284,0,train
001661.jpg,245,7,140,194,0,train
001662.jpg,104,38,91,126,0,train
001663.jpg,211,315,627,868,0,train
001664.jpg,676,228,567,785,0,train
001665.jpg,165,59,138,191,0,train
001666.jpg,93,98,161,223,0,train
001667.jpg,163,53,151,209,0,train
001668.jpg,374,291,512,709,0,train
001669.jpg,209,53,107,148,0,train
001670.jpg,274,19,96,133,0,train
001671.jpg,112,47,224,310,0,train
001672.jpg,140,89,140,194,0,train
001673.jpg,355,206,569,788,0,train
001674.jpg,94,101,140,194,0,train
001675.jpg,109,83,143,198,0,train
001676.jpg,131,34,148,205,0,train
001677.jpg,70,40,320,443,0,train
001678.jpg,3,21,120,166,0,train
001679.jpg,139,39,130,180,0,train
001680.jpg,119,120,192,266,0,train
001681.jpg,202,196,351,486,0,train
001682.jpg,246,44,143,198,0,train
001683.jpg,73,105,164,227,0,train
001684.jpg,94,74,177,245,0,train
001685.jpg,286,24,187,259,0,train
001686.jpg,38,36,99,137,0,train
001687.jpg,111,100,211,274,0,train
001688.jpg,111,24,206,328,0,train
001689.jpg,119,33,117,169,0,train
001690.jpg,6,33,143,198,0,train
001691.jpg,177,43,99,137,0,train
001692.jpg,126,10,104,144,0,train
001693.jpg,106,104,296,410,0,train
001694.jpg,48,74,159,220,0,train
001695.jpg,88,105,159,220,0,train
001696.jpg,196,60,161,223,0,train
001697.jpg,117,106,195,270,0,train
001698.jpg,24,92,229,317,0,train
001699.jpg,211,109,146,202,0,train
001700.jpg,42,53,55,76,0,train
001701.jpg,71,90,203,281,0,train
001702.jpg,152,47,91,126,0,train
001703.jpg,48,22,304,377,0,train
001704.jpg,220,38,127,176,0,train
001705.jpg,317,54,169,234,0,train
001706.jpg,206,45,122,169,0,train
001707.jpg,241,138,192,266,0,train
001708.jpg,101,68,107,148,0,train
001709.jpg,154,97,177,245,0,train
001710.jpg,34,65,229,317,0,train
001711.jpg,91,67,133,194,0,train
001712.jpg,620,100,325,450,0,train
001713.jpg,80,21,86,119,0,train
001714.jpg,880,234,489,677,0,train
001715.jpg,50,95,177,245,0,train
001716.jpg,53,44,255,353,0,train
001717.jpg,77,48,135,187,0,train
001718.jpg,140,48,179,248,0,train
001719.jpg,136,38,114,158,0,train
001720.jpg,148,49,278,368,0,train
001721.jpg,48,49,213,280,0,train
001722.jpg,95,78,182,252,0,train
001723.jpg,193,79,133,184,0,train
001724.jpg,66,124,187,259,0,train
001725.jpg,337,160,159,220,0,train
001726.jpg,30,76,190,263,0,train
001727.jpg,43,57,86,119,0,train
001728.jpg,141,7,166,230,0,train
001729.jpg,49,39,101,140,0,train
001730.jpg,111,148,185,256,0,train
001731.jpg,160,22,70,97,0,train
001732.jpg,61,69,213,295,0,train
001733.jpg,125,85,127,176,0,train
001734.jpg,680,490,240,260,0,train
001735.jpg,163,65,185,256,0,train
001736.jpg,234,76,169,234,0,train
001737.jpg,276,48,109,151,0,train
001738.jpg,185,171,335,464,0,train
001739.jpg,167,69,117,162,0,train
001740.jpg,261,25,187,259,0,train
001741.jpg,74,2,205,284,0,train
001742.jpg,78,75,169,234,0,train
001743.jpg,895,685,728,1008,0,train
001744.jpg,446,37,291,403,0,train
001745.jpg,55,17,47,65,0,train
001746.jpg,195,51,179,248,0,train
001747.jpg,146,46,125,173,0,train
001748.jpg,399,370,468,648,0,train
001749.jpg,146,65,88,122,0,train
001750.jpg,106,118,213,295,0,train
001751.jpg,75,28,49,68,0,train
001752.jpg,663,107,351,486,0,train
001753.jpg,67,25,109,151,0,train
001754.jpg,112,53,224,310,0,train
001755.jpg,179,29,211,292,0,train
001756.jpg,54,39,234,309,0,train
001757.jpg,146,66,153,207,0,train
001758.jpg,53,81,229,317,0,train
001759.jpg,91,42,86,119,0,train
001760.jpg,169,151,234,324,0,train
001761.jpg,28,88,143,198,0,train
001762.jpg,172,55,143,198,0,train
001763.jpg,378,57,164,227,0,train
001764.jpg,225,51,94,130,0,train
001765.jpg,258,38,62,86,0,train
001766.jpg,124,27,91,126,0,train
001767.jpg,714,738,603,835,0,train
001768.jpg,118,83,190,263,0,train
001769.jpg,114,55,151,209,0,train
001770.jpg,8,110,312,432,0,train
001771.jpg,106,64,125,173,0,train
001772.jpg,136,65,148,205,0,train
001773.jpg,21,52,112,155,0,train
001774.jpg,168,22,120,166,0,train
001775.jpg,70,51,208,288,0,train
001776.jpg,54,64,177,245,0,train
001777.jpg,222,150,187,259,0,train
001778.jpg,470,165,302,418,0,train
001779.jpg,702,262,252,349,0,train
001780.jpg,114,127,198,274,0,train
001781.jpg,85,114,177,245,0,train
001782.jpg,126,90,156,207,0,train
001783.jpg,73,110,195,270,0,train
001784.jpg,87,151,143,198,0,train
001785.jpg,192,70,242,335,0,train
001786.jpg,29,69,112,155,0,train
001787.jpg,75,29,112,155,0,train
001788.jpg,60,13,274,414,0,train
001789.jpg,113,86,88,122,0,train
001790.jpg,98,113,198,274,0,train
001791.jpg,81,35,86,119,0,train
001792.jpg,17,56,416,576,0,train
001793.jpg,245,72,101,140,0,train
001794.jpg,224,51,96,133,0,train
001795.jpg,100,72,192,266,0,train
001796.jpg,204,101,107,148,0,train
001797.jpg,72,57,195,270,0,train
001798.jpg,261,41,166,230,0,train
001799.jpg,56,32,55,76,0,train
001800.jpg,73,71,153,212,0,train
001801.jpg,46,40,133,184,0,train
001802.jpg,6,110,231,320,0,train
001803.jpg,140,45,117,162,0,train
001804.jpg,168,158,315,436,0,train
001805.jpg,33,1,60,83,0,train
001806.jpg,186,41,101,140,0,train
001807.jpg,86,37,73,101,0,train
001808.jpg,197,95,117,162,0,train
001809.jpg,58,47,70,97,0,train
001810.jpg,97,67,229,317,0,train
001811.jpg,339,111,356,493,0,train
001812.jpg,178,73,171,259,0,train
001813.jpg,31,51,216,299,0,train
001814.jpg,68,24,72,104,0,train
001815.jpg,119,61,99,137,0,train
001816.jpg,191,25,86,119,0,train
001817.jpg,157,89,122,169,0,train
001818.jpg,184,313,452,626,0,train
001819.jpg,86,72,151,209,0,train
001820.jpg,90,70,107,148,0,train
001821.jpg,192,15,268,371,0,train
001822.jpg,166,81,224,310,0,train
001823.jpg,1,33,179,248,0,train
001824.jpg,28,41,73,101,0,train
001825.jpg,61,84,143,198,0,train
001826.jpg,80,72,159,220,0,train
001827.jpg,134,90,94,130,0,train
001828.jpg,137,80,146,202,0,train
001829.jpg,180,57,224,310,0,train
001830.jpg,116,144,299,414,0,train
001831.jpg,39,54,242,335,0,train
001832.jpg,304,33,268,371,0,train
001833.jpg,46,38,153,212,0,train
001834.jpg,165,188,255,353,0,train
001835.jpg,31,49,273,329,0,train
001836.jpg,96,82,117,162,0,train
001837.jpg,62,14,159,220,0,train
001838.jpg,73,57,169,234,0,train
001839.jpg,227,550,967,1339,0,train
001840.jpg,64,107,88,122,0,train
001841.jpg,138,32,81,112,0,train
001842.jpg,209,96,177,245,0,train
001843.jpg,99,60,218,302,0,train
001844.jpg,113,247,640,886,0,train
001845.jpg,201,49,86,119,0,train
001846.jpg,148,62,117,162,0,train
001847.jpg,73,88,208,288,0,train
001848.jpg,56,208,367,508,0,train
001849.jpg,1118,85,346,479,0,train
001850.jpg,163,127,252,349,0,train
001851.jpg,510,113,156,216,0,train
001852.jpg,14,39,122,158,0,train
001853.jpg,124,96,200,277,0,train
001854.jpg,37,109,195,270,0,train
001855.jpg,182,44,94,130,0,train
001856.jpg,257,204,372,515,0,train
001857.jpg,36,39,101,140,0,train
001858.jpg,37,61,177,245,0,train
001859.jpg,158,121,140,194,0,train
001860.jpg,113,80,148,205,0,train
001861.jpg,153,61,96,133,0,train
001862.jpg,140,22,94,130,0,train
001863.jpg,177,39,120,166,0,train
001864.jpg,121,42,179,248,0,train
001865.jpg,405,162,510,706,0,train
001866.jpg,294,144,185,256,0,train
001867.jpg,71,99,187,259,0,train
001868.jpg,47,9,151,209,0,train
001869.jpg,81,122,143,198,0,train
001870.jpg,146,59,120,166,0,train
001871.jpg,238,83,138,191,0,train
001872.jpg,95,82,125,173,0,train
001873.jpg,6,26,164,227,0,train
001874.jpg,103,98,151,209,0,train
001875.jpg,340,76,130,180,0,train
001876.jpg,110,34,112,155,0,train
001877.jpg,119,41,143,198,0,train
001878.jpg,63,26,76,126,0,train
001879.jpg,18,21,44,61,0,train
001880.jpg,87,137,99,137,0,train
001881.jpg,303,232,429,594,0,train
001882.jpg,38,32,88,122,0,train
001883.jpg,76,78,224,310,0,train
001884.jpg,84,15,73,101,0,train
001885.jpg,71,72,120,166,0,train
001886.jpg,78,68,140,194,0,train
001887.jpg,124,74,200,277,0,train
001888.jpg,98,37,200,277,0,train
001889.jpg,17,38,75,104,0,train
001890.jpg,427,39,68,94,0,train
001891.jpg,216,1,889,1231,0,train
001892.jpg,207,75,60,83,0,train
001893.jpg,71,57,96,133,0,train
001894.jpg,184,106,120,166,0,train
001895.jpg,155,125,99,137,0,train
001896.jpg,61,70,99,137,0,train
001897.jpg,75,97,185,256,0,train
001898.jpg,49,64,122,169,0,train
001899.jpg,220,66,143,198,0,train
001900.jpg,269,52,224,310,0,train
001901.jpg,144,66,81,112,0,train
001902.jpg,63,62,187,259,0,train
001903.jpg,114,68,177,245,0,train
001904.jpg,132,105,164,227,0,train
001905.jpg,1,108,455,603,0,train
001906.jpg,244,181,385,533,0,train
001907.jpg,47,101,190,263,0,train
001908.jpg,152,100,117,162,0,train
001909.jpg,139,85,153,212,0,train
001910.jpg,137,63,107,148,0,train
001911.jpg,103,34,205,284,0,train
001912.jpg,26,18,60,83,0,train
001913.jpg,93,58,169,230,0,train
001914.jpg,73,78,146,202,0,train
001915.jpg,348,331,551,763,0,train
001916.jpg,202,18,133,184,0,train
001917.jpg,190,14,133,184,0,train
001918.jpg,78,35,96,133,0,train
001919.jpg,53,49,126,187,0,train
001920.jpg,168,52,125,173,0,train
001921.jpg,24,45,73,101,0,train
001922.jpg,156,14,127,176,0,train
001923.jpg,462,51,151,209,0,train
001924.jpg,223,35,182,252,0,train
001925.jpg,53,48,166,223,0,train
001926.jpg,40,42,109,151,0,train
001927.jpg,848,542,530,734,0,train
001928.jpg,167,46,120,166,0,train
001929.jpg,118,61,172,238,0,train
001930.jpg,32,31,62,86,0,train
001931.jpg,306,161,247,342,0,train
001932.jpg,1,71,112,155,0,train
001933.jpg,131,69,148,205,0,train
001934.jpg,100,42,104,144,0,train
001935.jpg,26,42,127,176,0,train
001936.jpg,57,18,65,90,0,train
001937.jpg,358,162,203,281,0,train
001938.jpg,207,31,81,112,0,train
001939.jpg,75,98,177,245,0,train
001940.jpg,141,29,107,148,0,train
001941.jpg,401,110,182,252,0,train
001942.jpg,91,75,143,198,0,train
001943.jpg,164,13,101,140,0,train
001944.jpg,205,153,187,259,0,train
001945.jpg,412,369,572,792,0,train
001946.jpg,176,39,42,58,0,train
001947.jpg,108,50,117,162,0,train
001948.jpg,61,78,234,324,0,train
001949.jpg,44,47,159,215,0,train
001950.jpg,119,124,172,238,0,train
001951.jpg,154,83,104,144,0,train
001952.jpg,114,110,91,126,0,train
001953.jpg,45,67,127,176,0,train
001954.jpg,212,97,200,277,0,train
001955.jpg,143,17,91,126,0,train
001956.jpg,136,29,88,122,0,train
001957.jpg,1327,1264,965,1336,0,train
001958.jpg,353,173,338,468,0,train
001959.jpg,143,51,112,155,0,train
001960.jpg,372,92,211,292,0,train
001961.jpg,89,116,153,212,0,train
001962.jpg,45,43,73,101,0,train
001963.jpg,99,63,143,198,0,train
001964.jpg,81,53,114,158,0,train
001965.jpg,33,83,96,133,0,train
001966.jpg,339,48,153,212,0,train
001967.jpg,137,43,117,162,0,train
001968.jpg,33,84,252,349,0,train
001969.jpg,416,93,242,335,0,train
001970.jpg,127,34,112,155,0,train
001971.jpg,153,48,172,238,0,train
001972.jpg,150,116,255,353,0,train
001973.jpg,28,80,296,410,0,train
001974.jpg,208,185,133,184,0,train
001975.jpg,69,45,135,187,0,train
001976.jpg,139,92,138,191,0,train
001977.jpg,155,57,101,140,0,train
001978.jpg,134,20,101,140,0,train
001979.jpg,95,59,198,274,0,train
001980.jpg,226,100,166,230,0,train
001981.jpg,175,66,133,184,0,train
001982.jpg,37,25,109,143,0,train
001983.jpg,101,69,192,266,0,train
001984.jpg,155,65,153,212,0,train
001985.jpg,84,83,187,259,0,train
001986.jpg,26,62,211,292,0,train
001987.jpg,106,72,177,245,0,train
001988.jpg,67,74,192,266,0,train
001989.jpg,567,396,827,1145,0,train
001990.jpg,127,60,133,184,0,train
001991.jpg,256,64,172,238,0,train
001992.jpg,248,54,211,292,0,train
001993.jpg,181,111,62,86,0,train
001994.jpg,161,83,104,144,0,train
001995.jpg,160,98,192,295,0,train
001996.jpg,71,77,205,284,0,train
001997.jpg,93,67,179,248,0,train
001998.jpg,193,62,138,191,0,train
001999.jpg,122,46,135,187,0,train
002000.jpg,82,44,107,148,0,train
002001.jpg,271,86,114,158,0,train
002002.jpg,223,518,679,940,0,train
002003.jpg,115,53,221,306,0,train
002004.jpg,401,73,117,162,0,train
002005.jpg,122,90,138,191,0,train
002006.jpg,182,233,380,526,0,train
002007.jpg,408,188,424,587,0,train
002008.jpg,128,95,120,166,0,train
002009.jpg,175,141,91,126,0,train
002010.jpg,73,49,218,302,0,train
002011.jpg,494,301,328,454,0,train
002012.jpg,112,38,179,248,0,train
002013.jpg,147,85,374,518,0,train
002014.jpg,81,46,170,259,0,train
002015.jpg,99,88,187,259,0,train
002016.jpg,66,160,281,389,0,train
002017.jpg,324,15,94,130,0,train
002018.jpg,150,163,361,500,0,train
002019.jpg,271,160,530,734,0,train
002020.jpg,150,92,239,331,0,train
002021.jpg,337,217,239,331,0,train
002022.jpg,107,122,234,324,0,train
002023.jpg,39,21,57,79,0,train
002024.jpg,306,202,273,378,0,train
002025.jpg,228,34,133,184,0,train
002026.jpg,103,63,143,198,0,train
002027.jpg,174,108,151,209,0,train
002028.jpg,159,65,205,284,0,train
002029.jpg,101,88,169,234,0,train
002030.jpg,37,42,179,248,0,train
002031.jpg,41,102,94,130,0,train
002032.jpg,86,23,177,245,0,train
002033.jpg,95,84,161,223,0,train
002034.jpg,244,45,73,101,0,train
002035.jpg,56,72,166,230,0,train
002036.jpg,109,43,55,76,0,train
002037.jpg,275,40,133,184,0,train
002038.jpg,94,95,117,162,0,train
002039.jpg,92,114,330,383,0,train
002040.jpg,83,93,122,169,0,train
002041.jpg,153,84,213,273,0,train
002042.jpg,90,59,143,198,0,train
002043.jpg,314,76,281,389,0,train
002044.jpg,46,24,75,104,0,train
002045.jpg,131,46,117,162,0,train
002046.jpg,619,90,328,454,0,train
002047.jpg,574,84,250,346,0,train
002048.jpg,97,80,393,544,0,train
002049.jpg,31,81,146,202,0,train
002050.jpg,37,44,135,187,0,train
002051.jpg,127,116,153,212,0,train
002052.jpg,82,82,159,220,0,train
002053.jpg,136,9,286,396,0,train
002054.jpg,18,49,107,148,0,train
002055.jpg,150,10,333,461,0,train
002056.jpg,253,21,364,504,0,train
002057.jpg,176,95,166,230,0,train
002058.jpg,266,110,151,209,0,train
002059.jpg,126,64,387,536,0,train
002060.jpg,204,38,83,115,0,train
002061.jpg,64,177,265,367,0,train
002062.jpg,93,60,159,220,0,train
002063.jpg,125,17,203,281,0,train
002064.jpg,232,153,307,425,0,train
002065.jpg,87,68,138,191,0,train
002066.jpg,253,142,294,407,0,train
002067.jpg,130,100,231,320,0,train
002068.jpg,28,66,62,86,0,train
002069.jpg,142,130,112,155,0,train
002070.jpg,140,44,174,241,0,train
002071.jpg,489,261,354,490,0,train
002072.jpg,21,108,208,282,0,train
002073.jpg,49,77,187,259,0,train
002074.jpg,154,63,276,382,0,train
002075.jpg,82,96,205,284,0,train
002076.jpg,73,84,195,270,0,train
002077.jpg,143,53,91,126,0,train
002078.jpg,16,36,140,194,0,train
002079.jpg,154,54,117,162,0,train
002080.jpg,367,231,421,583,0,train
002081.jpg,1056,163,657,914,0,train
002082.jpg,45,71,221,306,0,train
002083.jpg,97,213,335,464,0,train
002084.jpg,218,80,195,270,0,train
002085.jpg,114,174,203,281,0,train
002086.jpg,123,132,322,446,0,train
002087.jpg,89,26,75,104,0,train
002088.jpg,138,90,255,353,0,train
002089.jpg,169,39,164,227,0,train
002090.jpg,66,69,151,209,0,train
002091.jpg,28,82,187,259,0,train
002092.jpg,80,56,109,151,0,train
002093.jpg,234,108,330,457,0,train
002094.jpg,88,62,156,216,0,train
002095.jpg,12,41,138,185,0,train
002096.jpg,167,212,364,504,0,train
002097.jpg,69,54,101,140,0,train
002098.jpg,257,86,104,144,0,train
002099.jpg,37,59,78,108,0,train
002100.jpg,42,47,133,184,0,train
002101.jpg,107,75,304,421,0,train
002102.jpg,75,110,242,335,0,train
002103.jpg,98,44,135,187,0,train
002104.jpg,124,106,75,104,0,train
002105.jpg,61,49,112,148,0,train
002106.jpg,171,61,161,223,0,train
002107.jpg,33,75,290,410,0,train
002108.jpg,186,184,395,547,0,train
002109.jpg,65,88,192,266,0,train
002110.jpg,526,35,458,634,0,train
002111.jpg,11,49,192,252,0,train
002112.jpg,143,1,159,220,0,train
002113.jpg,63,13,153,209,0,train
002114.jpg,108,78,164,227,0,train
002115.jpg,72,78,109,151,0,train
002116.jpg,104,93,164,227,0,train
002117.jpg,143,63,96,133,0,train
002118.jpg,72,17,83,115,0,train
002119.jpg,78,66,177,245,0,train
002120.jpg,85,77,161,223,0,train
002121.jpg,90,54,169,212,0,train
002122.jpg,1,46,130,180,0,train
002123.jpg,99,132,257,356,0,train
002124.jpg,130,50,109,151,0,train
002125.jpg,73,47,179,248,0,train
002126.jpg,94,36,133,184,0,train
002127.jpg,65,101,192,266,0,train
002128.jpg,81,114,273,378,0,train
002129.jpg,169,54,94,130,0,train
002130.jpg,70,95,172,238,0,train
002131.jpg,74,25,208,282,0,train
002132.jpg,67,23,133,184,0,train
002133.jpg,247,73,135,187,0,train
002134.jpg,203,32,159,220,0,train
002135.jpg,1894,304,549,760,0,train
002136.jpg,54,71,221,306,0,train
002137.jpg,186,70,161,223,0,train
002138.jpg,111,84,125,173,0,train
002139.jpg,162,67,203,281,0,train
002140.jpg,125,110,213,295,0,train
002141.jpg,1,90,234,287,0,train
002142.jpg,30,120,281,389,0,train
002143.jpg,63,92,205,284,0,train
002144.jpg,431,9,299,414,0,train
002145.jpg,239,10,143,198,0,train
002146.jpg,145,89,117,162,0,train
002147.jpg,315,58,135,187,0,train
002148.jpg,233,25,107,148,0,train
002149.jpg,216,59,70,97,0,train
002150.jpg,244,91,239,331,0,train
002151.jpg,178,194,96,133,0,train
002152.jpg,98,61,114,158,0,train
002153.jpg,87,54,96,133,0,train
002154.jpg,84,100,286,396,0,train
002155.jpg,3,43,151,195,0,train
002156.jpg,154,65,159,220,0,train
002157.jpg,219,91,189,266,0,train
002158.jpg,52,40,172,238,0,train
002159.jpg,117,71,177,245,0,train
002160.jpg,41,88,237,328,0,train
002161.jpg,161,60,135,187,0,train
002162.jpg,353,180,281,389,0,train
002163.jpg,148,100,133,184,0,train
002164.jpg,86,42,94,130,0,train
002165.jpg,39,96,291,402,0,train
002166.jpg,34,49,153,212,0,train
002167.jpg,65,158,177,245,0,train
002168.jpg,37,110,226,313,0,train
002169.jpg,204,64,221,306,0,train
002170.jpg,104,120,229,317,0,train
002171.jpg,177,56,120,166,0,train
002172.jpg,46,71,130,180,0,train
002173.jpg,48,110,153,212,0,train
002174.jpg,233,100,203,281,0,train
002175.jpg,371,50,101,140,0,train
002176.jpg,55,40,94,130,0,train
002177.jpg,77,109,164,227,0,train
002178.jpg,80,66,182,252,0,train
002179.jpg,129,55,94,130,0,train
002180.jpg,89,110,151,209,0,train
002181.jpg,74,62,190,263,0,train
002182.jpg,104,51,127,176,0,train
002183.jpg,227,125,179,248,0,train
002184.jpg,329,72,140,194,0,train
002185.jpg,90,41,101,140,0,train
002186.jpg,488,123,133,184,0,train
002187.jpg,54,36,96,133,0,train
002188.jpg,40,44,153,212,0,train
002189.jpg,40,15,49,68,0,train
002190.jpg,106,81,143,198,0,train
002191.jpg,23,68,112,155,0,train
002192.jpg,90,65,107,148,0,train
002193.jpg,771,56,268,371,0,train
002194.jpg,166,106,146,202,0,train
002195.jpg,274,41,86,119,0,train
002196.jpg,127,36,153,212,0,train
002197.jpg,261,101,224,310,0,train
002198.jpg,85,82,169,234,0,train
002199.jpg,225,90,114,158,0,train
002200.jpg,79,92,192,266,0,train
002201.jpg,192,60,161,223,0,train
002202.jpg,49,35,140,194,0,train
002203.jpg,133,155,237,328,0,train
002204.jpg,77,43,73,101,0,train
002205.jpg,26,36,133,184,0,train
002206.jpg,275,40,104,144,0,train
002207.jpg,429,86,270,374,0,train
002208.jpg,202,68,166,230,0,train
002209.jpg,46,89,244,338,0,train
002210.jpg,21,19,140,198,0,train
002211.jpg,168,65,86,119,0,train
002212.jpg,287,94,286,396,0,train
002213.jpg,86,57,177,245,0,train
002214.jpg,77,36,122,169,0,train
002215.jpg,82,63,234,324,0,train
002216.jpg,111,49,75,104,0,train
002217.jpg,76,29,47,65,0,train
002218.jpg,159,56,138,191,0,train
002219.jpg,126,82,325,450,0,train
002220.jpg,1,25,117,162,0,train
002221.jpg,128,28,57,79,0,train
002222.jpg,55,62,86,119,0,train
002223.jpg,99,103,315,436,0,train
002224.jpg,22,31,88,122,0,train
002225.jpg,150,28,201,317,0,train
002226.jpg,146,71,138,191,0,train
002227.jpg,46,44,94,130,0,train
002228.jpg,153,61,164,259,0,train
002229.jpg,245,105,302,418,0,train
002230.jpg,367,10,151,209,0,train
002231.jpg,78,79,114,158,0,train
002232.jpg,34,59,127,176,0,train
002233.jpg,103,47,86,119,0,train
002234.jpg,349,220,252,349,0,train
002235.jpg,157,50,62,86,0,train
002236.jpg,245,171,460,637,0,train
002237.jpg,38,72,242,335,0,train
002238.jpg,80,138,208,288,0,train
002239.jpg,9,28,70,97,0,train
002240.jpg,169,127,190,263,0,train
002241.jpg,273,67,231,320,0,train
002242.jpg,72,54,133,184,0,train
002243.jpg,244,74,182,252,0,train
002244.jpg,124,100,114,158,0,train
002245.jpg,129,16,146,202,0,train
002246.jpg,9,35,200,230,0,train
002247.jpg,33,97,234,308,0,train
002248.jpg,18,28,120,166,0,train
002249.jpg,195,103,88,122,0,train
002250.jpg,86,77,138,191,0,train
002251.jpg,83,94,164,227,0,train
002252.jpg,79,93,250,306,0,train
002253.jpg,119,95,244,338,0,train
002254.jpg,169,143,161,223,0,train
002255.jpg,73,52,289,400,0,train
002256.jpg,108,25,120,166,0,train
002257.jpg,62,124,216,299,0,train
002258.jpg,80,49,122,169,0,train
002259.jpg,158,39,83,115,0,train
002260.jpg,72,57,190,263,0,train
002261.jpg,136,153,299,414,0,train
002262.jpg,109,106,185,256,0,train
002263.jpg,101,44,127,176,0,train
002264.jpg,1118,1213,970,1343,0,train
002265.jpg,54,37,49,68,0,train
002266.jpg,18,23,83,114,0,train
002267.jpg,166,50,239,331,0,train
002268.jpg,153,112,83,115,0,train
002269.jpg,475,73,182,252,0,train
002270.jpg,4,11,86,109,0,train
002271.jpg,127,116,187,259,0,train
002272.jpg,1,49,247,310,0,train
002273.jpg,90,49,133,184,0,train
002274.jpg,120,118,166,230,0,train
002275.jpg,53,32,91,126,0,train
002276.jpg,113,14,117,162,0,train
002277.jpg,91,52,227,328,0,train
002278.jpg,174,88,567,785,0,train
002279.jpg,133,62,148,205,0,train
002280.jpg,161,38,456,641,0,train
002281.jpg,152,160,317,439,0,train
002282.jpg,105,77,151,209,0,train
002283.jpg,43,23,265,367,0,train
002284.jpg,111,59,211,292,0,train
002285.jpg,295,89,138,191,0,train
002286.jpg,232,63,104,144,0,train
002287.jpg,117,84,153,212,0,train
002288.jpg,56,19,122,169,0,train
002289.jpg,26,44,135,141,0,train
002290.jpg,133,129,257,356,0,train
002291.jpg,15,47,70,97,0,train
002292.jpg,859,215,608,842,0,train
002293.jpg,57,54,257,309,0,train
002294.jpg,85,51,68,94,0,train
002295.jpg,22,70,75,104,0,train
002296.jpg,433,27,146,202,0,train
002297.jpg,62,114,187,259,0,train
002298.jpg,114,92,237,328,0,train
002299.jpg,34,41,198,274,0,train
002300.jpg,130,87,213,295,0,train
002301.jpg,35,57,151,175,0,train
002302.jpg,285,72,369,511,0,train
002303.jpg,159,151,73,101,0,train
002304.jpg,73,110,143,198,0,train
002305.jpg,67,76,211,292,0,train
002306.jpg,457,103,312,432,0,train
002307.jpg,96,93,153,212,0,train
002308.jpg,164,66,52,72,0,train
002309.jpg,68,87,244,338,0,train
002310.jpg,40,29,114,147,0,train
002311.jpg,96,78,187,259,0,train
002312.jpg,111,42,91,126,0,train
002313.jpg,114,49,96,133,0,train
002314.jpg,240,63,83,115,0,train
002315.jpg,238,75,132,258,0,train
002316.jpg,95,43,107,148,0,train
002317.jpg,244,178,385,533,0,train
002318.jpg,233,108,151,209,0,train
002319.jpg,30,62,283,392,0,train
002320.jpg,219,40,120,166,0,train
002321.jpg,196,71,190,263,0,train
002322.jpg,138,105,231,320,0,train
002323.jpg,330,35,94,130,0,train
002324.jpg,246,50,203,281,0,train
002325.jpg,55,40,88,122,0,train
002326.jpg,113,63,237,328,0,train
002327.jpg,42,43,207,295,0,train
002328.jpg,106,73,177,245,0,train
002329.jpg,173,173,109,151,0,train
002330.jpg,95,48,109,151,0,train
002331.jpg,279,179,263,364,0,train
002332.jpg,580,154,86,119,0,train
002333.jpg,123,79,55,76,0,train
002334.jpg,59,214,169,234,0,train
002335.jpg,191,50,226,313,0,train
002336.jpg,171,138,109,151,0,train
002337.jpg,47,39,127,176,0,train
002338.jpg,208,34,190,263,0,train
002339.jpg,96,39,218,302,0,train
002340.jpg,101,94,195,270,0,train
002341.jpg,77,91,231,320,0,train
002342.jpg,936,403,884,1224,0,train
002343.jpg,359,172,127,176,0,train
002344.jpg,16,34,88,122,0,train
002345.jpg,208,45,91,126,0,train
002346.jpg,146,42,143,198,0,train
002347.jpg,128,36,109,151,0,train
002348.jpg,80,41,88,122,0,train
002349.jpg,65,39,130,180,0,train
002350.jpg,47,37,96,133,0,train
002351.jpg,197,38,86,119,0,train
002352.jpg,45,38,94,130,0,train
002353.jpg,177,104,156,216,0,train
002354.jpg,123,105,172,238,0,train
002355.jpg,105,153,489,677,0,train
002356.jpg,146,62,99,137,0,train
002357.jpg,335,46,218,302,0,train
002358.jpg,72,162,270,374,0,train
002359.jpg,30,46,195,270,0,train
002360.jpg,152,58,81,112,0,train
002361.jpg,108,10,268,325,0,train
002362.jpg,156,148,260,360,0,train
002363.jpg,187,74,161,223,0,train
002364.jpg,122,132,177,245,0,train
002365.jpg,46,95,114,158,0,train
002366.jpg,93,73,190,263,0,train
002367.jpg,494,79,242,335,0,train
002368.jpg,111,72,146,202,0,train
002369.jpg,153,90,99,137,0,train
002370.jpg,47,103,195,270,0,train
002371.jpg,199,68,164,227,0,train
002372.jpg,64,65,166,230,0,train
002373.jpg,206,62,211,292,0,train
002374.jpg,26,39,107,148,0,train
002375.jpg,72,46,192,266,0,train
002376.jpg,281,96,204,342,0,train
002377.jpg,337,112,304,421,0,train
002378.jpg,176,91,216,299,0,train
002379.jpg,248,43,127,176,0,train
002380.jpg,183,96,130,180,0,train
002381.jpg,83,69,161,223,0,train
002382.jpg,111,83,166,230,0,train
002383.jpg,51,78,182,252,0,train
002384.jpg,111,104,221,306,0,train
002385.jpg,212,24,140,194,0,train
002386.jpg,12,1,174,241,0,train
002387.jpg,118,84,177,245,0,train
002388.jpg,29,43,112,155,0,train
002389.jpg,97,59,153,212,0,train
002390.jpg,257,84,104,144,0,train
002391.jpg,265,132,94,130,0,train
002392.jpg,56,110,231,320,0,train
002393.jpg,158,164,182,252,0,train
002394.jpg,65,51,135,187,0,train
002395.jpg,219,82,195,270,0,train
002396.jpg,159,188,393,544,0,train
002397.jpg,65,35,101,140,0,train
002398.jpg,34,89,330,408,0,train
002399.jpg,129,77,133,184,0,train
002400.jpg,20,55,213,262,0,train
002401.jpg,232,56,203,281,0,train
002402.jpg,250,17,94,130,0,train
002403.jpg,84,65,161,223,0,train
002404.jpg,239,1,485,702,0,train
002405.jpg,8,85,237,328,0,train
002406.jpg,201,57,117,162,0,train
002407.jpg,103,80,120,166,0,train
002408.jpg,145,109,213,295,0,train
002409.jpg,192,45,96,133,0,train
002410.jpg,222,128,187,259,0,train
002411.jpg,268,109,148,205,0,train
002412.jpg,64,51,91,126,0,train
002413.jpg,130,28,96,133,0,train
002414.jpg,50,10,117,162,0,train
002415.jpg,134,244,169,234,0,train
002416.jpg,51,108,237,328,0,train
002417.jpg,79,102,172,238,0,train
002418.jpg,141,76,179,248,0,train
002419.jpg,171,77,330,457,0,train
002420.jpg,475,101,247,342,0,train
002421.jpg,69,50,187,259,0,train
002422.jpg,61,70,125,173,0,train
002423.jpg,90,80,237,328,0,train
002424.jpg,220,21,174,241,0,train
002425.jpg,61,44,112,155,0,train
002426.jpg,172,44,125,173,0,train
002427.jpg,322,73,166,230,0,train
002428.jpg,146,61,107,148,0,train
002429.jpg,61,72,270,374,0,train
002430.jpg,221,100,198,274,0,train
002431.jpg,73,49,133,184,0,train
002432.jpg,308,122,81,112,0,train
002433.jpg,89,81,83,115,0,train
002434.jpg,903,104,140,194,0,train
002435.jpg,80,81,182,252,0,train
002436.jpg,175,99,86,119,0,train
002437.jpg,15,46,78,108,0,train
002438.jpg,83,109,174,241,0,train
002439.jpg,46,68,143,198,0,train
002440.jpg,241,135,164,227,0,train
002441.jpg,216,61,200,277,0,train
002442.jpg,132,37,179,248,0,train
002443.jpg,153,58,120,166,0,train
002444.jpg,137,74,179,248,0,train
002445.jpg,233,51,164,227,0,train
002446.jpg,79,54,42,58,0,train
002447.jpg,318,154,369,511,0,train
002448.jpg,201,106,83,115,0,train
002449.jpg,21,21,78,108,0,train
002450.jpg,130,73,117,162,0,train
002451.jpg,227,145,135,187,0,train
002452.jpg,63,97,296,410,0,train
002453.jpg,242,13,166,230,0,train
002454.jpg,104,79,125,173,0,train
002455.jpg,128,84,202,292,0,train
002456.jpg,118,107,206,291,0,train
002457.jpg,197,126,83,115,0,train
002458.jpg,100,61,153,212,0,train
002459.jpg,10,32,125,157,0,train
002460.jpg,165,49,174,241,0,train
002461.jpg,53,33,146,195,0,train
002462.jpg,165,29,99,137,0,train
002463.jpg,77,102,203,281,0,train
002464.jpg,75,88,164,227,0,train
002465.jpg,507,252,546,756,0,train
002466.jpg,53,83,229,317,0,train
002467.jpg,109,39,75,104,0,train
002468.jpg,67,1,296,410,0,train
002469.jpg,463,75,762,1055,0,train
002470.jpg,113,35,138,191,0,train
002471.jpg,110,26,86,119,0,train
002472.jpg,117,39,109,151,0,train
002473.jpg,154,91,198,274,0,train
002474.jpg,156,46,239,331,0,train
002475.jpg,46,23,255,353,0,train
002476.jpg,415,135,140,194,0,train
002477.jpg,172,19,109,151,0,train
002478.jpg,481,80,525,717,0,train
002479.jpg,197,47,125,173,0,train
002480.jpg,231,92,130,180,0,train
002481.jpg,95,32,88,122,0,train
002482.jpg,75,107,283,392,0,train
002483.jpg,384,31,125,173,0,train
002484.jpg,104,87,242,335,0,train
002485.jpg,165,72,291,403,0,train
002486.jpg,28,137,237,289,0,train
002487.jpg,106,66,68,94,0,train
002488.jpg,20,105,185,256,0,train
002489.jpg,439,70,65,90,0,train
002490.jpg,389,263,161,223,0,train
002491.jpg,86,77,143,198,0,train
002492.jpg,117,66,185,256,0,train
002493.jpg,310,146,465,644,0,train
002494.jpg,59,80,127,176,0,train
002495.jpg,155,29,159,220,0,train
002496.jpg,92,60,109,151,0,train
002497.jpg,18,25,83,112,0,train
002498.jpg,157,33,68,94,0,train
002499.jpg,83,108,177,245,0,train
002500.jpg,259,96,270,374,0,train
002501.jpg,78,1,195,270,0,train
002502.jpg,171,46,146,202,0,train
002503.jpg,183,44,78,108,0,train
002504.jpg,56,1,255,226,0,train
002505.jpg,221,51,182,252,0,train
002506.jpg,108,60,122,169,0,train
002507.jpg,209,37,161,223,0,train
002508.jpg,264,119,148,205,0,train
002509.jpg,131,32,101,140,0,train
002510.jpg,237,80,127,176,0,train
002511.jpg,59,52,99,137,0,train
002512.jpg,37,36,164,227,0,train
002513.jpg,100,52,161,223,0,train
002514.jpg,323,130,481,666,0,train
002515.jpg,98,43,88,122,0,train
002516.jpg,39,21,114,158,0,train
002517.jpg,33,39,104,144,0,train
002518.jpg,154,97,338,468,0,train
002519.jpg,104,82,244,338,0,train
002520.jpg,216,60,120,166,0,train
002521.jpg,365,318,611,846,0,train
002522.jpg,179,187,164,227,0,train
002523.jpg,136,83,146,202,0,train
002524.jpg,189,93,125,173,0,train
002525.jpg,78,132,226,313,0,train
002526.jpg,335,52,94,130,0,train
002527.jpg,11,75,133,184,0,train
002528.jpg,74,59,250,346,0,train
002529.jpg,87,37,218,302,0,train
002530.jpg,175,81,203,281,0,train
002531.jpg,117,40,122,169,0,train
002532.jpg,77,77,179,248,0,train
002533.jpg,137,68,200,277,0,train
002534.jpg,144,1,325,450,0,train
002535.jpg,72,58,143,198,0,train
002536.jpg,117,55,112,155,0,train
002537.jpg,84,70,94,130,0,train
002538.jpg,435,224,390,540,0,train
002539.jpg,95,116,190,263,0,train
002540.jpg,228,71,439,608,0,train
002541.jpg,116,41,75,104,0,train
002542.jpg,105,89,146,202,0,train
002543.jpg,50,95,161,223,0,train
002544.jpg,70,53,322,446,0,train
002545.jpg,235,304,468,648,0,train
002546.jpg,123,71,125,173,0,train
002547.jpg,129,38,135,187,0,train
002548.jpg,233,194,260,360,0,train
002549.jpg,61,53,125,173,0,train
002550.jpg,76,21,116,187,0,train
002551.jpg,36,107,213,295,0,train
002552.jpg,76,77,229,317,0,train
002553.jpg,30,37,109,151,0,train
002554.jpg,39,147,216,299,0,train
002555.jpg,767,154,486,673,0,train
002556.jpg,93,54,78,108,0,train
002557.jpg,40,69,153,212,0,train
002558.jpg,471,244,395,547,0,train
002559.jpg,32,62,153,212,0,train
002560.jpg,156,67,198,274,0,train
002561.jpg,89,89,388,548,0,train
002562.jpg,386,33,250,346,0,train
002563.jpg,77,61,135,187,0,train
002564.jpg,282,20,198,274,0,train
002565.jpg,106,99,153,212,0,train
002566.jpg,108,62,143,198,0,train
002567.jpg,8,25,130,180,0,train
002568.jpg,125,146,205,284,0,train
002569.jpg,329,228,320,443,0,train
002570.jpg,83,63,166,230,0,train
002571.jpg,58,61,86,119,0,train
002572.jpg,212,344,520,720,0,train
002573.jpg,36,39,148,205,0,train
002574.jpg,83,46,127,176,0,train
002575.jpg,632,270,387,536,0,train
002576.jpg,133,121,271,365,0,train
002577.jpg,164,86,182,252,0,train
002578.jpg,74,151,195,270,0,train
002579.jpg,67,60,151,209,0,train
002580.jpg,128,192,419,580,0,train
002581.jpg,101,52,109,151,0,train
002582.jpg,108,23,73,101,0,train
002583.jpg,111,29,94,130,0,train
002584.jpg,180,46,211,292,0,train
002585.jpg,97,72,83,115,0,train
002586.jpg,68,92,133,184,0,train
002587.jpg,78,86,140,194,0,train
002588.jpg,209,263,81,112,0,train
002589.jpg,79,67,203,281,0,train
002590.jpg,117,36,107,148,0,train
002591.jpg,62,67,169,234,0,train
002592.jpg,200,5,164,227,0,train
002593.jpg,94,31,94,130,0,train
002594.jpg,91,42,127,176,0,train
002595.jpg,31,26,179,248,0,train
002596.jpg,196,92,148,205,0,train
002597.jpg,75,107,177,245,0,train
002598.jpg,87,39,127,176,0,train
002599.jpg,108,21,109,151,0,train
002600.jpg,518,203,164,227,0,train
002601.jpg,121,101,86,119,0,train
002602.jpg,72,53,174,241,0,train
002603.jpg,49,88,244,338,0,train
002604.jpg,162,104,390,540,0,train
002605.jpg,128,118,164,227,0,train
002606.jpg,166,82,96,133,0,train
002607.jpg,169,74,112,155,0,train
002608.jpg,69,101,265,367,0,train
002609.jpg,127,34,101,140,0,train
002610.jpg,51,77,200,256,0,train
002611.jpg,471,59,161,223,0,train
002612.jpg,64,123,268,371,0,train
002613.jpg,71,11,107,148,0,train
002614.jpg,121,78,99,137,0,train
002615.jpg,59,50,117,162,0,train
002616.jpg,82,94,153,212,0,train
002617.jpg,110,26,125,173,0,train
002618.jpg,119,55,91,126,0,train
002619.jpg,373,47,125,173,0,train
002620.jpg,69,118,182,252,0,train
002621.jpg,68,87,208,288,0,train
002622.jpg,69,91,224,310,0,train
002623.jpg,89,60,148,205,0,train
002624.jpg,104,104,182,252,0,train
002625.jpg,59,103,276,382,0,train
002626.jpg,117,50,135,187,0,train
002627.jpg,68,66,174,241,0,train
002628.jpg,376,83,270,374,0,train
002629.jpg,106,50,125,173,0,train
002630.jpg,31,55,135,187,0,train
002631.jpg,44,53,143,198,0,train
002632.jpg,15,153,270,344,0,train
002633.jpg,231,99,49,68,0,train
002634.jpg,94,56,224,310,0,train
002635.jpg,159,72,198,274,0,train
002636.jpg,66,105,192,266,0,train
002637.jpg,274,83,265,367,0,train
002638.jpg,90,37,73,101,0,train
002639.jpg,235,57,299,414,0,train
002640.jpg,28,86,257,348,0,train
002641.jpg,177,31,174,241,0,train
002642.jpg,96,65,172,238,0,train
002643.jpg,103,76,164,227,0,train
002644.jpg,86,86,190,263,0,train
002645.jpg,147,26,278,385,0,train
002646.jpg,194,51,148,205,0,train
002647.jpg,28,58,190,263,0,train
002648.jpg,74,19,94,130,0,train
002649.jpg,561,133,117,162,0,train
002650.jpg,96,80,169,234,0,train
002651.jpg,107,67,216,280,0,train
002652.jpg,40,55,107,147,0,train
002653.jpg,98,198,309,428,0,train
002654.jpg,61,173,221,306,0,train
002655.jpg,33,68,211,292,0,train
002656.jpg,82,18,205,284,0,train
002657.jpg,266,157,229,317,0,train
002658.jpg,78,68,99,137,0,train
002659.jpg,104,111,164,227,0,train
002660.jpg,91,109,169,234,0,train
002661.jpg,66,110,164,227,0,train
002662.jpg,163,103,239,331,0,train
002663.jpg,738,180,385,533,0,train
002664.jpg,100,100,229,317,0,train
002665.jpg,92,110,283,367,0,train
002666.jpg,285,310,637,882,0,train
002667.jpg,100,67,218,302,0,train
002668.jpg,135,115,270,374,0,train
002669.jpg,55,60,200,277,0,train
002670.jpg,28,74,114,158,0,train
002671.jpg,47,70,140,194,0,train
002672.jpg,308,221,338,468,0,train
002673.jpg,65,103,234,324,0,train
002674.jpg,113,79,195,270,0,train
002675.jpg,227,190,151,209,0,train
002676.jpg,122,65,156,216,0,train
002677.jpg,64,55,191,256,0,train
002678.jpg,119,13,112,155,0,train
002679.jpg,66,31,146,202,0,train
002680.jpg,235,74,239,308,0,train
002681.jpg,607,161,346,479,0,train
002682.jpg,69,39,229,317,0,train
002683.jpg,94,53,135,187,0,train
002684.jpg,17,95,211,291,0,train
002685.jpg,165,168,304,421,0,train
002686.jpg,163,20,135,187,0,train
002687.jpg,47,53,164,227,0,train
002688.jpg,248,36,161,223,0,train
002689.jpg,132,24,114,158,0,train
002690.jpg,151,22,91,126,0,train
002691.jpg,103,85,205,284,0,train
002692.jpg,264,100,140,194,0,train
002693.jpg,105,55,146,202,0,train
002694.jpg,210,74,120,166,0,train
002695.jpg,162,66,96,133,0,train
002696.jpg,95,38,164,227,0,train
002697.jpg,285,85,133,147,0,train
002698.jpg,15,53,75,104,0,train
002699.jpg,18,105,231,320,0,train
002700.jpg,61,100,265,367,0,train
002701.jpg,615,122,252,349,0,train
002702.jpg,78,61,198,274,0,train
002703.jpg,90,53,198,274,0,train
002704.jpg,78,76,179,248,0,train
002705.jpg,595,303,780,1080,0,train
002706.jpg,251,34,229,317,0,train
002707.jpg,90,89,174,241,0,train
002708.jpg,295,232,463,641,0,train
002709.jpg,107,119,161,223,0,train
002710.jpg,408,286,359,497,0,train
002711.jpg,140,30,94,130,0,train
002712.jpg,200,111,140,194,0,train
002713.jpg,299,36,164,227,0,train
002714.jpg,84,20,172,238,0,train
002715.jpg,166,35,125,173,0,train
002716.jpg,453,4,133,184,0,train
002717.jpg,198,45,190,263,0,train
002718.jpg,90,93,348,482,0,train
002719.jpg,40,105,125,173,0,train
002720.jpg,133,64,122,169,0,train
002721.jpg,164,136,413,572,0,train
002722.jpg,183,106,242,335,0,train
002723.jpg,53,28,205,269,0,train
002724.jpg,119,65,161,223,0,train
002725.jpg,27,32,135,172,0,train
002726.jpg,83,23,114,174,0,train
002727.jpg,149,68,86,119,0,train
002728.jpg,184,69,213,295,0,train
002729.jpg,127,28,153,212,0,train
002730.jpg,72,76,229,317,0,train
002731.jpg,222,97,198,274,0,train
002732.jpg,97,82,260,360,0,train
002733.jpg,93,40,260,360,0,train
002734.jpg,171,80,86,119,0,train
002735.jpg,95,51,78,108,0,train
002736.jpg,336,94,541,749,0,train
002737.jpg,156,93,99,137,0,train
002738.jpg,242,89,187,259,0,train
002739.jpg,50,100,229,317,0,train
002740.jpg,95,31,179,248,0,train
002741.jpg,145,34,109,151,0,train
002742.jpg,91,49,112,155,0,train
002743.jpg,100,61,125,173,0,train
002744.jpg,59,66,198,274,0,train
002745.jpg,68,83,138,191,0,train
002746.jpg,78,36,416,576,0,train
002747.jpg,108,69,260,360,0,train
002748.jpg,35,35,73,101,0,train
002749.jpg,120,48,101,140,0,train
002750.jpg,37,41,112,155,0,train
002751.jpg,107,63,151,209,0,train
002752.jpg,256,24,125,173,0,train
002753.jpg,115,68,151,209,0,train
002754.jpg,107,136,255,353,0,train
002755.jpg,252,129,151,209,0,train
002756.jpg,117,116,211,292,0,train
002757.jpg,75,50,127,176,0,train
002758.jpg,122,116,125,173,0,train
002759.jpg,91,84,179,248,0,train
002760.jpg,89,76,198,274,0,train
002761.jpg,147,97,187,259,0,train
002762.jpg,90,96,190,263,0,train
002763.jpg,61,81,187,259,0,train
002764.jpg,103,118,442,612,0,train
002765.jpg,162,106,239,331,0,train
002766.jpg,78,51,250,346,0,train
002767.jpg,103,103,182,252,0,train
002768.jpg,92,47,244,338,0,train
002769.jpg,363,123,273,378,0,train
002770.jpg,121,179,231,320,0,train
002771.jpg,87,72,169,234,0,train
002772.jpg,84,47,182,252,0,train
002773.jpg,134,55,172,238,0,train
002774.jpg,104,114,172,238,0,train
002775.jpg,5,106,229,317,0,train
002776.jpg,29,134,291,403,0,train
002777.jpg,110,252,195,270,0,train
002778.jpg,228,64,52,72,0,train
002779.jpg,218,16,151,209,0,train
002780.jpg,156,44,151,209,0,train
002781.jpg,155,75,281,387,0,train
002782.jpg,41,79,299,414,0,train
002783.jpg,128,102,177,245,0,train
002784.jpg,184,22,91,126,0,train
002785.jpg,127,74,135,187,0,train
002786.jpg,137,151,333,461,0,train
002787.jpg,33,52,101,140,0,train
002788.jpg,68,58,203,281,0,train
002789.jpg,76,72,179,248,0,train
002790.jpg,156,60,88,122,0,train
002791.jpg,162,62,218,302,0,train
002792.jpg,172,5,268,371,0,train
002793.jpg,172,1,174,241,0,train
002794.jpg,86,69,168,252,0,train
002795.jpg,518,112,239,331,0,train
002796.jpg,68,59,302,418,0,train
002797.jpg,189,81,156,216,0,train
002798.jpg,59,95,208,288,0,train
002799.jpg,193,82,200,277,0,train
002800.jpg,205,44,107,148,0,train
002801.jpg,222,163,520,720,0,train
002802.jpg,52,86,192,266,0,train
002803.jpg,112,242,608,842,0,train
002804.jpg,212,30,159,220,0,train
002805.jpg,87,50,252,349,0,train
002806.jpg,90,215,110,105,0,train
002807.jpg,175,62,109,151,0,train
002808.jpg,174,83,68,94,0,train
002809.jpg,104,76,205,284,0,train
002810.jpg,67,52,276,382,0,train
002811.jpg,121,54,135,187,0,train
002812.jpg,117,135,374,518,0,train
002813.jpg,103,75,172,238,0,train
002814.jpg,223,73,133,184,0,train
002815.jpg,83,79,174,241,0,train
002816.jpg,48,35,122,169,0,train
002817.jpg,112,173,166,230,0,train
002818.jpg,124,65,140,194,0,train
002819.jpg,68,67,218,302,0,train
002820.jpg,51,14,94,130,0,train
002821.jpg,95,67,216,299,0,train
002822.jpg,480,245,588,814,0,train
002823.jpg,345,93,135,187,0,train
002824.jpg,52,66,146,202,0,train
002825.jpg,72,86,172,238,0,train
002826.jpg,188,115,250,346,0,train
002827.jpg,99,110,156,216,0,train
002828.jpg,181,20,91,126,0,train
002829.jpg,74,59,229,297,0,train
002830.jpg,15,61,130,180,0,train
002831.jpg,121,51,99,137,0,train
002832.jpg,105,84,174,241,0,train
002833.jpg,190,59,101,140,0,train
002834.jpg,93,81,218,302,0,train
002835.jpg,97,60,156,216,0,train
002836.jpg,69,72,159,220,0,train
002837.jpg,52,21,78,108,0,train
002838.jpg,69,43,148,205,0,train
002839.jpg,31,20,78,108,0,train
002840.jpg,66,91,143,198,0,train
002841.jpg,95,30,146,202,0,train
002842.jpg,656,27,172,238,0,train
002843.jpg,311,112,494,684,0,train
002844.jpg,37,96,307,401,0,train
002845.jpg,242,8,166,230,0,train
002846.jpg,68,53,99,137,0,train
002847.jpg,132,29,107,148,0,train
002848.jpg,121,59,146,202,0,train
002849.jpg,73,53,216,299,0,train
002850.jpg,13,60,250,335,0,train
002851.jpg,76,64,156,200,0,train
002852.jpg,15,56,273,378,0,train
002853.jpg,53,34,140,186,0,train
002854.jpg,259,80,218,302,0,train
002855.jpg,987,227,478,662,0,train
002856.jpg,100,82,273,378,0,train
002857.jpg,694,40,151,209,0,train
002858.jpg,87,85,208,288,0,train
002859.jpg,75,113,263,364,0,train
002860.jpg,18,72,255,353,0,train
002861.jpg,232,95,229,317,0,train
002862.jpg,108,99,208,288,0,train
002863.jpg,369,112,346,479,0,train
002864.jpg,162,71,96,133,0,train
002865.jpg,36,64,138,191,0,train
002866.jpg,108,67,78,108,0,train
002867.jpg,90,59,156,216,0,train
002868.jpg,198,82,286,396,0,train
002869.jpg,78,78,270,374,0,train
002870.jpg,36,48,159,191,0,train
002871.jpg,368,81,83,115,0,train
002872.jpg,63,46,130,180,0,train
002873.jpg,91,50,190,263,0,train
002874.jpg,69,18,83,115,0,train
002875.jpg,216,64,114,158,0,train
002876.jpg,105,45,91,126,0,train
002877.jpg,973,144,283,392,0,train
002878.jpg,32,56,68,94,0,train
002879.jpg,92,72,143,198,0,train
002880.jpg,50,48,73,101,0,train
002881.jpg,49,74,270,374,0,train
002882.jpg,15,78,242,335,0,train
002883.jpg,141,29,140,194,0,train
002884.jpg,79,52,104,144,0,train
002885.jpg,109,34,75,104,0,train
002886.jpg,200,64,70,97,0,train
002887.jpg,137,95,166,230,0,train
002888.jpg,114,21,120,166,0,train
002889.jpg,112,83,187,259,0,train
002890.jpg,92,76,148,205,0,train
002891.jpg,99,66,200,277,0,train
002892.jpg,268,59,140,194,0,train
002893.jpg,111,64,174,241,0,train
002894.jpg,47,86,153,212,0,train
002895.jpg,237,6,140,194,0,train
002896.jpg,89,38,99,137,0,train
002897.jpg,48,35,112,155,0,train
002898.jpg,72,72,148,205,0,train
002899.jpg,66,32,94,130,0,train
002900.jpg,120,36,244,338,0,train
002901.jpg,25,56,148,205,0,train
002902.jpg,26,55,231,320,0,train
002903.jpg,279,4,135,187,0,train
002904.jpg,133,51,120,166,0,train
002905.jpg,120,87,221,306,0,train
002906.jpg,199,130,231,320,0,train
002907.jpg,133,92,218,302,0,train
002908.jpg,35,112,213,295,0,train
002909.jpg,548,428,780,1080,0,train
002910.jpg,119,109,112,155,0,train
002911.jpg,70,7,49,68,0,train
002912.jpg,442,335,335,464,0,train
002913.jpg,140,115,140,194,0,train
002914.jpg,153,153,153,212,0,train
002915.jpg,132,16,538,745,0,train
002916.jpg,232,104,195,270,0,train
002917.jpg,87,42,151,209,0,train
002918.jpg,93,64,164,227,0,train
002919.jpg,348,70,174,241,0,train
002920.jpg,47,73,88,111,0,train
002921.jpg,33,33,166,230,0,train
002922.jpg,238,144,312,432,0,train
002923.jpg,113,47,68,94,0,train
002924.jpg,251,165,244,338,0,train
002925.jpg,108,71,192,266,0,train
002926.jpg,76,62,138,191,0,train
002927.jpg,133,100,122,169,0,train
002928.jpg,697,138,348,482,0,train
002929.jpg,113,111,231,320,0,train
002930.jpg,143,56,156,225,0,train
002931.jpg,48,120,229,317,0,train
002932.jpg,310,75,250,346,0,train
002933.jpg,98,107,195,270,0,train
002934.jpg,361,33,278,385,0,train
002935.jpg,30,29,101,140,0,train
002936.jpg,695,134,325,450,0,train
002937.jpg,98,170,250,310,0,train
002938.jpg,232,45,161,223,0,train
002939.jpg,27,44,179,248,0,train
002940.jpg,179,39,88,122,0,train
002941.jpg,247,46,244,338,0,train
002942.jpg,74,91,213,295,0,train
002943.jpg,55,63,244,338,0,train
002944.jpg,207,67,94,130,0,train
002945.jpg,70,47,88,122,0,train
002946.jpg,39,68,107,148,0,train
002947.jpg,20,111,187,259,0,train
002948.jpg,201,66,203,281,0,train
002949.jpg,90,58,200,261,0,train
002950.jpg,222,66,117,162,0,train
002951.jpg,138,43,169,234,0,train
002952.jpg,144,46,127,176,0,train
002953.jpg,106,85,226,313,0,train
002954.jpg,41,48,125,173,0,train
002955.jpg,50,56,107,148,0,train
002956.jpg,115,32,125,173,0,train
002957.jpg,85,34,101,140,0,train
002958.jpg,98,110,117,162,0,train
002959.jpg,54,10,78,108,0,train
002960.jpg,224,26,140,194,0,train
002961.jpg,48,27,270,374,0,train
002962.jpg,167,59,156,216,0,train
002963.jpg,69,52,250,346,0,train
002964.jpg,100,76,159,220,0,train
002965.jpg,54,56,159,220,0,train
002966.jpg,672,154,593,821,0,train
002967.jpg,88,75,164,227,0,train
002968.jpg,14,70,55,76,0,train
002969.jpg,150,55,62,86,0,train
002970.jpg,46,84,198,274,0,train
002971.jpg,120,81,237,328,0,train
002972.jpg,791,385,1798,2689,0,train
002973.jpg,187,38,146,202,0,train
002974.jpg,43,71,192,266,0,train
002975.jpg,85,76,203,281,0,train
002976.jpg,777,200,881,1220,0,train
002977.jpg,59,131,226,313,0,train
002978.jpg,233,106,218,302,0,train
002979.jpg,133,97,190,263,0,train
002980.jpg,126,68,229,317,0,train
002981.jpg,169,24,159,220,0,train
002982.jpg,115,97,200,277,0,train
002983.jpg,156,62,96,133,0,train
002984.jpg,25,38,94,130,0,train
002985.jpg,143,84,143,198,0,train
002986.jpg,347,183,166,230,0,train
002987.jpg,87,65,216,299,0,train
002988.jpg,61,46,73,101,0,train
002989.jpg,79,57,130,180,0,train
002990.jpg,132,41,122,169,0,train
002991.jpg,259,382,1139,1577,0,train
002992.jpg,193,95,120,166,0,train
002993.jpg,142,31,211,292,0,train
002994.jpg,26,54,147,218,0,train
002995.jpg,361,242,328,454,0,train
002996.jpg,59,104,187,259,0,train
002997.jpg,62,120,177,245,0,train
002998.jpg,80,91,179,248,0,train
002999.jpg,106,35,73,101,0,train
003000.jpg,104,50,153,212,0,train
003001.jpg,24,27,57,79,0,train
003002.jpg,80,25,91,126,0,train
003003.jpg,76,160,588,794,0,train
003004.jpg,142,133,304,421,0,train
003005.jpg,115,40,104,144,0,train
003006.jpg,81,28,172,238,0,train
003007.jpg,60,70,169,234,0,train
003008.jpg,220,60,218,302,0,train
003009.jpg,85,60,112,155,0,train
003010.jpg,93,73,221,306,0,train
003011.jpg,48,24,65,90,0,train
003012.jpg,71,108,198,274,0,train
003013.jpg,87,35,60,83,0,train
003014.jpg,145,42,133,184,0,train
003015.jpg,161,31,151,209,0,train
003016.jpg,82,81,273,378,0,train
003017.jpg,65,41,242,326,0,train
003018.jpg,183,97,205,284,0,train
003019.jpg,102,89,367,508,0,train
003020.jpg,97,103,229,317,0,train
003021.jpg,50,108,148,205,0,train
003022.jpg,36,31,161,230,0,train
003023.jpg,12,62,86,119,0,train
003024.jpg,41,69,224,293,0,train
003025.jpg,119,33,192,266,0,train
003026.jpg,189,314,385,533,0,train
003027.jpg,47,29,151,209,0,train
003028.jpg,61,86,218,302,0,train
003029.jpg,128,66,169,234,0,train
003030.jpg,749,66,148,205,0,train
003031.jpg,119,75,135,187,0,train
003032.jpg,273,142,393,544,0,train
003033.jpg,116,49,213,295,0,train
003034.jpg,706,40,122,169,0,train
003035.jpg,521,139,16,22,0,train
003036.jpg,100,79,156,216,0,train
003037.jpg,34,27,78,108,0,train
003038.jpg,521,110,348,482,0,train
003039.jpg,175,49,130,180,0,train
003040.jpg,38,27,229,317,0,train
003041.jpg,54,56,91,126,0,train
003042.jpg,29,31,73,101,0,train
003043.jpg,78,22,88,122,0,train
003044.jpg,21,35,309,428,0,train
003045.jpg,816,193,593,821,0,train
003046.jpg,6,31,83,115,0,train
003047.jpg,63,31,109,151,0,train
003048.jpg,267,88,260,360,0,train
003049.jpg,82,25,68,94,0,train
003050.jpg,66,61,120,166,0,train
003051.jpg,61,55,164,227,0,train
003052.jpg,52,58,117,162,0,train
003053.jpg,163,51,57,79,0,train
003054.jpg,350,38,161,223,0,train
003055.jpg,205,44,146,202,0,train
003056.jpg,98,60,99,137,0,train
003057.jpg,131,42,179,248,0,train
003058.jpg,146,101,125,173,0,train
003059.jpg,85,62,94,130,0,train
003060.jpg,339,65,445,616,0,train
003061.jpg,175,21,122,169,0,train
003062.jpg,119,72,83,115,0,train
003063.jpg,84,53,185,254,0,train
003064.jpg,74,61,244,338,0,train
003065.jpg,86,84,205,284,0,train
003066.jpg,105,71,185,256,0,train
003067.jpg,98,29,91,126,0,train
003068.jpg,125,53,125,173,0,train
003069.jpg,38,55,75,104,0,train
003070.jpg,103,42,117,162,0,train
003071.jpg,70,68,231,320,0,train
003072.jpg,76,86,182,252,0,train
003073.jpg,128,20,62,86,0,train
003074.jpg,160,84,260,360,0,train
003075.jpg,75,55,161,223,0,train
003076.jpg,104,92,226,313,0,train
003077.jpg,96,76,130,180,0,train
003078.jpg,131,49,86,119,0,train
003079.jpg,61,83,224,310,0,train
003080.jpg,551,152,372,515,0,train
003081.jpg,39,82,86,119,0,train
003082.jpg,115,107,156,216,0,train
003083.jpg,106,89,94,130,0,train
003084.jpg,112,80,138,191,0,train
003085.jpg,148,71,250,326,0,train
003086.jpg,123,120,330,457,0,train
003087.jpg,294,148,361,500,0,train
003088.jpg,129,97,182,252,0,train
003089.jpg,78,60,226,313,0,train
003090.jpg,132,50,91,126,0,train
003091.jpg,82,57,166,230,0,train
003092.jpg,206,59,153,212,0,train
003093.jpg,162,68,218,302,0,train
003094.jpg,141,19,91,126,0,train
003095.jpg,152,50,101,140,0,train
003096.jpg,115,36,68,94,0,train
003097.jpg,359,191,325,450,0,train
003098.jpg,166,41,143,198,0,train
003099.jpg,83,157,174,241,0,train
003100.jpg,101,56,135,187,0,train
003101.jpg,6,81,166,230,0,train
003102.jpg,101,24,65,90,0,train
003103.jpg,89,11,130,180,0,train
003104.jpg,371,74,169,234,0,train
003105.jpg,610,333,923,1278,0,train
003106.jpg,557,253,1024,1418,0,train
003107.jpg,139,72,159,220,0,train
003108.jpg,219,63,114,158,0,train
003109.jpg,145,61,107,148,0,train
003110.jpg,63,38,252,349,0,train
003111.jpg,17,60,192,266,0,train
003112.jpg,92,92,182,252,0,train
003113.jpg,67,65,122,169,0,train
003114.jpg,99,99,208,288,0,train
003115.jpg,153,60,104,144,0,train
003116.jpg,160,99,146,202,0,train
003117.jpg,316,149,380,526,0,train
003118.jpg,39,49,159,220,0,train
003119.jpg,62,92,151,209,0,train
003120.jpg,136,64,216,299,0,train
003121.jpg,57,44,161,223,0,train
003122.jpg,62,59,200,277,0,train
003123.jpg,786,359,502,695,0,train
003124.jpg,69,101,237,328,0,train
003125.jpg,91,94,174,241,0,train
003126.jpg,90,85,161,223,0,train
003127.jpg,151,110,143,198,0,train
003128.jpg,96,45,325,450,0,train
003129.jpg,152,49,156,216,0,train
003130.jpg,127,90,122,169,0,train
003131.jpg,917,75,218,302,0,train
003132.jpg,520,159,369,511,0,train
003133.jpg,473,40,143,198,0,train
003134.jpg,504,142,385,533,0,train
003135.jpg,15,21,75,104,0,train
003136.jpg,25,57,101,140,0,train
003137.jpg,194,91,257,356,0,train
003138.jpg,303,34,107,148,0,train
003139.jpg,93,78,140,194,0,train
003140.jpg,121,46,60,83,0,train
003141.jpg,125,149,224,310,0,train
003142.jpg,329,88,218,302,0,train
003143.jpg,218,51,317,439,0,train
003144.jpg,92,8,224,310,0,train
003145.jpg,377,38,122,169,0,train
003146.jpg,72,29,265,367,0,train
003147.jpg,72,102,226,313,0,train
003148.jpg,373,49,114,158,0,train
003149.jpg,18,47,156,216,0,train
003150.jpg,64,124,265,367,0,train
003151.jpg,143,67,81,112,0,train
003152.jpg,366,113,156,216,0,train
003153.jpg,101,78,226,313,0,train
003154.jpg,95,32,124,191,0,train
003155.jpg,706,195,307,425,0,train
003156.jpg,206,29,148,205,0,train
003157.jpg,29,50,138,191,0,train
003158.jpg,47,51,47,65,0,train
003159.jpg,112,78,117,162,0,train
003160.jpg,73,65,161,223,0,train
003161.jpg,84,113,250,346,0,train
003162.jpg,232,47,211,292,0,train
003163.jpg,92,65,161,223,0,train
003164.jpg,672,24,159,220,0,train
003165.jpg,137,62,159,220,0,train
003166.jpg,193,61,185,256,0,train
003167.jpg,196,60,62,86,0,train
003168.jpg,555,206,172,238,0,train
003169.jpg,438,131,161,223,0,train
003170.jpg,21,68,114,158,0,train
003171.jpg,111,81,198,274,0,train
003172.jpg,97,1,143,198,0,train
003173.jpg,73,74,187,259,0,train
003174.jpg,117,55,169,234,0,train
003175.jpg,88,22,260,360,0,train
003176.jpg,176,66,385,531,0,train
003177.jpg,12,22,73,101,0,train
003178.jpg,81,121,174,241,0,train
003179.jpg,737,89,161,223,0,train
003180.jpg,308,1,200,277,0,train
003181.jpg,238,42,221,306,0,train
003182.jpg,56,54,221,306,0,train
003183.jpg,413,223,390,540,0,train
003184.jpg,204,176,205,284,0,train
003185.jpg,133,107,187,259,0,train
003186.jpg,101,65,125,173,0,train
003187.jpg,100,66,140,194,0,train
003188.jpg,94,34,112,155,0,train
003189.jpg,120,28,148,205,0,train
003190.jpg,44,66,143,198,0,train
003191.jpg,128,57,122,169,0,train
003192.jpg,107,55,166,230,0,train
003193.jpg,161,37,94,130,0,train
003194.jpg,156,96,81,112,0,train
003195.jpg,141,89,135,187,0,train
003196.jpg,82,81,133,184,0,train
003197.jpg,69,57,96,133,0,train
003198.jpg,12,35,107,148,0,train
003199.jpg,95,81,140,194,0,train
003200.jpg,199,35,166,230,0,train
003201.jpg,66,138,179,248,0,train
003202.jpg,84,60,190,263,0,train
003203.jpg,72,172,177,245,0,train
003204.jpg,93,70,289,400,0,train
003205.jpg,123,11,140,194,0,train
003206.jpg,98,49,104,144,0,train
003207.jpg,79,100,268,371,0,train
003208.jpg,119,48,88,122,0,train
003209.jpg,86,160,213,295,0,train
003210.jpg,62,21,195,270,0,train
003211.jpg,11,18,164,227,0,train
003212.jpg,306,33,315,436,0,train
003213.jpg,77,32,237,328,0,train
003214.jpg,51,49,125,173,0,train
003215.jpg,76,71,187,259,0,train
003216.jpg,110,79,148,205,0,train
003217.jpg,86,79,117,162,0,train
003218.jpg,262,53,120,166,0,train
003219.jpg,189,59,198,274,0,train
003220.jpg,187,50,138,191,0,train
003221.jpg,24,30,107,148,0,train
003222.jpg,572,126,372,515,0,train
003223.jpg,92,125,153,212,0,train
003224.jpg,720,288,702,972,0,train
003225.jpg,139,116,177,245,0,train
003226.jpg,254,109,177,245,0,train
003227.jpg,44,13,68,94,0,train
003228.jpg,116,119,172,238,0,train
003229.jpg,6,77,325,421,0,train
003230.jpg,59,35,146,202,0,train
003231.jpg,175,90,146,202,0,train
003232.jpg,120,107,164,227,0,train
003233.jpg,119,81,159,220,0,train
003234.jpg,353,81,122,169,0,train
003235.jpg,63,52,252,349,0,train
003236.jpg,235,120,83,115,0,train
003237.jpg,117,52,133,184,0,train
003238.jpg,173,124,237,328,0,train
003239.jpg,183,72,133,184,0,train
003240.jpg,347,36,348,482,0,train
003241.jpg,144,71,125,173,0,train
003242.jpg,171,21,148,205,0,train
003243.jpg,84,57,114,158,0,train
003244.jpg,459,70,190,263,0,train
003245.jpg,110,50,107,148,0,train
003246.jpg,918,115,546,756,0,train
003247.jpg,495,315,426,590,0,train
003248.jpg,174,93,73,101,0,train
003249.jpg,188,358,757,1048,0,train
003250.jpg,93,37,257,356,0,train
003251.jpg,335,133,437,605,0,train
003252.jpg,199,25,187,259,0,train
003253.jpg,65,35,151,209,0,train
003254.jpg,13,112,270,374,0,train
003255.jpg,45,39,302,418,0,train
003256.jpg,123,67,224,310,0,train
003257.jpg,127,52,156,216,0,train
003258.jpg,184,31,213,295,0,train
003259.jpg,131,143,83,115,0,train
003260.jpg,23,53,146,178,0,train
003261.jpg,161,101,320,443,0,train
003262.jpg,214,20,96,133,0,train
003263.jpg,152,86,159,220,0,train
003264.jpg,291,25,138,191,0,train
003265.jpg,75,59,192,266,0,train
003266.jpg,34,83,211,292,0,train
003267.jpg,119,100,247,318,0,train
003268.jpg,584,426,861,1192,0,train
003269.jpg,79,60,169,234,0,train
003270.jpg,30,34,86,119,0,train
003271.jpg,165,40,195,270,0,train
003272.jpg,81,61,159,220,0,train
003273.jpg,465,352,411,569,0,train
003274.jpg,45,61,231,320,0,train
003275.jpg,240,50,94,130,0,train
003276.jpg,321,91,161,223,0,train
003277.jpg,118,130,263,364,0,train
003278.jpg,64,71,81,112,0,train
003279.jpg,226,56,138,191,0,train
003280.jpg,115,134,159,220,0,train
003281.jpg,78,83,153,212,0,train
003282.jpg,71,83,182,252,0,train
003283.jpg,186,43,148,205,0,train
003284.jpg,98,63,78,108,0,train
003285.jpg,81,97,268,371,0,train
003286.jpg,95,61,166,230,0,train
003287.jpg,263,136,234,324,0,train
003288.jpg,167,126,172,238,0,train
003289.jpg,45,36,140,194,0,train
003290.jpg,390,139,361,500,0,train
003291.jpg,215,45,174,241,0,train
003292.jpg,80,24,161,196,0,train
003293.jpg,171,33,104,144,0,train
003294.jpg,92,80,198,274,0,train
003295.jpg,150,78,208,288,0,train
003296.jpg,72,127,341,472,0,train
003297.jpg,132,79,166,230,0,train
003298.jpg,46,26,112,155,0,train
003299.jpg,82,91,190,263,0,train
003300.jpg,129,62,104,144,0,train
003301.jpg,111,171,291,403,0,train
003302.jpg,87,43,237,318,0,train
003303.jpg,232,46,114,158,0,train
003304.jpg,526,406,697,965,0,train
003305.jpg,78,82,200,277,0,train
003306.jpg,176,52,135,187,0,train
003307.jpg,116,25,68,94,0,train
003308.jpg,89,88,208,288,0,train
003309.jpg,13,28,270,374,0,train
003310.jpg,60,68,195,270,0,train
003311.jpg,258,48,346,479,0,train
003312.jpg,180,106,190,263,0,train
003313.jpg,226,145,140,194,0,train
003314.jpg,237,43,101,140,0,train
003315.jpg,194,144,247,342,0,train
003316.jpg,133,44,153,212,0,train
003317.jpg,207,192,88,122,0,train
003318.jpg,150,55,114,158,0,train
003319.jpg,181,124,205,284,0,train
003320.jpg,31,74,133,183,0,train
003321.jpg,163,67,192,266,0,train
003322.jpg,318,209,536,742,0,train
003323.jpg,237,94,187,259,0,train
003324.jpg,96,79,208,288,0,train
003325.jpg,170,11,205,284,0,train
003326.jpg,357,339,471,652,0,train
003327.jpg,16,53,200,277,0,train
003328.jpg,170,32,127,176,0,train
003329.jpg,81,88,146,202,0,train
003330.jpg,67,119,242,335,0,train
003331.jpg,924,332,499,691,0,train
003332.jpg,186,6,117,162,0,train
003333.jpg,101,56,138,191,0,train
003334.jpg,147,38,153,212,0,train
003335.jpg,1064,421,1422,1969,0,train
003336.jpg,121,85,169,234,0,train
003337.jpg,139,79,166,230,0,train
003338.jpg,134,148,169,234,0,train
003339.jpg,394,490,632,875,0,train
003340.jpg,83,75,218,302,0,train
003341.jpg,313,58,86,119,0,train
003342.jpg,242,59,91,126,0,train
003343.jpg,138,44,104,144,0,train
003344.jpg,91,57,140,194,0,train
003345.jpg,30,101,187,259,0,train
003346.jpg,129,62,94,130,0,train
003347.jpg,255,51,120,166,0,train
003348.jpg,78,65,182,252,0,train
003349.jpg,156,72,127,176,0,train
003350.jpg,96,40,109,151,0,train
003351.jpg,141,95,127,176,0,train
003352.jpg,468,35,117,162,0,train
003353.jpg,194,212,205,284,0,train
003354.jpg,379,323,770,1066,0,train
003355.jpg,80,47,135,187,0,train
003356.jpg,139,80,122,169,0,train
003357.jpg,137,39,109,151,0,train
003358.jpg,47,59,140,194,0,train
003359.jpg,81,77,190,263,0,train
003360.jpg,478,108,187,259,0,train
003361.jpg,190,10,237,328,0,train
003362.jpg,142,62,78,108,0,train
003363.jpg,31,50,159,220,0,train
003364.jpg,63,14,153,212,0,train
003365.jpg,177,229,161,223,0,train
003366.jpg,138,20,159,220,0,train
003367.jpg,136,66,161,223,0,train
003368.jpg,174,26,104,144,0,train
003369.jpg,22,79,172,238,0,train
003370.jpg,41,28,114,158,0,train
003371.jpg,54,105,218,302,0,train
003372.jpg,66,37,125,173,0,train
003373.jpg,187,163,169,234,0,train
003374.jpg,118,72,257,356,0,train
003375.jpg,375,65,109,151,0,train
003376.jpg,187,147,161,223,0,train
003377.jpg,156,98,146,202,0,train
003378.jpg,108,154,257,356,0,train
003379.jpg,75,68,226,313,0,train
003380.jpg,65,50,125,173,0,train
003381.jpg,95,71,83,115,0,train
003382.jpg,127,197,512,709,0,train
003383.jpg,519,39,273,378,0,train
003384.jpg,245,3,237,328,0,train
003385.jpg,175,15,78,108,0,train
003386.jpg,66,98,192,266,0,train
003387.jpg,83,102,177,245,0,train
003388.jpg,213,68,161,223,0,train
003389.jpg,133,73,172,238,0,train
003390.jpg,29,32,117,162,0,train
003391.jpg,170,55,153,212,0,train
003392.jpg,82,57,203,281,0,train
003393.jpg,1,26,153,206,0,train
003394.jpg,85,56,187,259,0,train
003395.jpg,102,28,86,119,0,train
003396.jpg,124,36,94,130,0,train
003397.jpg,55,67,229,317,0,train
003398.jpg,340,29,83,115,0,train
003399.jpg,62,41,169,234,0,train
003400.jpg,193,57,164,227,0,train
003401.jpg,131,140,255,353,0,train
003402.jpg,86,53,148,205,0,train
003403.jpg,172,120,91,126,0,train
003404.jpg,105,118,151,209,0,train
003405.jpg,89,105,203,281,0,train
003406.jpg,82,72,174,241,0,train
003407.jpg,114,91,198,274,0,train
003408.jpg,20,14,75,104,0,train
003409.jpg,194,74,101,140,0,train
003410.jpg,677,116,374,518,0,train
003411.jpg,220,160,348,482,0,train
003412.jpg,108,85,187,259,0,train
003413.jpg,327,36,133,184,0,train
003414.jpg,90,71,224,310,0,train
003415.jpg,83,64,112,155,0,train
003416.jpg,421,182,255,353,0,train
003417.jpg,45,50,96,133,0,train
003418.jpg,202,128,112,155,0,train
003419.jpg,197,46,133,184,0,train
003420.jpg,96,89,224,310,0,train
003421.jpg,191,22,94,130,0,train
003422.jpg,119,68,159,220,0,train
003423.jpg,42,41,190,263,0,train
003424.jpg,148,50,73,101,0,train
003425.jpg,164,89,143,198,0,train
003426.jpg,67,43,140,194,0,train
003427.jpg,166,78,143,198,0,train
003428.jpg,63,84,200,277,0,train
003429.jpg,82,80,148,205,0,train
003430.jpg,151,79,224,310,0,train
003431.jpg,211,106,140,194,0,train
003432.jpg,145,104,198,274,0,train
003433.jpg,210,83,88,122,0,train
003434.jpg,20,45,276,382,0,train
003435.jpg,118,119,177,245,0,train
003436.jpg,166,50,156,216,0,train
003437.jpg,172,83,255,353,0,train
003438.jpg,121,86,130,180,0,train
003439.jpg,79,73,247,342,0,train
003440.jpg,175,105,138,191,0,train
003441.jpg,198,115,307,425,0,train
003442.jpg,166,67,190,263,0,train
003443.jpg,275,33,125,173,0,train
003444.jpg,116,32,94,130,0,train
003445.jpg,29,87,161,223,0,train
003446.jpg,51,68,283,392,0,train
003447.jpg,170,56,169,234,0,train
003448.jpg,107,89,122,169,0,train
003449.jpg,61,68,125,173,0,train
003450.jpg,83,41,218,302,0,train
003451.jpg,212,62,88,122,0,train
003452.jpg,36,112,185,256,0,train
003453.jpg,96,83,164,227,0,train
003454.jpg,59,41,138,191,0,train
003455.jpg,127,258,52,72,0,train
003456.jpg,88,63,156,216,0,train
003457.jpg,31,79,218,302,0,train
003458.jpg,658,155,361,500,0,train
003459.jpg,91,64,213,295,0,train
003460.jpg,66,52,109,151,0,train
003461.jpg,238,19,153,212,0,train
003462.jpg,339,224,369,511,0,train
003463.jpg,99,14,120,166,0,train
003464.jpg,69,91,247,342,0,train
003465.jpg,42,40,192,266,0,train
003466.jpg,256,123,255,353,0,train
003467.jpg,31,114,198,274,0,train
003468.jpg,31,39,83,115,0,train
003469.jpg,334,58,125,173,0,train
003470.jpg,524,139,299,414,0,train
003471.jpg,16,70,125,173,0,train
003472.jpg,131,73,283,392,0,train
003473.jpg,67,48,81,112,0,train
003474.jpg,233,44,122,169,0,train
003475.jpg,11,47,187,259,0,train
003476.jpg,62,105,226,313,0,train
003477.jpg,199,40,153,212,0,train
003478.jpg,77,100,166,230,0,train
003479.jpg,129,64,135,187,0,train
003480.jpg,169,86,166,230,0,train
003481.jpg,69,62,153,212,0,train
003482.jpg,113,74,117,162,0,train
003483.jpg,25,71,104,144,0,train
003484.jpg,360,273,218,302,0,train
003485.jpg,109,45,138,191,0,train
003486.jpg,79,222,213,295,0,train
003487.jpg,123,80,107,148,0,train
003488.jpg,107,47,177,245,0,train
003489.jpg,196,153,270,374,0,train
003490.jpg,94,112,195,270,0,train
003491.jpg,190,46,182,252,0,train
003492.jpg,61,36,130,180,0,train
003493.jpg,181,57,182,252,0,train
003494.jpg,79,42,161,223,0,train
003495.jpg,229,16,120,166,0,train
003496.jpg,52,90,270,374,0,train
003497.jpg,176,60,151,209,0,train
003498.jpg,223,31,62,86,0,train
003499.jpg,280,277,281,389,0,train
003500.jpg,106,69,208,288,0,train
003501.jpg,127,177,91,126,0,train
003502.jpg,224,45,107,148,0,train
003503.jpg,58,30,49,68,0,train
003504.jpg,87,95,297,402,0,train
003505.jpg,79,73,164,227,0,train
003506.jpg,26,38,73,101,0,train
003507.jpg,95,25,185,256,0,train
003508.jpg,388,85,192,266,0,train
003509.jpg,104,92,120,166,0,train
003510.jpg,66,42,203,281,0,train
003511.jpg,82,28,107,148,0,train
003512.jpg,275,148,523,724,0,train
003513.jpg,11,65,242,298,0,train
003514.jpg,174,62,177,245,0,train
003515.jpg,20,58,88,122,0,train
003516.jpg,51,58,151,209,0,train
003517.jpg,207,71,153,212,0,train
003518.jpg,40,51,94,130,0,train
003519.jpg,185,106,86,119,0,train
003520.jpg,54,77,179,248,0,train
003521.jpg,114,66,117,162,0,train
003522.jpg,25,70,218,302,0,train
003523.jpg,56,96,166,230,0,train
003524.jpg,71,118,252,349,0,train
003525.jpg,114,103,148,205,0,train
003526.jpg,58,48,231,309,0,train
003527.jpg,75,1,203,281,0,train
003528.jpg,83,15,164,200,0,train
003529.jpg,186,5,135,187,0,train
003530.jpg,92,55,146,202,0,train
003531.jpg,73,139,239,331,0,train
003532.jpg,47,50,127,176,0,train
003533.jpg,263,219,312,432,0,train
003534.jpg,260,43,133,184,0,train
003535.jpg,115,120,244,338,0,train
003536.jpg,82,108,239,331,0,train
003537.jpg,73,29,125,173,0,train
003538.jpg,72,28,122,169,0,train
003539.jpg,89,63,101,140,0,train
003540.jpg,35,54,49,68,0,train
003541.jpg,95,96,169,234,0,train
003542.jpg,112,99,195,270,0,train
003543.jpg,280,55,172,238,0,train
003544.jpg,28,40,159,220,0,train
003545.jpg,735,252,546,756,0,train
003546.jpg,265,181,322,446,0,train
003547.jpg,49,87,234,324,0,train
003548.jpg,110,67,91,126,0,train
003549.jpg,69,86,255,353,0,train
003550.jpg,169,46,65,90,0,train
003551.jpg,482,321,705,976,0,train
003552.jpg,131,62,104,144,0,train
003553.jpg,157,45,143,198,0,train
003554.jpg,107,97,263,364,0,train
003555.jpg,87,62,107,148,0,train
003556.jpg,84,68,122,169,0,train
003557.jpg,61,85,174,241,0,train
003558.jpg,161,48,229,317,0,train
003559.jpg,37,6,94,137,0,train
003560.jpg,169,17,122,169,0,train
003561.jpg,463,49,434,601,0,train
003562.jpg,66,108,187,259,0,train
003563.jpg,63,29,86,119,0,train
003564.jpg,519,31,234,324,0,train
003565.jpg,170,76,151,209,0,train
003566.jpg,106,73,164,227,0,train
003567.jpg,153,109,260,360,0,train
003568.jpg,355,86,127,176,0,train
003569.jpg,197,191,426,590,0,train
003570.jpg,85,115,151,209,0,train
003571.jpg,153,199,312,432,0,train
003572.jpg,90,36,172,238,0,train
003573.jpg,127,62,91,126,0,train
003574.jpg,67,56,205,284,0,train
003575.jpg,168,117,455,630,0,train
003576.jpg,113,82,208,288,0,train
003577.jpg,362,199,372,515,0,train
003578.jpg,304,31,151,209,0,train
003579.jpg,770,1,382,529,0,train
003580.jpg,24,55,78,108,0,train
003581.jpg,116,75,120,166,0,train
003582.jpg,126,58,187,259,0,train
003583.jpg,87,63,179,248,0,train
003584.jpg,107,101,372,496,0,train
003585.jpg,46,63,231,320,0,train
003586.jpg,223,100,140,194,0,train
003587.jpg,105,109,239,331,0,train
003588.jpg,107,92,205,284,0,train
003589.jpg,143,66,133,184,0,train
003590.jpg,69,59,135,187,0,train
003591.jpg,116,171,205,284,0,train
003592.jpg,41,23,104,141,0,train
003593.jpg,188,42,130,180,0,train
003594.jpg,370,47,182,252,0,train
003595.jpg,60,101,335,396,0,train
003596.jpg,87,69,200,277,0,train
003597.jpg,132,83,78,108,0,train
003598.jpg,742,72,489,677,0,train
003599.jpg,103,90,127,176,0,train
003600.jpg,142,60,164,227,0,train
003601.jpg,54,38,57,79,0,train
003602.jpg,15,37,109,134,0,train
003603.jpg,148,107,226,313,0,train
003604.jpg,76,79,130,180,0,train
003605.jpg,141,94,151,209,0,train
003606.jpg,68,74,156,216,0,train
003607.jpg,103,38,88,122,0,train
003608.jpg,45,10,148,205,0,train
003609.jpg,91,21,138,191,0,train
003610.jpg,171,120,211,292,0,train
003611.jpg,622,56,148,205,0,train
003612.jpg,110,82,166,230,0,train
003613.jpg,541,123,491,680,0,train
003614.jpg,109,53,156,216,0,train
003615.jpg,102,132,200,277,0,train
003616.jpg,164,75,112,155,0,train
003617.jpg,48,129,192,266,0,train
003618.jpg,90,117,229,317,0,train
003619.jpg,229,35,99,137,0,train
003620.jpg,74,87,190,263,0,train
003621.jpg,72,73,231,320,0,train
003622.jpg,963,419,627,868,0,train
003623.jpg,65,60,166,230,0,train
003624.jpg,113,114,156,216,0,train
003625.jpg,663,10,244,338,0,train
003626.jpg,352,195,294,407,0,train
003627.jpg,86,24,226,313,0,train
003628.jpg,56,115,309,382,0,train
003629.jpg,97,59,104,144,0,train
003630.jpg,114,48,567,669,0,train
003631.jpg,54,130,156,216,0,train
003632.jpg,112,71,114,158,0,train
003633.jpg,133,67,140,194,0,train
003634.jpg,467,136,430,713,0,train
003635.jpg,135,71,185,256,0,train
003636.jpg,1,9,159,220,0,train
003637.jpg,104,74,114,158,0,train
003638.jpg,38,24,86,119,0,train
003639.jpg,70,102,299,373,0,train
003640.jpg,146,271,294,407,0,train
003641.jpg,198,61,117,162,0,train
003642.jpg,138,85,208,288,0,train
003643.jpg,193,121,274,443,0,train
003644.jpg,52,73,226,313,0,train
003645.jpg,86,41,218,302,0,train
003646.jpg,128,78,164,227,0,train
003647.jpg,346,88,569,788,0,train
003648.jpg,46,61,161,217,0,train
003649.jpg,313,181,364,504,0,train
003650.jpg,10,19,120,166,0,train
003651.jpg,159,47,88,122,0,train
003652.jpg,189,239,692,958,0,train
003653.jpg,256,151,148,205,0,train
003654.jpg,74,104,156,216,0,train
003655.jpg,217,111,281,389,0,train
003656.jpg,209,22,120,166,0,train
003657.jpg,27,25,120,165,0,train
003658.jpg,108,82,138,191,0,train
003659.jpg,100,81,169,234,0,train
003660.jpg,22,23,156,216,0,train
003661.jpg,162,55,140,194,0,train
003662.jpg,106,67,218,302,0,train
003663.jpg,111,1,171,335,0,train
003664.jpg,136,32,354,490,0,train
003665.jpg,161,178,250,346,0,train
003666.jpg,184,66,159,220,0,train
003667.jpg,80,47,120,166,0,train
003668.jpg,149,180,458,634,0,train
003669.jpg,247,53,133,184,0,train
003670.jpg,1164,69,302,418,0,train
003671.jpg,246,256,676,936,0,train
003672.jpg,122,54,130,180,0,train
003673.jpg,471,49,127,176,0,train
003674.jpg,159,86,190,263,0,train
003675.jpg,165,20,289,400,0,train
003676.jpg,71,47,101,140,0,train
003677.jpg,134,194,151,209,0,train
003678.jpg,33,13,68,94,0,train
003679.jpg,114,69,135,187,0,train
003680.jpg,52,20,65,90,0,train
003681.jpg,76,65,156,216,0,train
003682.jpg,108,24,161,223,0,train
003683.jpg,127,96,286,396,0,train
003684.jpg,29,93,296,404,0,train
003685.jpg,146,57,205,284,0,train
003686.jpg,25,19,70,97,0,train
003687.jpg,106,74,130,180,0,train
003688.jpg,172,40,62,86,0,train
003689.jpg,176,71,130,180,0,train
003690.jpg,135,91,179,248,0,train
003691.jpg,120,80,140,194,0,train
003692.jpg,303,121,164,227,0,train
003693.jpg,598,34,252,349,0,train
003694.jpg,62,48,132,191,0,train
003695.jpg,47,48,86,119,0,train
003696.jpg,88,103,359,497,0,train
003697.jpg,154,101,208,288,0,train
003698.jpg,217,211,359,497,0,train
003699.jpg,15,29,122,157,0,train
003700.jpg,2,37,146,192,0,train
003701.jpg,84,46,99,137,0,train
003702.jpg,92,20,143,220,0,train
003703.jpg,155,72,99,137,0,train
003704.jpg,83,124,198,274,0,train
003705.jpg,48,36,122,169,0,train
003706.jpg,44,91,140,194,0,train
003707.jpg,123,76,274,432,0,train
003708.jpg,88,64,195,270,0,train
003709.jpg,171,38,190,263,0,train
003710.jpg,73,57,211,292,0,train
003711.jpg,121,71,133,184,0,train
003712.jpg,130,54,156,216,0,train
003713.jpg,58,80,135,187,0,train
003714.jpg,19,54,101,140,0,train
003715.jpg,94,47,148,205,0,train
003716.jpg,234,137,489,677,0,train
003717.jpg,98,71,127,176,0,train
003718.jpg,107,109,299,414,0,train
003719.jpg,110,132,325,450,0,train
003720.jpg,44,39,78,108,0,train
003721.jpg,41,51,130,180,0,train
003722.jpg,119,98,101,140,0,train
003723.jpg,90,93,229,317,0,train
003724.jpg,79,84,166,230,0,train
003725.jpg,38,71,143,172,0,train
003726.jpg,144,46,122,169,0,train
003727.jpg,195,114,153,212,0,train
003728.jpg,257,109,109,151,0,train
003729.jpg,179,44,117,162,0,train
003730.jpg,97,208,159,220,0,train
003731.jpg,401,75,190,263,0,train
003732.jpg,105,72,55,76,0,train
003733.jpg,116,13,117,162,0,train
003734.jpg,47,58,127,176,0,train
003735.jpg,56,53,151,209,0,train
003736.jpg,288,95,231,320,0,train
003737.jpg,32,29,91,126,0,train
003738.jpg,191,45,172,238,0,train
003739.jpg,371,70,187,259,0,train
003740.jpg,121,103,96,133,0,train
003741.jpg,1061,332,260,360,0,train
003742.jpg,98,82,348,482,0,train
003743.jpg,94,89,187,259,0,train
003744.jpg,141,35,68,94,0,train
003745.jpg,581,236,523,724,0,train
003746.jpg,54,19,135,187,0,train
003747.jpg,233,265,580,803,0,train
003748.jpg,77,49,83,115,0,train
003749.jpg,719,718,754,1044,0,train
003750.jpg,46,60,133,184,0,train
003751.jpg,113,57,114,158,0,train
003752.jpg,131,46,140,194,0,train
003753.jpg,136,108,166,230,0,train
003754.jpg,308,64,104,144,0,train
003755.jpg,84,59,185,256,0,train
003756.jpg,1163,434,481,666,0,train
003757.jpg,151,36,156,216,0,train
003758.jpg,246,75,70,97,0,train
003759.jpg,69,61,195,270,0,train
003760.jpg,107,51,151,209,0,train
003761.jpg,86,70,307,425,0,train
003762.jpg,38,53,83,115,0,train
003763.jpg,1,58,161,223,0,train
003764.jpg,91,42,91,126,0,train
003765.jpg,75,44,143,198,0,train
003766.jpg,36,46,99,137,0,train
003767.jpg,498,187,1061,1469,0,train
003768.jpg,304,135,367,508,0,train
003769.jpg,202,41,91,126,0,train
003770.jpg,18,50,112,155,0,train
003771.jpg,873,134,543,752,0,train
003772.jpg,125,104,133,184,0,train
003773.jpg,52,61,229,317,0,train
003774.jpg,285,36,200,277,0,train
003775.jpg,485,351,572,792,0,train
003776.jpg,90,104,159,220,0,train
003777.jpg,46,62,117,162,0,train
003778.jpg,165,44,78,108,0,train
003779.jpg,102,65,153,212,0,train
003780.jpg,108,92,247,342,0,train
003781.jpg,74,111,200,277,0,train
003782.jpg,95,70,153,212,0,train
003783.jpg,58,33,146,202,0,train
003784.jpg,32,26,140,194,0,train
003785.jpg,259,53,164,227,0,train
003786.jpg,1,58,146,202,0,train
003787.jpg,79,76,112,155,0,train
003788.jpg,208,36,138,191,0,train
003789.jpg,1742,220,939,1300,0,train
003790.jpg,60,155,203,281,0,train
003791.jpg,94,85,156,216,0,train
003792.jpg,164,179,179,248,0,train
003793.jpg,192,140,395,547,0,train
003794.jpg,66,31,208,281,0,train
003795.jpg,203,109,421,583,0,train
003796.jpg,268,65,91,126,0,train
003797.jpg,101,57,185,245,0,train
003798.jpg,192,22,138,191,0,train
003799.jpg,126,70,161,223,0,train
003800.jpg,67,102,211,292,0,train
003801.jpg,107,84,203,281,0,train
003802.jpg,279,18,179,248,0,train
003803.jpg,91,104,169,234,0,train
003804.jpg,86,101,130,180,0,train
003805.jpg,100,45,146,202,0,train
003806.jpg,65,94,218,302,0,train
003807.jpg,44,68,179,248,0,train
003808.jpg,104,28,78,108,0,train
003809.jpg,172,39,75,104,0,train
003810.jpg,87,69,203,281,0,train
003811.jpg,213,124,224,310,0,train
003812.jpg,100,93,281,389,0,train
003813.jpg,20,102,263,364,0,train
003814.jpg,341,176,226,313,0,train
003815.jpg,1,70,211,265,0,train
003816.jpg,111,69,182,252,0,train
003817.jpg,50,63,81,112,0,train
003818.jpg,79,63,156,216,0,train
003819.jpg,107,41,101,140,0,train
003820.jpg,152,69,185,256,0,train
003821.jpg,432,436,741,1026,0,train
003822.jpg,53,34,195,270,0,train
003823.jpg,190,88,117,162,0,train
003824.jpg,84,112,255,353,0,train
003825.jpg,188,76,224,310,0,train
003826.jpg,72,42,88,122,0,train
003827.jpg,118,46,127,176,0,train
003828.jpg,266,108,174,241,0,train
003829.jpg,76,87,244,338,0,train
003830.jpg,112,168,179,248,0,train
003831.jpg,206,106,177,236,0,train
003832.jpg,236,88,192,266,0,train
003833.jpg,189,41,86,119,0,train
003834.jpg,83,71,81,112,0,train
003835.jpg,110,85,107,148,0,train
003836.jpg,272,44,148,205,0,train
003837.jpg,340,123,250,346,0,train
003838.jpg,128,85,187,259,0,train
003839.jpg,75,42,122,169,0,train
003840.jpg,56,25,156,212,0,train
003841.jpg,140,138,94,130,0,train
003842.jpg,84,78,135,187,0,train
003843.jpg,116,64,107,148,0,train
003844.jpg,400,201,340,605,0,train
003845.jpg,55,26,195,270,0,train
003846.jpg,106,78,268,320,0,train
003847.jpg,85,26,161,223,0,train
003848.jpg,184,104,130,180,0,train
003849.jpg,24,41,125,173,0,train
003850.jpg,1,50,169,222,0,train
003851.jpg,185,37,101,140,0,train
003852.jpg,211,34,47,65,0,train
003853.jpg,75,86,166,230,0,train
003854.jpg,119,3,187,259,0,train
003855.jpg,129,46,179,248,0,train
003856.jpg,66,45,81,112,0,train
003857.jpg,171,44,174,241,0,train
003858.jpg,108,100,226,313,0,train
003859.jpg,33,78,278,352,0,train
003860.jpg,49,57,140,194,0,train
003861.jpg,381,208,208,288,0,train
003862.jpg,58,96,205,284,0,train
003863.jpg,92,37,177,245,0,train
003864.jpg,94,95,231,320,0,train
003865.jpg,20,59,211,262,0,train
003866.jpg,64,1,135,187,0,train
003867.jpg,182,157,140,194,0,train
003868.jpg,34,34,104,144,0,train
003869.jpg,260,32,94,130,0,train
003870.jpg,90,70,122,169,0,train
003871.jpg,156,47,125,173,0,train
003872.jpg,97,78,125,173,0,train
003873.jpg,91,53,135,187,0,train
003874.jpg,120,64,138,191,0,train
003875.jpg,86,22,270,374,0,train
003876.jpg,65,16,309,380,0,train
003877.jpg,63,68,169,234,0,train
003878.jpg,191,29,101,140,0,train
003879.jpg,133,68,263,364,0,train
003880.jpg,172,79,133,184,0,train
003881.jpg,41,78,127,176,0,train
003882.jpg,104,96,156,216,0,train
003883.jpg,38,49,101,140,0,train
003884.jpg,67,52,242,335,0,train
003885.jpg,80,92,218,302,0,train
003886.jpg,111,57,179,248,0,train
003887.jpg,49,15,81,122,0,train
003888.jpg,54,42,109,151,0,train
003889.jpg,84,51,265,367,0,train
003890.jpg,22,87,278,385,0,train
003891.jpg,65,45,133,184,0,train
003892.jpg,321,94,354,490,0,train
003893.jpg,251,70,174,241,0,train
003894.jpg,94,19,65,90,0,train
003895.jpg,97,64,161,223,0,train
003896.jpg,63,44,130,180,0,train
003897.jpg,192,81,244,338,0,train
003898.jpg,42,153,257,344,0,train
003899.jpg,314,89,380,526,0,train
003900.jpg,207,61,185,256,0,train
003901.jpg,146,85,247,342,0,train
003902.jpg,54,28,114,158,0,train
003903.jpg,169,102,112,155,0,train
003904.jpg,146,119,75,104,0,train
003905.jpg,79,65,70,97,0,train
003906.jpg,46,37,112,155,0,train
003907.jpg,260,144,169,234,0,train
003908.jpg,37,14,148,205,0,train
003909.jpg,75,106,208,288,0,train
003910.jpg,182,78,146,202,0,train
003911.jpg,110,181,244,338,0,train
003912.jpg,13,19,99,137,0,train
003913.jpg,52,33,65,90,0,train
003914.jpg,211,67,172,238,0,train
003915.jpg,42,22,86,119,0,train
003916.jpg,273,272,447,619,0,train
003917.jpg,176,39,122,169,0,train
003918.jpg,216,94,164,227,0,train
003919.jpg,181,108,99,137,0,train
003920.jpg,69,117,78,108,0,train
003921.jpg,120,74,198,274,0,train
003922.jpg,70,35,101,140,0,train
003923.jpg,141,39,127,176,0,train
003924.jpg,211,112,198,274,0,train
003925.jpg,111,86,148,205,0,train
003926.jpg,458,395,351,486,0,train
003927.jpg,416,173,213,295,0,train
003928.jpg,60,75,122,169,0,train
003929.jpg,109,53,247,342,0,train
003930.jpg,46,36,114,158,0,train
003931.jpg,73,89,192,266,0,train
003932.jpg,127,59,257,356,0,train
003933.jpg,301,236,575,796,0,train
003934.jpg,111,210,322,446,0,train
003935.jpg,113,129,172,238,0,train
003936.jpg,98,117,190,263,0,train
003937.jpg,403,75,252,349,0,train
003938.jpg,331,17,208,288,0,train
003939.jpg,395,73,315,436,0,train
003940.jpg,22,81,281,370,0,train
003941.jpg,66,59,242,335,0,train
003942.jpg,145,57,88,122,0,train
003943.jpg,159,24,153,212,0,train
003944.jpg,78,37,185,256,0,train
003945.jpg,71,65,101,140,0,train
003946.jpg,143,17,112,155,0,train
003947.jpg,559,30,138,191,0,train
003948.jpg,92,64,133,184,0,train
003949.jpg,96,138,291,403,0,train
003950.jpg,349,129,320,443,0,train
003951.jpg,82,82,179,248,0,train
003952.jpg,323,83,416,576,0,train
003953.jpg,190,14,60,83,0,train
003954.jpg,185,113,169,234,0,train
003955.jpg,34,55,281,389,0,train
003956.jpg,60,75,270,374,0,train
003957.jpg,128,33,78,108,0,train
003958.jpg,45,50,70,97,0,train
003959.jpg,104,41,312,432,0,train
003960.jpg,261,245,481,666,0,train
003961.jpg,63,31,143,198,0,train
003962.jpg,71,85,161,223,0,train
003963.jpg,90,49,140,194,0,train
003964.jpg,177,89,94,130,0,train
003965.jpg,128,70,205,284,0,train
003966.jpg,184,106,172,238,0,train
003967.jpg,158,72,190,263,0,train
003968.jpg,150,31,122,169,0,train
003969.jpg,150,49,169,234,0,train
003970.jpg,36,28,190,263,0,train
003971.jpg,359,100,203,281,0,train
003972.jpg,61,36,107,148,0,train
003973.jpg,6,66,161,201,0,train
003974.jpg,43,72,104,141,0,train
003975.jpg,49,79,255,353,0,train
003976.jpg,6,78,205,284,0,train
003977.jpg,46,15,305,439,0,train
003978.jpg,156,74,122,169,0,train
003979.jpg,329,33,112,155,0,train
003980.jpg,6,46,200,277,0,train
003981.jpg,52,140,257,356,0,train
003982.jpg,283,100,109,151,0,train
003983.jpg,258,172,697,965,0,train
003984.jpg,70,94,200,277,0,train
003985.jpg,118,165,273,378,0,train
003986.jpg,49,65,190,263,0,train
003987.jpg,35,56,125,173,0,train
003988.jpg,56,77,133,183,0,train
003989.jpg,115,70,120,166,0,train
003990.jpg,88,30,187,259,0,train
003991.jpg,12,45,169,234,0,train
003992.jpg,70,44,91,126,0,train
003993.jpg,65,80,255,353,0,train
003994.jpg,45,62,47,65,0,train
003995.jpg,74,74,200,277,0,train
003996.jpg,52,25,70,97,0,train
003997.jpg,105,55,169,234,0,train
003998.jpg,66,2,317,439,0,train
003999.jpg,145,93,195,270,0,train
004000.jpg,53,15,127,176,0,train
004001.jpg,50,59,91,126,0,train
004002.jpg,100,41,117,162,0,train
004003.jpg,110,71,166,230,0,train
004004.jpg,30,56,330,441,0,train
004005.jpg,215,67,122,169,0,train
004006.jpg,70,56,250,346,0,train
004007.jpg,138,77,151,209,0,train
004008.jpg,228,39,164,227,0,train
004009.jpg,34,61,265,367,0,train
004010.jpg,179,74,75,104,0,train
004011.jpg,33,23,73,101,0,train
004012.jpg,182,31,143,198,0,train
004013.jpg,295,63,86,119,0,train
004014.jpg,492,216,393,544,0,train
004015.jpg,170,37,166,230,0,train
004016.jpg,187,64,216,299,0,train
004017.jpg,326,182,117,162,0,train
004018.jpg,101,71,164,227,0,train
004019.jpg,159,34,99,137,0,train
004020.jpg,38,73,221,306,0,train
004021.jpg,52,48,83,115,0,train
004022.jpg,144,67,143,198,0,train
004023.jpg,3,68,153,168,0,train
004024.jpg,139,210,309,428,0,train
004025.jpg,65,75,109,151,0,train
004026.jpg,222,44,83,115,0,train
004027.jpg,152,89,161,223,0,train
004028.jpg,17,61,237,302,0,train
004029.jpg,32,38,116,169,0,train
004030.jpg,62,63,213,295,0,train
004031.jpg,46,89,237,328,0,train
004032.jpg,83,54,216,299,0,train
004033.jpg,338,60,333,461,0,train
004034.jpg,257,191,338,468,0,train
004035.jpg,135,22,151,209,0,train
004036.jpg,108,29,122,169,0,train
004037.jpg,7,29,169,234,0,train
004038.jpg,57,79,151,209,0,train
004039.jpg,91,67,140,194,0,train
004040.jpg,23,29,294,407,0,train
004041.jpg,175,45,44,61,0,train
004042.jpg,97,75,216,299,0,train
004043.jpg,113,53,187,259,0,train
004044.jpg,73,80,164,227,0,train
004045.jpg,353,133,312,432,0,train
004046.jpg,39,52,143,198,0,train
004047.jpg,50,30,94,130,0,train
004048.jpg,58,103,185,256,0,train
004049.jpg,176,76,96,133,0,train
004050.jpg,88,77,229,317,0,train
004051.jpg,583,78,346,479,0,train
004052.jpg,80,70,174,241,0,train
004053.jpg,113,136,179,248,0,train
004054.jpg,97,64,112,155,0,train
004055.jpg,193,57,135,187,0,train
004056.jpg,184,191,572,792,0,train
004057.jpg,66,50,200,277,0,train
004058.jpg,116,61,166,230,0,train
004059.jpg,42,52,81,112,0,train
004060.jpg,265,113,122,169,0,train
004061.jpg,265,142,182,252,0,train
004062.jpg,94,30,187,259,0,train
004063.jpg,60,25,94,130,0,train
004064.jpg,260,123,101,140,0,train
004065.jpg,163,128,299,414,0,train
004066.jpg,69,68,138,191,0,train
004067.jpg,115,284,705,976,0,train
004068.jpg,166,60,177,245,0,train
004069.jpg,121,24,127,176,0,train
004070.jpg,78,79,455,630,0,train
004071.jpg,216,54,148,205,0,train
004072.jpg,113,54,172,238,0,train
004073.jpg,201,94,208,306,0,train
004074.jpg,104,135,198,274,0,train
004075.jpg,226,198,265,367,0,train
004076.jpg,712,170,281,389,0,train
004077.jpg,102,58,164,227,0,train
004078.jpg,269,26,140,194,0,train
004079.jpg,41,150,242,335,0,train
004080.jpg,51,54,252,333,0,train
004081.jpg,35,30,122,169,0,train
004082.jpg,208,106,151,209,0,train
004083.jpg,61,39,117,162,0,train
004084.jpg,107,37,101,140,0,train
004085.jpg,170,51,140,194,0,train
004086.jpg,24,54,88,122,0,train
004087.jpg,95,26,130,180,0,train
004088.jpg,90,98,179,248,0,train
004089.jpg,184,37,55,76,0,train
004090.jpg,101,63,104,144,0,train
004091.jpg,300,17,68,94,0,train
004092.jpg,166,259,325,450,0,train
004093.jpg,264,222,465,644,0,train
004094.jpg,85,79,177,245,0,train
004095.jpg,223,84,140,194,0,train
004096.jpg,99,75,185,256,0,train
004097.jpg,72,78,205,284,0,train
004098.jpg,85,13,117,162,0,train
004099.jpg,84,42,135,187,0,train
004100.jpg,101,41,198,274,0,train
004101.jpg,101,84,218,302,0,train
004102.jpg,200,35,130,180,0,train
004103.jpg,458,16,216,299,0,train
004104.jpg,133,36,158,266,0,train
004105.jpg,462,67,208,288,0,train
004106.jpg,72,127,335,404,0,train
004107.jpg,172,119,200,277,0,train
004108.jpg,122,68,127,176,0,train
004109.jpg,206,54,179,248,0,train
004110.jpg,162,72,86,119,0,train
004111.jpg,166,39,156,216,0,train
004112.jpg,56,56,140,194,0,train
004113.jpg,138,51,117,162,0,train
004114.jpg,176,161,164,227,0,train
004115.jpg,47,44,130,180,0,train
004116.jpg,225,59,299,414,0,train
004117.jpg,106,36,133,184,0,train
004118.jpg,448,184,980,1357,0,train
004119.jpg,88,71,140,194,0,train
004120.jpg,101,78,159,220,0,train
004121.jpg,63,105,208,288,0,train
004122.jpg,120,58,104,144,0,train
004123.jpg,208,130,127,176,0,train
004124.jpg,98,53,125,173,0,train
004125.jpg,85,106,143,198,0,train
004126.jpg,188,93,286,396,0,train
004127.jpg,43,88,224,310,0,train
004128.jpg,102,100,205,284,0,train
004129.jpg,94,80,146,202,0,train
004130.jpg,118,51,57,79,0,train
004131.jpg,110,78,216,299,0,train
004132.jpg,92,70,200,277,0,train
004133.jpg,220,51,174,241,0,train
004134.jpg,137,71,125,173,0,train
004135.jpg,86,25,60,83,0,train
004136.jpg,617,579,933,1292,0,train
004137.jpg,161,60,88,122,0,train
004138.jpg,120,89,187,259,0,train
004139.jpg,112,53,47,65,0,train
004140.jpg,135,67,135,187,0,train
004141.jpg,212,112,122,169,0,train
004142.jpg,96,27,130,180,0,train
004143.jpg,49,77,138,191,0,train
004144.jpg,482,120,224,310,0,train
004145.jpg,96,96,190,263,0,train
004146.jpg,73,27,344,471,0,train
004147.jpg,108,57,78,108,0,train
004148.jpg,11,88,218,266,0,train
004149.jpg,206,88,218,302,0,train
004150.jpg,86,47,164,227,0,train
004151.jpg,438,139,192,266,0,train
004152.jpg,9,34,208,288,0,train
004153.jpg,75,35,148,205,0,train
004154.jpg,227,227,450,623,0,train
004155.jpg,32,29,151,209,0,train
004156.jpg,103,79,143,198,0,train
004157.jpg,45,82,68,94,0,train
004158.jpg,42,33,65,90,0,train
004159.jpg,80,70,159,220,0,train
004160.jpg,91,49,135,187,0,train
004161.jpg,386,78,268,371,0,train
004162.jpg,43,32,140,194,0,train
004163.jpg,938,233,387,536,0,train
004164.jpg,266,49,88,122,0,train
004165.jpg,264,49,86,119,0,train
004166.jpg,32,70,187,259,0,train
004167.jpg,46,59,81,112,0,train
004168.jpg,70,25,205,284,0,train
004169.jpg,121,55,151,209,0,train
004170.jpg,87,63,112,155,0,train
004171.jpg,52,150,213,295,0,train
004172.jpg,12,70,229,317,0,train
004173.jpg,110,20,156,216,0,train
004174.jpg,56,41,104,144,0,train
004175.jpg,145,76,205,284,0,train
004176.jpg,199,63,192,266,0,train
004177.jpg,104,61,224,310,0,train
004178.jpg,118,108,239,306,0,train
004179.jpg,84,46,169,234,0,train
004180.jpg,84,93,182,252,0,train
004181.jpg,26,85,242,335,0,train
004182.jpg,160,48,130,180,0,train
004183.jpg,194,65,244,338,0,train
004184.jpg,45,57,244,338,0,train
004185.jpg,127,41,117,162,0,train
004186.jpg,170,61,143,198,0,train
004187.jpg,35,101,231,320,0,train
004188.jpg,362,397,289,400,0,train
004189.jpg,358,211,276,382,0,train
004190.jpg,108,113,166,230,0,train
004191.jpg,228,77,179,248,0,train
004192.jpg,98,7,112,155,0,train
004193.jpg,79,64,81,112,0,train
004194.jpg,81,49,117,162,0,train
004195.jpg,179,80,166,230,0,train
004196.jpg,239,150,172,238,0,train
004197.jpg,48,23,203,271,0,train
004198.jpg,1,25,143,198,0,train
004199.jpg,65,44,83,115,0,train
004200.jpg,89,72,208,295,0,train
004201.jpg,78,145,338,468,0,train
004202.jpg,148,51,122,169,0,train
004203.jpg,245,85,99,137,0,train
004204.jpg,151,58,104,144,0,train
004205.jpg,82,73,140,194,0,train
004206.jpg,44,36,112,143,0,train
004207.jpg,117,24,47,65,0,train
004208.jpg,147,37,65,90,0,train
004209.jpg,184,43,104,144,0,train
004210.jpg,128,57,224,310,0,train
004211.jpg,38,113,244,338,0,train
004212.jpg,69,102,218,302,0,train
004213.jpg,77,66,151,209,0,train
004214.jpg,132,26,140,194,0,train
004215.jpg,89,122,198,274,0,train
004216.jpg,89,109,229,317,0,train
004217.jpg,136,101,146,202,0,train
004218.jpg,132,12,70,97,0,train
004219.jpg,80,39,146,202,0,train
004220.jpg,116,84,127,176,0,train
004221.jpg,58,75,140,194,0,train
004222.jpg,242,79,140,194,0,train
004223.jpg,17,17,114,158,0,train
004224.jpg,203,58,208,288,0,train
004225.jpg,98,89,148,205,0,train
004226.jpg,62,100,205,284,0,train
004227.jpg,32,103,281,389,0,train
004228.jpg,15,73,185,256,0,train
004229.jpg,63,102,127,176,0,train
004230.jpg,99,105,195,270,0,train
004231.jpg,7,52,203,252,0,train
004232.jpg,81,71,252,349,0,train
004233.jpg,48,51,263,364,0,train
004234.jpg,156,102,99,137,0,train
004235.jpg,331,132,645,893,0,train
004236.jpg,70,68,221,306,0,train
004237.jpg,30,69,257,356,0,train
004238.jpg,123,47,94,130,0,train
004239.jpg,94,66,107,148,0,train
004240.jpg,4,29,104,144,0,train
004241.jpg,30,90,138,191,0,train
004242.jpg,242,45,216,299,0,train
004243.jpg,75,68,185,256,0,train
004244.jpg,52,105,260,360,0,train
004245.jpg,65,36,57,79,0,train
004246.jpg,338,241,863,1195,0,train
004247.jpg,65,105,260,360,0,train
004248.jpg,9,57,300,440,0,train
004249.jpg,98,55,143,198,0,train
004250.jpg,149,76,257,356,0,train
004251.jpg,41,52,91,126,0,train
004252.jpg,45,236,491,680,0,train
004253.jpg,430,4,551,763,0,train
004254.jpg,145,115,148,205,0,train
004255.jpg,93,68,135,187,0,train
004256.jpg,138,71,99,137,0,train
004257.jpg,182,45,104,144,0,train
004258.jpg,222,117,411,569,0,train
004259.jpg,383,102,130,180,0,train
004260.jpg,14,78,153,212,0,train
004261.jpg,121,31,104,144,0,train
004262.jpg,212,38,101,140,0,train
004263.jpg,316,107,200,277,0,train
004264.jpg,165,188,151,189,0,train
004265.jpg,95,81,239,331,0,train
004266.jpg,58,18,226,313,0,train
004267.jpg,114,127,185,256,0,train
004268.jpg,179,103,190,263,0,train
004269.jpg,74,30,182,252,0,train
004270.jpg,1,25,96,133,0,train
004271.jpg,118,45,133,184,0,train
004272.jpg,230,40,166,230,0,train
004273.jpg,233,38,164,227,0,train
004274.jpg,58,111,182,252,0,train
004275.jpg,119,87,218,302,0,train
004276.jpg,107,70,101,140,0,train
004277.jpg,282,79,268,371,0,train
004278.jpg,127,39,94,130,0,train
004279.jpg,25,72,289,400,0,train
004280.jpg,92,49,99,137,0,train
004281.jpg,52,33,86,119,0,train
004282.jpg,1938,231,278,385,0,train
004283.jpg,98,78,203,281,0,train
004284.jpg,175,31,122,169,0,train
004285.jpg,60,63,221,306,0,train
004286.jpg,890,402,491,680,0,train
004287.jpg,59,56,138,191,0,train
004288.jpg,210,117,382,529,0,train
004289.jpg,121,32,57,79,0,train
004290.jpg,31,79,270,374,0,train
004291.jpg,31,104,283,392,0,train
004292.jpg,202,25,395,547,0,train
004293.jpg,50,13,75,104,0,train
004294.jpg,37,126,187,259,0,train
004295.jpg,87,162,299,414,0,train
004296.jpg,435,96,138,191,0,train
004297.jpg,91,94,307,425,0,train
004298.jpg,109,58,161,223,0,train
004299.jpg,460,159,380,526,0,train
004300.jpg,96,33,109,151,0,train
004301.jpg,126,131,315,436,0,train
004302.jpg,182,83,166,230,0,train
004303.jpg,359,297,364,504,0,train
004304.jpg,93,18,192,239,0,train
004305.jpg,111,59,208,288,0,train
004306.jpg,38,57,127,176,0,train
004307.jpg,177,65,187,259,0,train
004308.jpg,149,55,122,169,0,train
004309.jpg,101,71,133,184,0,train
004310.jpg,177,43,127,176,0,train
004311.jpg,195,65,177,245,0,train
004312.jpg,235,94,190,263,0,train
004313.jpg,8,90,276,382,0,train
004314.jpg,37,103,221,306,0,train
004315.jpg,157,72,330,457,0,train
004316.jpg,234,97,88,122,0,train
004317.jpg,84,19,101,140,0,train
004318.jpg,60,123,283,392,0,train
004319.jpg,220,141,88,122,0,train
004320.jpg,135,91,153,212,0,train
004321.jpg,115,103,234,324,0,train
004322.jpg,1296,497,525,727,0,train
004323.jpg,22,61,104,144,0,train
004324.jpg,284,60,164,227,0,train
004325.jpg,169,53,164,227,0,train
004326.jpg,41,62,260,360,0,train
004327.jpg,178,77,133,184,0,train
004328.jpg,460,50,81,112,0,train
004329.jpg,464,554,998,1382,0,train
004330.jpg,144,47,166,230,0,train
004331.jpg,87,11,211,292,0,train
004332.jpg,59,88,198,274,0,train
004333.jpg,502,388,1030,1426,0,train
004334.jpg,127,27,153,212,0,train
004335.jpg,147,71,65,90,0,train
004336.jpg,244,43,169,234,0,train
004337.jpg,155,34,83,115,0,train
004338.jpg,53,33,109,151,0,train
004339.jpg,102,75,143,198,0,train
004340.jpg,540,100,250,346,0,train
004341.jpg,103,48,86,119,0,train
004342.jpg,135,49,156,216,0,train
004343.jpg,155,81,187,259,0,train
004344.jpg,146,59,153,212,0,train
004345.jpg,106,33,127,176,0,train
004346.jpg,83,105,146,202,0,train
004347.jpg,245,34,114,158,0,train
004348.jpg,126,144,156,216,0,train
004349.jpg,204,233,455,630,0,train
004350.jpg,36,24,164,227,0,train
004351.jpg,216,52,125,173,0,train
004352.jpg,41,32,78,108,0,train
004353.jpg,19,33,166,230,0,train
004354.jpg,85,134,268,363,0,train
004355.jpg,314,374,1079,1494,0,train
004356.jpg,87,45,133,184,0,train
004357.jpg,79,58,99,137,0,train
004358.jpg,327,91,315,436,0,train
004359.jpg,121,88,172,238,0,train
004360.jpg,199,70,159,220,0,train
004361.jpg,184,43,213,270,0,train
004362.jpg,95,63,172,238,0,train
004363.jpg,82,58,195,270,0,train
004364.jpg,74,30,52,72,0,train
004365.jpg,160,76,94,130,0,train
004366.jpg,69,86,140,194,0,train
004367.jpg,51,60,120,166,0,train
004368.jpg,15,35,148,205,0,train
004369.jpg,102,115,250,346,0,train
004370.jpg,186,52,101,140,0,train
004371.jpg,87,36,127,176,0,train
004372.jpg,108,36,156,216,0,train
004373.jpg,116,66,135,187,0,train
004374.jpg,683,209,255,353,0,train
004375.jpg,66,66,159,205,0,train
004376.jpg,90,45,57,79,0,train
004377.jpg,574,60,299,414,0,train
004378.jpg,786,595,991,1372,0,train
004379.jpg,88,18,159,220,0,train
004380.jpg,56,36,78,102,0,train
004381.jpg,142,8,185,256,0,train
004382.jpg,96,50,198,274,0,train
004383.jpg,90,74,151,209,0,train
004384.jpg,59,81,185,256,0,train
004385.jpg,43,50,127,176,0,train
004386.jpg,321,413,1027,1422,0,train
004387.jpg,248,55,156,216,0,train
004388.jpg,227,19,112,155,0,train
004389.jpg,224,18,133,184,0,train
004390.jpg,148,46,138,191,0,train
004391.jpg,113,50,169,234,0,train
004392.jpg,808,574,725,1004,0,train
004393.jpg,97,67,166,230,0,train
004394.jpg,130,46,138,191,0,train
004395.jpg,135,104,179,248,0,train
004396.jpg,155,96,179,248,0,train
004397.jpg,70,83,234,324,0,train
004398.jpg,132,26,70,97,0,train
004399.jpg,89,51,286,396,0,train
004400.jpg,103,132,195,270,0,train
004401.jpg,96,19,49,68,0,train
004402.jpg,42,37,117,162,0,train
004403.jpg,649,254,1139,1577,0,train
004404.jpg,123,124,195,270,0,train
004405.jpg,410,298,497,688,0,train
004406.jpg,146,35,52,72,0,train
004407.jpg,98,83,120,166,0,train
004408.jpg,116,53,211,292,0,train
004409.jpg,52,12,44,61,0,train
004410.jpg,11,167,174,241,0,train
004411.jpg,159,70,122,169,0,train
004412.jpg,82,1,367,508,0,train
004413.jpg,63,47,146,202,0,train
004414.jpg,86,89,283,392,0,train
004415.jpg,48,45,91,126,0,train
004416.jpg,213,76,109,151,0,train
004417.jpg,108,62,172,238,0,train
004418.jpg,324,257,224,310,0,train
004419.jpg,101,62,200,277,0,train
004420.jpg,45,82,187,259,0,train
004421.jpg,52,46,34,47,0,train
004422.jpg,28,66,252,349,0,train
004423.jpg,96,63,177,245,0,train
004424.jpg,483,93,252,349,0,train
004425.jpg,78,76,122,169,0,train
004426.jpg,125,88,159,220,0,train
004427.jpg,76,92,153,212,0,train
004428.jpg,19,25,44,61,0,train
004429.jpg,77,44,161,223,0,train
004430.jpg,28,32,70,97,0,train
004431.jpg,176,50,109,151,0,train
004432.jpg,98,21,226,313,0,train
004433.jpg,124,36,177,245,0,train
004434.jpg,48,85,273,378,0,train
004435.jpg,200,49,88,122,0,train
004436.jpg,89,77,177,245,0,train
004437.jpg,740,410,686,950,0,train
004438.jpg,119,37,107,148,0,train
004439.jpg,173,63,164,227,0,train
004440.jpg,37,53,250,344,0,train
004441.jpg,52,17,81,112,0,train
004442.jpg,26,66,153,212,0,train
004443.jpg,702,60,169,234,0,train
004444.jpg,97,27,88,122,0,train
004445.jpg,106,108,133,184,0,train
004446.jpg,156,30,104,144,0,train
004447.jpg,47,35,99,137,0,train
004448.jpg,184,54,260,360,0,train
004449.jpg,96,21,224,310,0,train
004450.jpg,36,73,338,424,0,train
004451.jpg,39,53,146,202,0,train
004452.jpg,176,61,104,144,0,train
004453.jpg,308,79,159,220,0,train
004454.jpg,264,74,153,212,0,train
004455.jpg,75,36,226,313,0,train
004456.jpg,97,35,127,176,0,train
004457.jpg,90,37,55,76,0,train
004458.jpg,215,34,83,115,0,train
004459.jpg,305,41,125,173,0,train
004460.jpg,74,66,195,270,0,train
004461.jpg,57,71,153,212,0,train
004462.jpg,101,47,75,104,0,train
004463.jpg,56,34,159,220,0,train
004464.jpg,40,40,83,115,0,train
004465.jpg,50,88,205,280,0,train
004466.jpg,132,101,117,162,0,train
004467.jpg,327,49,174,241,0,train
004468.jpg,178,57,361,500,0,train
004469.jpg,133,91,192,266,0,train
004470.jpg,115,83,185,256,0,train
004471.jpg,13,28,70,97,0,train
004472.jpg,96,50,198,274,0,train
004473.jpg,21,17,99,137,0,train
004474.jpg,191,94,104,144,0,train
004475.jpg,924,233,520,720,0,train
004476.jpg,98,78,169,234,0,train
004477.jpg,159,93,205,284,0,train
004478.jpg,43,46,151,209,0,train
004479.jpg,146,44,70,97,0,train
004480.jpg,295,348,666,922,0,train
004481.jpg,105,101,185,256,0,train
004482.jpg,105,28,70,97,0,train
004483.jpg,192,205,419,580,0,train
004484.jpg,128,57,153,212,0,train
004485.jpg,128,33,91,126,0,train
004486.jpg,418,53,203,281,0,train
004487.jpg,249,246,450,623,0,train
004488.jpg,206,90,367,508,0,train
004489.jpg,126,40,114,158,0,train
004490.jpg,184,129,224,310,0,train
004491.jpg,11,50,146,202,0,train
004492.jpg,55,46,187,259,0,train
004493.jpg,35,26,96,133,0,train
004494.jpg,233,149,257,356,0,train
004495.jpg,38,78,130,180,0,train
004496.jpg,91,71,169,234,0,train
004497.jpg,384,225,666,922,0,train
004498.jpg,35,40,117,162,0,train
004499.jpg,1,5,138,191,0,train
004500.jpg,132,62,190,263,0,train
004501.jpg,150,20,73,101,0,train
004502.jpg,130,80,226,313,0,train
004503.jpg,278,83,138,191,0,train
004504.jpg,233,85,213,295,0,train
004505.jpg,283,45,182,252,0,train
004506.jpg,70,28,78,108,0,train
004507.jpg,234,18,130,180,0,train
004508.jpg,183,63,114,158,0,train
004509.jpg,96,77,174,241,0,train
004510.jpg,112,36,125,173,0,train
004511.jpg,150,106,195,270,0,train
004512.jpg,82,57,172,238,0,train
004513.jpg,39,73,156,216,0,train
004514.jpg,932,228,195,270,0,train
004515.jpg,82,83,169,234,0,train
004516.jpg,461,87,330,457,0,train
004517.jpg,87,98,179,248,0,train
004518.jpg,868,191,655,907,0,train
004519.jpg,76,33,164,226,0,train
004520.jpg,1029,399,876,1213,0,train
004521.jpg,28,17,96,133,0,train
004522.jpg,198,86,159,220,0,train
004523.jpg,169,86,185,256,0,train
004524.jpg,153,47,109,151,0,train
004525.jpg,172,58,161,223,0,train
004526.jpg,102,135,213,295,0,train
004527.jpg,109,96,205,284,0,train
004528.jpg,202,33,177,245,0,train
004529.jpg,90,67,205,284,0,train
004530.jpg,106,130,169,234,0,train
004531.jpg,1,46,148,205,0,train
004532.jpg,65,16,104,144,0,train
004533.jpg,788,153,489,677,0,train
004534.jpg,55,72,325,450,0,train
004535.jpg,111,82,94,130,0,train
004536.jpg,168,70,112,155,0,train
004537.jpg,91,53,135,187,0,train
004538.jpg,76,58,240,338,0,train
004539.jpg,80,52,276,382,0,train
004540.jpg,322,65,179,248,0,train
004541.jpg,41,38,163,248,0,train
004542.jpg,712,24,143,198,0,train
004543.jpg,76,41,104,144,0,train
004544.jpg,84,52,190,263,0,train
004545.jpg,222,41,174,241,0,train
004546.jpg,99,88,143,198,0,train
004547.jpg,97,67,190,263,0,train
004548.jpg,144,227,421,583,0,train
004549.jpg,1589,494,367,508,0,train
004550.jpg,90,60,263,364,0,train
004551.jpg,430,96,260,360,0,train
004552.jpg,69,58,182,252,0,train
004553.jpg,401,33,263,428,0,train
004554.jpg,123,103,151,209,0,train
004555.jpg,49,28,62,86,0,train
004556.jpg,140,76,221,306,0,train
004557.jpg,78,83,164,227,0,train
004558.jpg,290,81,187,259,0,train
004559.jpg,156,81,88,122,0,train
004560.jpg,489,10,671,850,0,train
004561.jpg,37,47,104,144,0,train
004562.jpg,205,142,117,162,0,train
004563.jpg,966,665,1180,1634,0,train
004564.jpg,33,79,190,263,0,train
004565.jpg,117,29,81,112,0,train
004566.jpg,671,103,250,346,0,train
004567.jpg,92,35,151,209,0,train
004568.jpg,203,31,104,144,0,train
004569.jpg,163,55,117,162,0,train
004570.jpg,95,70,179,248,0,train
004571.jpg,17,32,65,90,0,train
004572.jpg,36,42,75,104,0,train
004573.jpg,94,100,156,216,0,train
004574.jpg,235,77,187,259,0,train
004575.jpg,336,164,78,108,0,train
004576.jpg,326,57,114,158,0,train
004577.jpg,81,51,117,162,0,train
004578.jpg,196,37,133,184,0,train
004579.jpg,206,16,146,202,0,train
004580.jpg,26,83,226,313,0,train
004581.jpg,204,62,73,101,0,train
004582.jpg,99,71,208,288,0,train
004583.jpg,93,121,213,295,0,train
004584.jpg,1732,808,551,763,0,train
004585.jpg,1,77,270,328,0,train
004586.jpg,37,42,385,455,0,train
004587.jpg,162,64,112,155,0,train
004588.jpg,208,72,127,176,0,train
004589.jpg,102,114,190,263,0,train
004590.jpg,68,44,101,140,0,train
004591.jpg,221,79,151,209,0,train
004592.jpg,110,59,133,184,0,train
004593.jpg,64,35,78,108,0,train
004594.jpg,47,31,109,151,0,train
004595.jpg,127,143,244,338,0,train
004596.jpg,156,15,94,130,0,train
004597.jpg,81,67,125,173,0,train
004598.jpg,122,54,143,198,0,train
004599.jpg,227,17,148,205,0,train
004600.jpg,115,89,166,230,0,train
004601.jpg,110,56,177,245,0,train
004602.jpg,137,50,70,97,0,train
004603.jpg,57,97,221,306,0,train
004604.jpg,35,90,330,403,0,train
004605.jpg,169,92,156,216,0,train
004606.jpg,89,82,174,241,0,train
004607.jpg,25,41,120,166,0,train
004608.jpg,42,109,187,259,0,train
004609.jpg,217,122,190,263,0,train
004610.jpg,170,82,234,324,0,train
004611.jpg,77,14,224,310,0,train
004612.jpg,26,97,270,340,0,train
004613.jpg,151,70,161,223,0,train
004614.jpg,52,113,309,384,0,train
004615.jpg,3,38,182,252,0,train
004616.jpg,249,32,164,227,0,train
004617.jpg,73,37,188,263,0,train
004618.jpg,163,33,127,176,0,train
004619.jpg,75,108,182,252,0,train
004620.jpg,104,134,114,158,0,train
004621.jpg,74,85,156,216,0,train
004622.jpg,114,41,114,158,0,train
004623.jpg,89,90,172,238,0,train
004624.jpg,242,90,221,306,0,train
004625.jpg,132,58,156,216,0,train
004626.jpg,58,34,70,97,0,train
004627.jpg,225,194,242,335,0,train
004628.jpg,65,81,151,209,0,train
004629.jpg,137,53,83,115,0,train
004630.jpg,92,54,88,122,0,train
004631.jpg,127,86,153,212,0,train
004632.jpg,307,23,263,364,0,train
004633.jpg,185,310,679,940,0,train
004634.jpg,443,119,385,533,0,train
004635.jpg,39,52,231,320,0,train
004636.jpg,229,70,146,202,0,train
004637.jpg,117,60,140,194,0,train
004638.jpg,130,137,216,299,0,train
004639.jpg,38,44,117,162,0,train
004640.jpg,93,71,143,198,0,train
004641.jpg,357,154,107,148,0,train
004642.jpg,56,61,172,238,0,train
004643.jpg,115,84,130,180,0,train
004644.jpg,34,33,99,137,0,train
004645.jpg,332,295,715,990,0,train
004646.jpg,100,59,112,155,0,train
004647.jpg,153,43,117,162,0,train
004648.jpg,1,37,125,173,0,train
004649.jpg,109,69,182,252,0,train
004650.jpg,120,63,83,115,0,train
004651.jpg,116,63,182,252,0,train
004652.jpg,122,29,104,144,0,train
004653.jpg,133,123,83,115,0,train
004654.jpg,287,24,117,162,0,train
004655.jpg,112,68,172,238,0,train
004656.jpg,102,115,224,310,0,train
004657.jpg,135,114,146,202,0,train
004658.jpg,33,39,49,68,0,train
004659.jpg,121,194,759,1051,0,train
004660.jpg,125,90,164,227,0,train
004661.jpg,254,57,164,227,0,train
004662.jpg,79,82,187,259,0,train
004663.jpg,71,56,78,108,0,train
004664.jpg,50,87,205,284,0,train
004665.jpg,327,232,289,400,0,train
004666.jpg,521,150,436,567,0,train
004667.jpg,111,63,164,227,0,train
004668.jpg,46,85,177,245,0,train
004669.jpg,43,42,112,155,0,train
004670.jpg,137,87,114,158,0,train
004671.jpg,146,208,304,421,0,train
004672.jpg,521,154,312,432,0,train
004673.jpg,141,13,65,90,0,train
004674.jpg,177,35,55,76,0,train
004675.jpg,119,63,130,180,0,train
004676.jpg,73,95,268,371,0,train
004677.jpg,51,61,166,230,0,train
004678.jpg,79,107,166,230,0,train
004679.jpg,57,68,179,248,0,train
004680.jpg,91,92,234,324,0,train
004681.jpg,112,22,306,425,0,train
004682.jpg,184,223,286,396,0,train
004683.jpg,204,46,138,191,0,train
004684.jpg,184,49,109,151,0,train
004685.jpg,85,107,177,245,0,train
004686.jpg,267,83,112,155,0,train
004687.jpg,99,73,91,126,0,train
004688.jpg,223,19,127,176,0,train
004689.jpg,147,117,325,450,0,train
004690.jpg,163,89,213,295,0,train
004691.jpg,53,46,78,108,0,train
004692.jpg,41,51,86,119,0,train
004693.jpg,279,99,78,108,0,train
004694.jpg,104,38,104,144,0,train
004695.jpg,102,124,151,209,0,train
004696.jpg,15,37,122,164,0,train
004697.jpg,134,125,125,173,0,train
004698.jpg,190,59,138,191,0,train
004699.jpg,178,64,99,137,0,train
004700.jpg,54,66,60,83,0,train
004701.jpg,16,36,99,137,0,train
004702.jpg,284,177,239,331,0,train
004703.jpg,247,46,91,126,0,train
004704.jpg,170,78,107,148,0,train
004705.jpg,182,57,135,187,0,train
004706.jpg,167,53,135,187,0,train
004707.jpg,78,60,211,292,0,train
004708.jpg,165,23,42,58,0,train
004709.jpg,90,81,138,191,0,train
004710.jpg,221,86,333,461,0,train
004711.jpg,127,76,120,166,0,train
004712.jpg,185,57,234,324,0,train
004713.jpg,216,175,372,515,0,train
004714.jpg,135,22,185,256,0,train
004715.jpg,142,76,252,349,0,train
004716.jpg,33,98,200,277,0,train
004717.jpg,50,50,146,202,0,train
004718.jpg,143,31,104,144,0,train
004719.jpg,95,66,174,241,0,train
004720.jpg,94,123,161,223,0,train
004721.jpg,43,109,187,259,0,train
004722.jpg,79,43,138,191,0,train
004723.jpg,110,59,250,346,0,train
004724.jpg,103,120,252,343,0,train
004725.jpg,190,106,101,140,0,train
004726.jpg,62,45,99,137,0,train
004727.jpg,101,140,127,176,0,train
004728.jpg,316,28,181,251,0,train
004729.jpg,82,67,234,324,0,train
004730.jpg,65,64,265,367,0,train
004731.jpg,94,139,127,176,0,train
004732.jpg,416,121,213,295,0,train
004733.jpg,159,54,127,176,0,train
004734.jpg,87,54,195,270,0,train
004735.jpg,84,108,96,133,0,train
004736.jpg,34,53,114,158,0,train
004737.jpg,47,61,159,220,0,train
004738.jpg,131,112,151,209,0,train
004739.jpg,19,78,426,590,0,train
004740.jpg,109,58,112,155,0,train
004741.jpg,107,73,101,140,0,train
004742.jpg,182,70,146,202,0,train
004743.jpg,29,35,140,194,0,train
004744.jpg,369,251,460,637,0,train
004745.jpg,98,118,153,212,0,train
004746.jpg,108,103,177,245,0,train
004747.jpg,146,47,112,155,0,train
004748.jpg,38,50,88,122,0,train
004749.jpg,195,185,296,410,0,train
004750.jpg,210,35,133,184,0,train
004751.jpg,201,69,211,292,0,train
004752.jpg,60,70,127,202,0,train
004753.jpg,35,41,122,169,0,train
004754.jpg,660,152,294,407,0,train
004755.jpg,133,31,75,104,0,train
004756.jpg,155,111,190,263,0,train
004757.jpg,129,69,224,310,0,train
004758.jpg,445,55,252,349,0,train
004759.jpg,88,99,299,399,0,train
004760.jpg,293,418,367,508,0,train
004761.jpg,59,88,263,364,0,train
004762.jpg,95,46,125,173,0,train
004763.jpg,243,118,289,400,0,train
004764.jpg,96,58,166,230,0,train
004765.jpg,70,35,91,126,0,train
004766.jpg,103,70,182,252,0,train
004767.jpg,230,320,160,150,0,train
004768.jpg,28,115,283,356,0,train
004769.jpg,112,53,107,148,0,train
004770.jpg,46,76,286,385,0,train
004771.jpg,180,81,255,353,0,train
004772.jpg,85,46,164,227,0,train
004773.jpg,133,44,81,112,0,train
004774.jpg,66,89,143,198,0,train
004775.jpg,223,35,125,173,0,train
004776.jpg,17,129,286,396,0,train
004777.jpg,48,28,68,94,0,train
004778.jpg,10,125,255,353,0,train
004779.jpg,98,121,289,400,0,train
004780.jpg,160,137,267,360,0,train
004781.jpg,152,94,133,184,0,train
004782.jpg,119,70,143,198,0,train
004783.jpg,178,33,86,119,0,train
004784.jpg,135,86,161,223,0,train
004785.jpg,80,107,185,256,0,train
004786.jpg,69,55,616,853,0,train
004787.jpg,66,91,252,349,0,train
004788.jpg,82,63,122,169,0,train
004789.jpg,15,65,250,346,0,train
004790.jpg,30,29,109,151,0,train
004791.jpg,71,105,260,360,0,train
004792.jpg,338,135,229,317,0,train
004793.jpg,696,36,138,191,0,train
004794.jpg,77,97,182,252,0,train
004795.jpg,68,83,127,176,0,train
004796.jpg,1,17,117,141,0,train
004797.jpg,153,29,133,184,0,train
004798.jpg,208,56,198,274,0,train
004799.jpg,176,13,94,130,0,train
004800.jpg,158,81,120,166,0,train
004801.jpg,42,52,143,198,0,train
004802.jpg,60,25,94,130,0,train
004803.jpg,752,388,582,806,0,train
004804.jpg,61,111,125,173,0,train
004805.jpg,100,32,127,176,0,train
004806.jpg,79,15,86,119,0,train
004807.jpg,91,81,143,198,0,train
004808.jpg,99,23,60,83,0,train
004809.jpg,68,115,198,274,0,train
004810.jpg,213,55,133,184,0,train
004811.jpg,109,39,91,126,0,train
004812.jpg,104,6,88,122,0,train
004813.jpg,145,32,125,173,0,train
004814.jpg,73,85,166,230,0,train
004815.jpg,107,93,260,360,0,train
004816.jpg,121,16,44,61,0,train
004817.jpg,128,116,169,234,0,train
004818.jpg,1,76,133,184,0,train
004819.jpg,67,132,250,346,0,train
004820.jpg,53,34,94,130,0,train
004821.jpg,110,70,156,216,0,train
004822.jpg,253,72,159,220,0,train
004823.jpg,91,79,161,223,0,train
004824.jpg,43,67,94,130,0,train
004825.jpg,17,48,153,184,0,train
004826.jpg,1,40,135,187,0,train
004827.jpg,132,40,127,176,0,train
004828.jpg,148,131,481,666,0,train
004829.jpg,295,381,294,407,0,train
004830.jpg,162,54,153,212,0,train
004831.jpg,142,84,114,158,0,train
004832.jpg,73,46,247,342,0,train
004833.jpg,42,45,91,126,0,train
004834.jpg,13,62,135,187,0,train
004835.jpg,190,77,117,162,0,train
004836.jpg,230,43,278,385,0,train
004837.jpg,70,122,276,382,0,train
004838.jpg,95,87,179,248,0,train
004839.jpg,361,563,814,1127,0,train
004840.jpg,222,20,117,162,0,train
004841.jpg,122,74,122,169,0,train
004842.jpg,89,106,242,335,0,train
004843.jpg,355,85,250,346,0,train
004844.jpg,80,74,127,176,0,train
004845.jpg,91,49,169,234,0,train
004846.jpg,55,28,86,119,0,train
004847.jpg,95,112,161,223,0,train
004848.jpg,293,45,289,400,0,train
004849.jpg,60,152,242,335,0,train
004850.jpg,44,8,96,133,0,train
004851.jpg,203,38,114,158,0,train
004852.jpg,97,47,338,468,0,train
004853.jpg,49,49,177,245,0,train
004854.jpg,133,47,101,140,0,train
004855.jpg,76,125,200,277,0,train
004856.jpg,256,49,174,241,0,train
004857.jpg,53,107,211,292,0,train
004858.jpg,1064,259,476,659,0,train
004859.jpg,78,110,166,230,0,train
004860.jpg,53,79,250,346,0,train
004861.jpg,83,70,159,220,0,train
004862.jpg,218,45,187,259,0,train
004863.jpg,113,30,127,183,0,train
004864.jpg,198,84,159,220,0,train
004865.jpg,146,52,148,205,0,train
004866.jpg,116,53,135,187,0,train
004867.jpg,158,32,88,122,0,train
004868.jpg,104,37,294,407,0,train
004869.jpg,71,55,190,263,0,train
004870.jpg,958,124,203,281,0,train
004871.jpg,133,49,307,425,0,train
004872.jpg,107,62,172,238,0,train
004873.jpg,75,64,83,115,0,train
004874.jpg,119,51,112,155,0,train
004875.jpg,88,28,146,202,0,train
004876.jpg,10,424,2090,2789,0,train
004877.jpg,97,123,304,421,0,train
004878.jpg,46,23,221,306,0,train
004879.jpg,363,41,348,482,0,train
004880.jpg,109,86,120,166,0,train
004881.jpg,74,25,73,101,0,train
004882.jpg,109,84,112,155,0,train
004883.jpg,128,69,114,158,0,train
004884.jpg,51,44,122,191,0,train
004885.jpg,70,111,109,151,0,train
004886.jpg,97,61,190,263,0,train
004887.jpg,125,66,143,198,0,train
004888.jpg,22,16,91,126,0,train
004889.jpg,297,67,78,108,0,train
004890.jpg,484,84,255,353,0,train
004891.jpg,143,69,91,126,0,train
004892.jpg,86,138,278,359,0,train
004893.jpg,165,139,400,554,0,train
004894.jpg,101,76,294,407,0,train
004895.jpg,68,105,195,270,0,train
004896.jpg,117,35,60,83,0,train
004897.jpg,81,62,133,184,0,train
004898.jpg,112,96,192,266,0,train
004899.jpg,134,58,120,166,0,train
004900.jpg,617,191,413,572,0,train
004901.jpg,100,30,120,166,0,train
004902.jpg,84,77,245,342,0,train
004903.jpg,388,157,330,457,0,train
004904.jpg,70,62,133,184,0,train
004905.jpg,100,38,107,148,0,train
004906.jpg,27,68,205,284,0,train
004907.jpg,62,112,130,180,0,train
004908.jpg,942,1,588,814,0,train
004909.jpg,170,106,99,137,0,train
004910.jpg,242,95,164,227,0,train
004911.jpg,128,132,325,450,0,train
004912.jpg,82,28,107,148,0,train
004913.jpg,186,73,151,209,0,train
004914.jpg,496,137,239,331,0,train
004915.jpg,96,119,208,288,0,train
004916.jpg,48,66,60,83,0,train
004917.jpg,127,40,120,166,0,train
004918.jpg,198,37,49,68,0,train
004919.jpg,124,95,190,263,0,train
004920.jpg,77,35,62,86,0,train
004921.jpg,134,45,146,202,0,train
004922.jpg,633,246,211,292,0,train
004923.jpg,54,8,159,220,0,train
004924.jpg,84,20,198,274,0,train
004925.jpg,66,19,70,97,0,train
004926.jpg,80,68,213,295,0,train
004927.jpg,708,180,333,461,0,train
004928.jpg,706,42,179,248,0,train
004929.jpg,130,57,133,184,0,train
004930.jpg,57,31,73,115,0,train
004931.jpg,106,98,224,310,0,train
004932.jpg,180,39,107,148,0,train
004933.jpg,93,35,117,162,0,train
004934.jpg,88,126,283,371,0,train
004935.jpg,83,81,159,220,0,train
004936.jpg,89,59,187,259,0,train
004937.jpg,93,63,135,187,0,train
004938.jpg,315,54,96,133,0,train
004939.jpg,143,82,99,137,0,train
004940.jpg,59,68,127,176,0,train
004941.jpg,59,110,208,288,0,train
004942.jpg,437,36,322,446,0,train
004943.jpg,171,40,101,140,0,train
004944.jpg,43,25,130,180,0,train
004945.jpg,117,106,208,288,0,train
004946.jpg,58,93,169,234,0,train
004947.jpg,101,107,99,137,0,train
004948.jpg,24,75,161,223,0,train
004949.jpg,168,43,174,241,0,train
004950.jpg,161,69,169,234,0,train
004951.jpg,99,30,114,158,0,train
004952.jpg,442,118,374,518,0,train
004953.jpg,98,82,185,256,0,train
004954.jpg,307,168,322,446,0,train
004955.jpg,782,266,374,518,0,train
004956.jpg,215,9,239,331,0,train
004957.jpg,104,61,172,238,0,train
004958.jpg,19,90,307,407,0,train
004959.jpg,252,72,156,216,0,train
004960.jpg,541,35,234,324,0,train
004961.jpg,135,55,112,155,0,train
004962.jpg,18,82,231,320,0,train
004963.jpg,24,77,278,385,0,train
004964.jpg,522,116,307,425,0,train
004965.jpg,153,44,55,76,0,train
004966.jpg,81,50,135,187,0,train
004967.jpg,206,50,208,247,0,train
004968.jpg,159,116,130,180,0,train
004969.jpg,17,28,68,94,0,train
004970.jpg,244,130,60,83,0,train
004971.jpg,58,33,127,176,0,train
004972.jpg,104,98,107,148,0,train
004973.jpg,329,129,437,605,0,train
004974.jpg,31,120,213,295,0,train
004975.jpg,109,54,164,227,0,train
004976.jpg,79,46,252,349,0,train
004977.jpg,198,29,177,245,0,train
004978.jpg,55,52,166,230,0,train
004979.jpg,197,145,174,241,0,train
004980.jpg,584,260,957,1325,0,train
004981.jpg,420,235,182,252,0,train
004982.jpg,58,62,174,241,0,train
004983.jpg,57,91,211,292,0,train
004984.jpg,101,77,179,248,0,train
004985.jpg,52,81,237,328,0,train
004986.jpg,249,57,224,310,0,train
004987.jpg,167,67,153,212,0,train
004988.jpg,66,75,185,256,0,train
004989.jpg,46,34,90,133,0,train
004990.jpg,130,46,133,184,0,train
004991.jpg,155,39,151,209,0,train
004992.jpg,57,24,91,126,0,train
004993.jpg,106,47,185,256,0,train
004994.jpg,90,134,247,342,0,train
004995.jpg,61,32,107,148,0,train
004996.jpg,212,27,86,119,0,train
004997.jpg,1,58,351,440,0,train
004998.jpg,103,43,81,112,0,train
004999.jpg,45,98,146,202,0,train
005000.jpg,290,659,1544,2138,0,train
005001.jpg,85,74,237,328,0,train
005002.jpg,194,28,143,198,0,train
005003.jpg,88,63,161,223,0,train
005004.jpg,69,69,185,256,0,train
005005.jpg,76,43,133,184,0,train
005006.jpg,31,68,185,256,0,train
005007.jpg,111,41,78,108,0,train
005008.jpg,37,55,153,212,0,train
005009.jpg,105,105,172,238,0,train
005010.jpg,531,111,286,396,0,train
005011.jpg,184,94,94,130,0,train
005012.jpg,69,37,78,108,0,train
005013.jpg,42,91,172,238,0,train
005014.jpg,90,50,187,259,0,train
005015.jpg,85,70,81,112,0,train
005016.jpg,146,65,164,227,0,train
005017.jpg,74,69,198,274,0,train
005018.jpg,144,67,226,313,0,train
005019.jpg,750,76,127,176,0,train
005020.jpg,124,10,75,104,0,train
005021.jpg,83,56,114,158,0,train
005022.jpg,216,44,68,94,0,train
005023.jpg,180,68,120,166,0,train
005024.jpg,29,79,127,176,0,train
005025.jpg,88,97,161,223,0,train
005026.jpg,174,24,107,148,0,train
005027.jpg,151,69,88,122,0,train
005028.jpg,287,119,151,209,0,train
005029.jpg,129,53,192,266,0,train
005030.jpg,94,57,234,324,0,train
005031.jpg,68,72,127,176,0,train
005032.jpg,77,68,109,151,0,train
005033.jpg,411,128,296,540,0,train
005034.jpg,347,38,166,230,0,train
005035.jpg,29,7,70,97,0,train
005036.jpg,203,141,203,281,0,train
005037.jpg,100,64,135,187,0,train
005038.jpg,27,59,153,200,0,train
005039.jpg,110,48,101,140,0,train
005040.jpg,146,58,151,209,0,train
005041.jpg,323,111,270,374,0,train
005042.jpg,115,1,221,306,0,train
005043.jpg,14,24,138,191,0,train
005044.jpg,112,108,166,230,0,train
005045.jpg,27,43,224,310,0,train
005046.jpg,151,124,187,259,0,train
005047.jpg,72,105,273,378,0,train
005048.jpg,607,22,239,331,0,train
005049.jpg,174,36,49,68,0,train
005050.jpg,179,38,122,169,0,train
005051.jpg,352,229,312,432,0,train
005052.jpg,1608,153,231,320,0,train
005053.jpg,67,41,99,137,0,train
005054.jpg,246,226,510,706,0,train
005055.jpg,72,60,148,205,0,train
005056.jpg,73,54,120,166,0,train
005057.jpg,119,58,179,248,0,train
005058.jpg,82,58,229,317,0,train
005059.jpg,170,64,127,176,0,train
005060.jpg,75,29,101,140,0,train
005061.jpg,337,179,590,817,0,train
005062.jpg,48,80,269,397,0,train
005063.jpg,131,26,137,196,0,train
005064.jpg,77,39,78,108,0,train
005065.jpg,207,54,151,209,0,train
005066.jpg,94,51,299,414,0,train
005067.jpg,29,26,70,97,0,train
005068.jpg,113,81,211,292,0,train
005069.jpg,249,156,151,209,0,train
005070.jpg,124,59,99,137,0,train
005071.jpg,486,169,400,554,0,train
005072.jpg,177,345,21,29,0,train
005073.jpg,52,28,83,104,0,train
005074.jpg,69,71,192,266,0,train
005075.jpg,98,47,182,252,0,train
005076.jpg,86,106,226,313,0,train
005077.jpg,88,46,166,230,0,train
005078.jpg,28,108,151,209,0,train
005079.jpg,117,45,179,232,0,train
005080.jpg,37,54,133,184,0,train
005081.jpg,24,79,317,418,0,train
005082.jpg,166,58,96,133,0,train
005083.jpg,101,63,104,144,0,train
005084.jpg,96,87,164,227,0,train
005085.jpg,143,51,257,346,0,train
005086.jpg,65,31,179,248,0,train
005087.jpg,94,45,185,256,0,train
005088.jpg,89,113,294,407,0,train
005089.jpg,112,98,94,130,0,train
005090.jpg,97,77,211,292,0,train
005091.jpg,109,103,182,252,0,train
005092.jpg,62,44,75,104,0,train
005093.jpg,55,16,70,97,0,train
005094.jpg,84,106,216,299,0,train
005095.jpg,36,44,109,151,0,train
005096.jpg,117,67,229,317,0,train
005097.jpg,70,150,203,281,0,train
005098.jpg,165,37,75,104,0,train
005099.jpg,502,515,798,1105,0,train
005100.jpg,118,86,187,259,0,train
005101.jpg,47,30,138,191,0,train
005102.jpg,76,33,62,86,0,train
005103.jpg,97,33,140,194,0,train
005104.jpg,137,101,268,371,0,train
005105.jpg,124,64,166,230,0,train
005106.jpg,33,49,78,108,0,train
005107.jpg,6,34,114,158,0,train
005108.jpg,97,22,117,162,0,train
005109.jpg,190,146,507,702,0,train
005110.jpg,152,150,260,360,0,train
005111.jpg,758,134,187,259,0,train
005112.jpg,241,18,195,270,0,train
005113.jpg,238,44,187,259,0,train
005114.jpg,28,18,86,119,0,train
005115.jpg,87,55,151,209,0,train
005116.jpg,39,30,244,338,0,train
005117.jpg,52,40,146,202,0,train
005118.jpg,28,50,130,180,0,train
005119.jpg,108,42,55,76,0,train
005120.jpg,337,228,650,900,0,train
005121.jpg,198,63,122,169,0,train
005122.jpg,225,24,140,194,0,train
005123.jpg,80,132,346,479,0,train
005124.jpg,26,72,208,254,0,train
005125.jpg,63,85,135,187,0,train
005126.jpg,86,106,198,274,0,train
005127.jpg,133,80,164,227,0,train
005128.jpg,160,44,221,304,0,train
005129.jpg,79,50,143,198,0,train
005130.jpg,190,41,94,130,0,train
005131.jpg,37,89,273,378,0,train
005132.jpg,82,40,70,97,0,train
005133.jpg,199,87,125,173,0,train
005134.jpg,236,159,328,454,0,train
005135.jpg,83,89,166,230,0,train
005136.jpg,102,33,70,97,0,train
005137.jpg,544,209,252,349,0,train
005138.jpg,102,56,278,385,0,train
005139.jpg,73,16,172,238,0,train
005140.jpg,97,34,133,184,0,train
005141.jpg,140,64,263,364,0,train
005142.jpg,72,59,148,214,0,train
005143.jpg,58,23,148,205,0,train
005144.jpg,35,72,231,314,0,train
005145.jpg,17,21,120,166,0,train
005146.jpg,162,46,156,216,0,train
005147.jpg,110,20,81,112,0,train
005148.jpg,145,18,122,169,0,train
005149.jpg,142,48,169,234,0,train
005150.jpg,247,243,348,482,0,train
005151.jpg,266,225,450,623,0,train
005152.jpg,40,192,858,1027,0,train
005153.jpg,58,37,52,72,0,train
005154.jpg,894,949,1752,2426,0,train
005155.jpg,109,54,151,209,0,train
005156.jpg,202,162,309,428,0,train
005157.jpg,191,58,114,158,0,train
005158.jpg,83,27,276,382,0,train
005159.jpg,196,76,153,212,0,train
005160.jpg,302,48,294,407,0,train
005161.jpg,290,122,276,382,0,train
005162.jpg,1109,872,1521,2106,0,train
005163.jpg,64,25,91,126,0,train
005164.jpg,249,43,99,137,0,train
005165.jpg,61,46,263,364,0,train
005166.jpg,182,40,187,259,0,train
005167.jpg,92,47,104,144,0,train
005168.jpg,91,163,226,313,0,train
005169.jpg,74,103,250,346,0,train
005170.jpg,39,33,34,47,0,train
005171.jpg,163,85,120,166,0,train
005172.jpg,78,64,83,115,0,train
005173.jpg,190,353,629,871,0,train
005174.jpg,44,29,122,169,0,train
005175.jpg,106,120,140,194,0,train
005176.jpg,187,55,159,220,0,train
005177.jpg,158,37,81,112,0,train
005178.jpg,100,79,200,277,0,train
005179.jpg,970,260,210,180,0,train
005180.jpg,175,183,224,310,0,train
005181.jpg,69,42,135,187,0,train
005182.jpg,85,40,73,101,0,train
005183.jpg,101,66,135,187,0,train
005184.jpg,21,35,122,169,0,train
005185.jpg,160,32,114,158,0,train
005186.jpg,65,115,166,230,0,train
005187.jpg,75,28,78,108,0,train
005188.jpg,123,115,234,324,0,train
005189.jpg,62,75,177,245,0,train
005190.jpg,144,41,101,140,0,train
005191.jpg,85,97,192,266,0,train
005192.jpg,546,138,270,374,0,train
005193.jpg,186,14,96,133,0,train
005194.jpg,235,41,169,234,0,train
005195.jpg,231,53,112,155,0,train
005196.jpg,667,189,255,353,0,train
005197.jpg,118,30,81,112,0,train
005198.jpg,251,50,148,205,0,train
005199.jpg,112,95,151,209,0,train
005200.jpg,12,31,86,115,0,train
005201.jpg,188,116,218,302,0,train
005202.jpg,92,97,156,216,0,train
005203.jpg,41,45,127,176,0,train
005204.jpg,844,146,380,526,0,train
005205.jpg,175,104,156,216,0,train
005206.jpg,18,49,213,295,0,train
005207.jpg,222,59,47,65,0,train
005208.jpg,35,86,146,202,0,train
005209.jpg,64,106,192,266,0,train
005210.jpg,51,51,91,126,0,train
005211.jpg,96,45,114,158,0,train
005212.jpg,96,94,151,209,0,train
005213.jpg,45,40,104,144,0,train
005214.jpg,242,39,130,180,0,train
005215.jpg,336,103,187,259,0,train
005216.jpg,162,45,96,133,0,train
005217.jpg,115,41,169,234,0,train
005218.jpg,169,45,65,90,0,train
005219.jpg,83,24,101,140,0,train
005220.jpg,113,61,133,184,0,train
005221.jpg,66,39,99,137,0,train
005222.jpg,150,103,153,212,0,train
005223.jpg,172,62,104,144,0,train
005224.jpg,87,81,146,202,0,train
005225.jpg,88,104,153,212,0,train
005226.jpg,172,1,247,342,0,train
005227.jpg,147,122,143,198,0,train
005228.jpg,285,166,286,396,0,train
005229.jpg,332,219,520,720,0,train
005230.jpg,138,33,60,83,0,train
005231.jpg,27,47,146,202,0,train
005232.jpg,126,87,153,212,0,train
005233.jpg,128,64,192,266,0,train
005234.jpg,308,278,465,644,0,train
005235.jpg,60,62,254,382,0,train
005236.jpg,41,24,70,97,0,train
005237.jpg,48,29,91,126,0,train
005238.jpg,88,54,179,248,0,train
005239.jpg,37,61,107,148,0,train
005240.jpg,112,46,73,130,0,train
005241.jpg,182,66,135,187,0,train
005242.jpg,137,68,226,313,0,train
005243.jpg,74,33,75,104,0,train
005244.jpg,101,49,203,281,0,train
005245.jpg,85,82,146,202,0,train
005246.jpg,62,43,114,158,0,train
005247.jpg,85,78,198,274,0,train
005248.jpg,115,68,117,162,0,train
005249.jpg,100,28,112,155,0,train
005250.jpg,62,83,211,292,0,train
005251.jpg,81,6,83,115,0,train
005252.jpg,98,69,185,256,0,train
005253.jpg,162,61,99,137,0,train
005254.jpg,76,89,143,198,0,train
005255.jpg,125,185,341,472,0,train
005256.jpg,157,47,182,252,0,train
005257.jpg,173,72,130,180,0,train
005258.jpg,243,49,55,76,0,train
005259.jpg,72,163,187,259,0,train
005260.jpg,234,37,166,230,0,train
005261.jpg,38,19,203,278,0,train
005262.jpg,701,96,369,511,0,train
005263.jpg,256,69,234,324,0,train
005264.jpg,96,96,198,274,0,train
005265.jpg,274,148,148,205,0,train
005266.jpg,87,44,120,166,0,train
005267.jpg,105,30,62,86,0,train
005268.jpg,165,67,114,158,0,train
005269.jpg,17,62,164,227,0,train
005270.jpg,148,101,169,234,0,train
005271.jpg,131,75,101,140,0,train
005272.jpg,22,19,60,83,0,train
005273.jpg,59,18,96,133,0,train
005274.jpg,97,56,172,238,0,train
005275.jpg,129,55,135,187,0,train
005276.jpg,253,125,125,173,0,train
005277.jpg,102,22,73,101,0,train
005278.jpg,399,140,302,418,0,train
005279.jpg,379,8,213,295,0,train
005280.jpg,162,62,117,162,0,train
005281.jpg,115,29,70,97,0,train
005282.jpg,78,40,91,126,0,train
005283.jpg,43,32,83,111,0,train
005284.jpg,150,83,140,194,0,train
005285.jpg,104,61,192,266,0,train
005286.jpg,118,107,244,338,0,train
005287.jpg,90,63,156,216,0,train
005288.jpg,270,67,213,295,0,train
005289.jpg,275,154,96,133,0,train
005290.jpg,375,64,177,245,0,train
005291.jpg,42,65,146,196,0,train
005292.jpg,91,84,179,248,0,train
005293.jpg,21,110,159,220,0,train
005294.jpg,61,77,216,299,0,train
005295.jpg,89,15,125,163,0,train
005296.jpg,152,42,117,162,0,train
005297.jpg,83,100,101,140,0,train
005298.jpg,150,54,133,184,0,train
005299.jpg,116,101,114,158,0,train
005300.jpg,91,93,211,292,0,train
005301.jpg,293,17,65,90,0,train
005302.jpg,82,74,179,248,0,train
005303.jpg,295,242,341,472,0,train
005304.jpg,66,28,229,317,0,train
005305.jpg,50,80,153,212,0,train
005306.jpg,109,43,242,335,0,train
005307.jpg,62,73,200,277,0,train
005308.jpg,108,51,91,126,0,train
005309.jpg,157,76,109,151,0,train
005310.jpg,220,102,138,191,0,train
005311.jpg,155,115,237,328,0,train
005312.jpg,446,172,564,781,0,train
005313.jpg,115,65,148,205,0,train
005314.jpg,441,102,260,360,0,train
005315.jpg,41,17,31,43,0,train
005316.jpg,57,40,109,151,0,train
005317.jpg,235,150,151,209,0,train
005318.jpg,167,73,195,270,0,train
005319.jpg,285,74,185,256,0,train
005320.jpg,81,1,101,140,0,train
005321.jpg,33,34,68,94,0,train
005322.jpg,58,68,211,292,0,train
005323.jpg,215,62,348,482,0,train
005324.jpg,3,44,146,189,0,train
005325.jpg,251,161,177,245,0,train
005326.jpg,454,679,1323,1832,0,train
005327.jpg,178,117,156,216,0,train
005328.jpg,72,94,226,313,0,train
005329.jpg,155,44,133,184,0,train
005330.jpg,55,119,278,385,0,train
005331.jpg,1001,181,372,515,0,train
005332.jpg,110,112,237,328,0,train
005333.jpg,68,80,127,176,0,train
005334.jpg,94,77,156,216,0,train
005335.jpg,74,63,99,137,0,train
005336.jpg,145,88,382,529,0,train
005337.jpg,200,50,109,151,0,train
005338.jpg,118,181,127,176,0,train
005339.jpg,58,66,179,248,0,train
005340.jpg,143,54,224,310,0,train
005341.jpg,81,113,130,180,0,train
005342.jpg,116,91,135,187,0,train
005343.jpg,64,38,81,112,0,train
005344.jpg,358,100,151,209,0,train
005345.jpg,382,66,135,187,0,train
005346.jpg,133,102,169,234,0,train
005347.jpg,109,40,81,112,0,train
005348.jpg,147,76,156,216,0,train
005349.jpg,34,53,81,112,0,train
005350.jpg,216,469,874,1210,0,train
005351.jpg,122,89,218,302,0,train
005352.jpg,135,63,257,356,0,train
005353.jpg,65,48,101,140,0,train
005354.jpg,75,55,166,230,0,train
005355.jpg,207,201,307,425,0,train
005356.jpg,174,60,109,151,0,train
005357.jpg,83,60,192,266,0,train
005358.jpg,106,92,208,288,0,train
005359.jpg,23,36,198,263,0,train
005360.jpg,75,47,182,252,0,train
005361.jpg,64,80,177,245,0,train
005362.jpg,108,45,101,140,0,train
005363.jpg,77,111,195,270,0,train
005364.jpg,66,87,161,223,0,train
005365.jpg,180,214,164,227,0,train
005366.jpg,108,75,192,266,0,train
005367.jpg,317,98,265,367,0,train
005368.jpg,198,32,96,133,0,train
005369.jpg,106,71,187,259,0,train
005370.jpg,82,71,185,256,0,train
005371.jpg,100,30,78,108,0,train
005372.jpg,54,115,172,238,0,train
005373.jpg,178,111,125,173,0,train
005374.jpg,471,69,218,302,0,train
005375.jpg,108,62,166,230,0,train
005376.jpg,92,99,140,194,0,train
005377.jpg,70,70,96,133,0,train
005378.jpg,31,49,159,220,0,train
005379.jpg,32,119,247,342,0,train
005380.jpg,112,69,156,216,0,train
005381.jpg,83,86,208,288,0,train
005382.jpg,49,71,270,374,0,train
005383.jpg,95,72,247,342,0,train
005384.jpg,286,65,221,306,0,train
005385.jpg,42,69,242,335,0,train
005386.jpg,224,50,127,176,0,train
005387.jpg,110,76,221,306,0,train
005388.jpg,28,50,94,130,0,train
005389.jpg,135,100,333,461,0,train
005390.jpg,38,44,62,86,0,train
005391.jpg,268,48,242,335,0,train
005392.jpg,123,35,101,140,0,train
005393.jpg,40,59,99,137,0,train
005394.jpg,124,76,213,295,0,train
005395.jpg,105,78,198,274,0,train
005396.jpg,587,215,286,396,0,train
005397.jpg,83,75,268,371,0,train
005398.jpg,171,100,125,173,0,train
005399.jpg,69,50,117,162,0,train
005400.jpg,50,48,122,148,0,train
005401.jpg,65,107,244,338,0,train
005402.jpg,190,44,283,392,0,train
005403.jpg,171,152,257,356,0,train
005404.jpg,120,80,265,367,0,train
005405.jpg,155,90,220,312,0,train
005406.jpg,91,2,104,144,0,train
005407.jpg,72,35,190,263,0,train
005408.jpg,71,96,276,382,0,train
005409.jpg,144,184,299,414,0,train
005410.jpg,43,73,127,176,0,train
005411.jpg,130,115,291,403,0,train
005412.jpg,188,98,250,346,0,train
005413.jpg,768,78,127,176,0,train
005414.jpg,91,145,153,212,0,train
005415.jpg,34,51,283,359,0,train
005416.jpg,59,43,198,254,0,train
005417.jpg,527,130,330,457,0,train
005418.jpg,152,105,127,191,0,train
005419.jpg,171,32,36,50,0,train
005420.jpg,174,57,153,212,0,train
005421.jpg,83,91,195,270,0,train
005422.jpg,281,131,143,198,0,train
005423.jpg,121,41,229,317,0,train
005424.jpg,229,63,161,223,0,train
005425.jpg,758,386,390,540,0,train
005426.jpg,105,118,148,205,0,train
005427.jpg,77,26,169,234,0,train
005428.jpg,110,48,153,212,0,train
005429.jpg,36,46,91,126,0,train
005430.jpg,155,20,148,205,0,train
005431.jpg,146,82,127,176,0,train
005432.jpg,72,46,153,212,0,train
005433.jpg,93,7,65,90,0,train
005434.jpg,68,89,229,317,0,train
005435.jpg,57,111,133,184,0,train
005436.jpg,80,9,65,90,0,train
005437.jpg,184,102,200,277,0,train
005438.jpg,187,18,65,90,0,train
005439.jpg,118,183,317,439,0,train
005440.jpg,91,102,229,317,0,train
005441.jpg,53,61,135,187,0,train
005442.jpg,156,81,198,249,0,train
005443.jpg,44,64,208,288,0,train
005444.jpg,94,53,94,130,0,train
005445.jpg,22,49,312,432,0,train
005446.jpg,92,84,229,317,0,train
005447.jpg,235,115,148,205,0,train
005448.jpg,285,8,515,713,0,train
005449.jpg,55,56,107,148,0,train
005450.jpg,199,94,177,245,0,train
005451.jpg,94,44,117,162,0,train
005452.jpg,71,50,151,209,0,train
005453.jpg,24,40,114,158,0,train
005454.jpg,212,25,55,76,0,train
005455.jpg,114,89,307,425,0,train
005456.jpg,1071,66,351,486,0,train
005457.jpg,1562,319,1001,1386,0,train
005458.jpg,69,49,122,169,0,train
005459.jpg,96,96,135,187,0,train
005460.jpg,462,56,307,425,0,train
005461.jpg,2,25,55,76,0,train
005462.jpg,40,46,146,202,0,train
005463.jpg,84,63,278,385,0,train
005464.jpg,237,294,255,353,0,train
005465.jpg,97,76,179,248,0,train
005466.jpg,9,53,86,119,0,train
005467.jpg,162,54,101,140,0,train
005468.jpg,34,19,81,112,0,train
005469.jpg,225,69,138,191,0,train
005470.jpg,122,32,208,288,0,train
005471.jpg,85,29,153,212,0,train
005472.jpg,45,60,148,205,0,train
005473.jpg,96,102,177,245,0,train
005474.jpg,196,157,650,900,0,train
005475.jpg,124,80,224,310,0,train
005476.jpg,84,43,91,126,0,train
005477.jpg,184,147,161,223,0,train
005478.jpg,116,39,146,198,0,train
005479.jpg,158,148,172,238,0,train
005480.jpg,93,92,172,238,0,train
005481.jpg,117,87,257,356,0,train
005482.jpg,118,17,88,122,0,train
005483.jpg,156,76,125,173,0,train
005484.jpg,94,118,231,320,0,train
005485.jpg,175,108,203,281,0,train
005486.jpg,90,43,133,184,0,train
005487.jpg,107,57,125,173,0,train
005488.jpg,156,22,159,220,0,train
005489.jpg,52,54,125,173,0,train
005490.jpg,342,118,208,288,0,train
005491.jpg,105,68,159,220,0,train
005492.jpg,158,34,138,191,0,train
005493.jpg,80,56,125,173,0,train
005494.jpg,598,112,138,191,0,train
005495.jpg,206,114,117,162,0,train
005496.jpg,35,38,291,403,0,train
005497.jpg,41,88,281,389,0,train
005498.jpg,400,36,330,457,0,train
005499.jpg,47,24,90,116,0,train
005500.jpg,118,12,73,101,0,train
005501.jpg,77,94,224,310,0,train
005502.jpg,403,123,182,252,0,train
005503.jpg,75,64,263,364,0,train
005504.jpg,116,86,146,202,0,train
005505.jpg,267,71,224,310,0,train
005506.jpg,83,113,143,198,0,train
005507.jpg,82,95,278,385,0,train
005508.jpg,105,26,182,252,0,train
005509.jpg,299,93,200,277,0,train
005510.jpg,125,126,133,184,0,train
005511.jpg,151,13,130,180,0,train
005512.jpg,55,68,135,187,0,train
005513.jpg,155,106,88,122,0,train
005514.jpg,57,109,234,324,0,train
005515.jpg,47,26,96,133,0,train
005516.jpg,121,82,164,227,0,train
005517.jpg,17,95,244,338,0,train
005518.jpg,638,30,333,461,0,train
005519.jpg,39,35,192,266,0,train
005520.jpg,131,121,104,144,0,train
005521.jpg,5,77,257,356,0,train
005522.jpg,25,89,216,299,0,train
005523.jpg,141,67,237,328,0,train
005524.jpg,144,43,143,198,0,train
005525.jpg,172,87,161,223,0,train
005526.jpg,75,33,179,248,0,train
005527.jpg,89,62,174,241,0,train
005528.jpg,35,75,221,306,0,train
005529.jpg,19,39,49,68,0,train
005530.jpg,30,43,88,117,0,train
005531.jpg,96,43,133,184,0,train
005532.jpg,182,151,307,425,0,train
005533.jpg,180,54,135,187,0,train
005534.jpg,84,91,161,223,0,train
005535.jpg,101,110,246,343,0,train
005536.jpg,193,24,49,68,0,train
005537.jpg,253,128,244,338,0,train
005538.jpg,61,60,203,281,0,train
005539.jpg,125,206,502,695,0,train
005540.jpg,48,166,247,332,0,train
005541.jpg,285,54,242,335,0,train
005542.jpg,213,17,120,166,0,train
005543.jpg,49,67,122,169,0,train
005544.jpg,67,183,341,472,0,train
005545.jpg,117,51,146,202,0,train
005546.jpg,72,93,185,256,0,train
005547.jpg,190,69,153,212,0,train
005548.jpg,76,47,166,230,0,train
005549.jpg,215,111,226,313,0,train
005550.jpg,284,103,273,378,0,train
005551.jpg,133,116,182,252,0,train
005552.jpg,108,86,148,205,0,train
005553.jpg,211,58,146,202,0,train
005554.jpg,116,60,148,205,0,train
005555.jpg,97,101,179,248,0,train
005556.jpg,60,93,302,418,0,train
005557.jpg,127,57,122,169,0,train
005558.jpg,647,130,242,335,0,train
005559.jpg,136,71,99,137,0,train
005560.jpg,86,75,195,270,0,train
005561.jpg,279,165,221,306,0,train
005562.jpg,112,66,185,256,0,train
005563.jpg,86,74,166,230,0,train
005564.jpg,74,85,239,331,0,train
005565.jpg,87,59,247,342,0,train
005566.jpg,209,138,146,202,0,train
005567.jpg,958,22,208,288,0,train
005568.jpg,72,112,187,259,0,train
005569.jpg,119,128,312,432,0,train
005570.jpg,128,99,151,209,0,train
005571.jpg,144,40,263,341,0,train
005572.jpg,116,111,211,292,0,train
005573.jpg,31,85,166,230,0,train
005574.jpg,137,71,156,216,0,train
005575.jpg,65,61,195,270,0,train
005576.jpg,101,21,107,148,0,train
005577.jpg,86,65,187,259,0,train
005578.jpg,155,113,107,148,0,train
005579.jpg,466,123,229,317,0,train
005580.jpg,310,340,559,774,0,train
005581.jpg,11,24,83,103,0,train
005582.jpg,918,395,933,1292,0,train
005583.jpg,128,32,182,252,0,train
005584.jpg,49,84,203,281,0,train
005585.jpg,30,65,151,197,0,train
005586.jpg,377,331,892,1235,0,train
005587.jpg,184,44,140,194,0,train
005588.jpg,92,63,250,346,0,train
005589.jpg,196,41,117,162,0,train
005590.jpg,118,41,91,126,0,train
005591.jpg,50,29,125,173,0,train
005592.jpg,183,61,117,162,0,train
005593.jpg,55,72,268,371,0,train
005594.jpg,75,80,406,562,0,train
005595.jpg,125,40,156,216,0,train
005596.jpg,340,37,432,598,0,train
005597.jpg,78,55,101,140,0,train
005598.jpg,25,44,107,148,0,train
005599.jpg,882,226,551,763,0,train
005600.jpg,105,42,135,187,0,train
005601.jpg,898,174,385,533,0,train
005602.jpg,274,73,179,248,0,train
005603.jpg,94,108,237,328,0,train
005604.jpg,73,72,187,259,0,train
005605.jpg,50,79,221,293,0,train
005606.jpg,84,68,200,277,0,train
005607.jpg,55,26,70,97,0,train
005608.jpg,74,80,140,194,0,train
005609.jpg,116,73,159,220,0,train
005610.jpg,57,71,159,220,0,train
005611.jpg,6,45,75,104,0,train
005612.jpg,178,25,174,241,0,train
005613.jpg,328,67,164,227,0,train
005614.jpg,45,98,265,367,0,train
005615.jpg,1,96,244,309,0,train
005616.jpg,1,45,174,241,0,train
005617.jpg,37,38,333,461,0,train
005618.jpg,53,69,125,173,0,train
005619.jpg,54,85,211,292,0,train
005620.jpg,401,59,224,310,0,train
005621.jpg,236,154,325,450,0,train
005622.jpg,65,61,148,205,0,train
005623.jpg,126,100,140,194,0,train
005624.jpg,265,25,232,342,0,train
005625.jpg,119,37,169,234,0,train
005626.jpg,118,120,179,248,0,train
005627.jpg,39,104,203,281,0,train
005628.jpg,177,28,148,205,0,train
005629.jpg,106,117,260,360,0,train
005630.jpg,92,58,172,238,0,train
005631.jpg,210,28,153,212,0,train
005632.jpg,41,65,120,166,0,train
005633.jpg,108,61,200,277,0,train
005634.jpg,190,65,177,245,0,train
005635.jpg,37,63,234,324,0,train
005636.jpg,209,140,114,158,0,train
005637.jpg,108,103,125,173,0,train
005638.jpg,89,64,99,137,0,train
005639.jpg,149,104,177,245,0,train
005640.jpg,138,57,138,191,0,train
005641.jpg,217,174,585,810,0,train
005642.jpg,100,40,125,173,0,train
005643.jpg,63,147,265,367,0,train
005644.jpg,116,61,174,241,0,train
005645.jpg,81,126,190,263,0,train
005646.jpg,14,43,101,140,0,train
005647.jpg,116,61,96,133,0,train
005648.jpg,244,197,658,911,0,train
005649.jpg,256,315,510,706,0,train
005650.jpg,29,35,247,342,0,train
005651.jpg,904,166,312,432,0,train
005652.jpg,78,58,151,209,0,train
005653.jpg,52,40,88,122,0,train
005654.jpg,111,1,387,536,0,train
005655.jpg,245,55,187,259,0,train
005656.jpg,240,75,78,108,0,train
005657.jpg,296,38,65,90,0,train
005658.jpg,58,54,94,130,0,train
005659.jpg,90,38,161,223,0,train
005660.jpg,129,72,164,227,0,train
005661.jpg,152,16,153,212,0,train
005662.jpg,774,631,668,925,0,train
005663.jpg,258,41,81,112,0,train
005664.jpg,75,164,406,562,0,train
005665.jpg,71,76,99,137,0,train
005666.jpg,164,38,60,83,0,train
005667.jpg,142,48,182,252,0,train
005668.jpg,21,32,73,101,0,train
005669.jpg,14,8,138,191,0,train
005670.jpg,392,227,213,295,0,train
005671.jpg,175,49,140,194,0,train
005672.jpg,51,89,281,389,0,train
005673.jpg,90,84,187,259,0,train
005674.jpg,83,101,205,284,0,train
005675.jpg,98,129,250,346,0,train
005676.jpg,194,89,218,302,0,train
005677.jpg,150,71,179,248,0,train
005678.jpg,84,46,193,304,0,train
005679.jpg,187,207,307,425,0,train
005680.jpg,74,90,99,137,0,train
005681.jpg,315,33,112,155,0,train
005682.jpg,193,40,140,194,0,train
005683.jpg,69,44,112,155,0,train
005684.jpg,218,95,125,173,0,train
005685.jpg,55,59,127,176,0,train
005686.jpg,120,79,182,252,0,train
005687.jpg,36,53,192,266,0,train
005688.jpg,43,128,205,284,0,train
005689.jpg,113,27,127,176,0,train
005690.jpg,280,89,177,245,0,train
005691.jpg,392,298,174,241,0,train
005692.jpg,87,21,218,302,0,train
005693.jpg,24,69,117,162,0,train
005694.jpg,122,58,117,162,0,train
005695.jpg,187,122,159,220,0,train
005696.jpg,228,111,452,626,0,train
005697.jpg,230,59,195,270,0,train
005698.jpg,77,61,146,202,0,train
005699.jpg,70,58,161,223,0,train
005700.jpg,66,53,91,126,0,train
005701.jpg,44,19,114,158,0,train
005702.jpg,22,3,105,151,0,train
005703.jpg,237,200,343,475,0,train
005704.jpg,46,115,234,324,0,train
005705.jpg,612,75,133,184,0,train
005706.jpg,150,134,302,418,0,train
005707.jpg,125,95,156,216,0,train
005708.jpg,31,133,216,295,0,train
005709.jpg,53,41,130,180,0,train
005710.jpg,48,14,75,104,0,train
005711.jpg,44,64,162,221,0,train
005712.jpg,141,53,88,122,0,train
005713.jpg,116,55,159,220,0,train
005714.jpg,52,31,138,191,0,train
005715.jpg,60,63,216,299,0,train
005716.jpg,26,23,83,115,0,train
005717.jpg,177,30,125,173,0,train
005718.jpg,65,21,68,94,0,train
005719.jpg,215,175,200,277,0,train
005720.jpg,97,42,104,144,0,train
005721.jpg,89,31,179,248,0,train
005722.jpg,26,37,109,151,0,train
005723.jpg,92,104,281,389,0,train
005724.jpg,79,28,44,61,0,train
005725.jpg,177,120,135,187,0,train
005726.jpg,365,264,2509,3187,0,train
005727.jpg,45,126,445,616,0,train
005728.jpg,327,137,406,562,0,train
005729.jpg,80,97,260,360,0,train
005730.jpg,79,49,114,158,0,train
005731.jpg,4,19,322,446,0,train
005732.jpg,20,28,75,104,0,train
005733.jpg,753,325,627,868,0,train
005734.jpg,37,58,291,403,0,train
005735.jpg,264,260,658,911,0,train
005736.jpg,298,43,146,202,0,train
005737.jpg,262,204,138,191,0,train
005738.jpg,66,66,208,288,0,train
005739.jpg,500,506,793,1098,0,train
005740.jpg,103,48,133,184,0,train
005741.jpg,99,67,140,194,0,train
005742.jpg,78,77,205,284,0,train
005743.jpg,80,41,187,259,0,train
005744.jpg,26,32,229,285,0,train
005745.jpg,621,73,257,356,0,train
005746.jpg,199,58,127,176,0,train
005747.jpg,59,12,86,119,0,train
005748.jpg,154,94,49,68,0,train
005749.jpg,1,26,216,299,0,train
005750.jpg,186,19,99,137,0,train
005751.jpg,359,106,239,331,0,train
005752.jpg,151,87,166,230,0,train
005753.jpg,122,90,187,259,0,train
005754.jpg,440,222,406,562,0,train
005755.jpg,123,101,148,205,0,train
005756.jpg,54,69,169,234,0,train
005757.jpg,55,83,203,281,0,train
005758.jpg,120,104,182,252,0,train
005759.jpg,87,61,161,223,0,train
005760.jpg,77,86,156,216,0,train
005761.jpg,66,39,156,216,0,train
005762.jpg,80,115,231,320,0,train
005763.jpg,130,79,156,216,0,train
005764.jpg,70,22,62,86,0,train
005765.jpg,395,118,187,259,0,train
005766.jpg,48,24,55,76,0,train
005767.jpg,100,72,114,158,0,train
005768.jpg,94,58,213,295,0,train
005769.jpg,93,45,94,130,0,train
005770.jpg,38,83,218,302,0,train
005771.jpg,85,99,192,266,0,train
005772.jpg,85,97,151,209,0,train
005773.jpg,202,86,161,223,0,train
005774.jpg,127,38,104,144,0,train
005775.jpg,91,100,156,216,0,train
005776.jpg,5,66,83,115,0,train
005777.jpg,40,51,172,238,0,train
005778.jpg,55,54,75,104,0,train
005779.jpg,34,31,101,140,0,train
005780.jpg,326,50,88,122,0,train
005781.jpg,17,8,49,67,0,train
005782.jpg,179,76,338,468,0,train
005783.jpg,54,109,203,281,0,train
005784.jpg,202,96,164,227,0,train
005785.jpg,792,314,419,580,0,train
005786.jpg,432,110,229,317,0,train
005787.jpg,50,26,57,79,0,train
005788.jpg,38,52,114,158,0,train
005789.jpg,21,3,140,194,0,train
005790.jpg,60,76,198,274,0,train
005791.jpg,26,39,122,169,0,train
005792.jpg,108,65,122,169,0,train
005793.jpg,136,168,229,317,0,train
005794.jpg,55,95,161,223,0,train
005795.jpg,305,248,153,212,0,train
005796.jpg,98,46,101,140,0,train
005797.jpg,29,46,73,101,0,train
005798.jpg,118,170,281,389,0,train
005799.jpg,711,249,1017,1408,0,train
005800.jpg,211,63,216,299,0,train
005801.jpg,93,30,94,130,0,train
005802.jpg,11,33,114,158,0,train
005803.jpg,62,90,151,209,0,train
005804.jpg,1,43,96,133,0,train
005805.jpg,121,83,117,162,0,train
005806.jpg,168,60,221,306,0,train
005807.jpg,66,63,218,276,0,train
005808.jpg,93,60,125,173,0,train
005809.jpg,67,99,224,300,0,train
005810.jpg,430,691,1222,1692,0,train
005811.jpg,459,235,476,659,0,train
005812.jpg,119,80,294,403,0,train
005813.jpg,177,90,135,187,0,train
005814.jpg,150,164,221,306,0,train
005815.jpg,55,23,68,94,0,train
005816.jpg,108,46,107,148,0,train
005817.jpg,247,86,140,194,0,train
005818.jpg,385,69,229,317,0,train
005819.jpg,245,115,222,317,0,train
005820.jpg,117,103,221,306,0,train
005821.jpg,77,20,94,130,0,train
005822.jpg,209,164,149,223,0,train
005823.jpg,63,19,356,493,0,train
005824.jpg,460,272,312,432,0,train
005825.jpg,34,18,107,148,0,train
005826.jpg,55,69,260,360,0,train
005827.jpg,111,32,88,122,0,train
005828.jpg,290,172,533,738,0,train
005829.jpg,21,46,114,158,0,train
005830.jpg,74,108,169,234,0,train
005831.jpg,25,42,60,83,0,train
005832.jpg,129,96,198,274,0,train
005833.jpg,9,24,165,211,0,train
005834.jpg,151,73,153,212,0,train
005835.jpg,1,77,380,420,0,train
005836.jpg,25,29,78,108,0,train
005837.jpg,86,56,143,198,0,train
005838.jpg,114,83,140,194,0,train
005839.jpg,65,41,239,331,0,train
005840.jpg,87,72,101,140,0,train
005841.jpg,56,99,153,212,0,train
005842.jpg,32,27,195,270,0,train
005843.jpg,238,1,1378,1908,0,train
005844.jpg,147,122,359,497,0,train
005845.jpg,76,86,203,281,0,train
005846.jpg,68,65,234,324,0,train
005847.jpg,163,55,166,230,0,train
005848.jpg,264,91,276,382,0,train
005849.jpg,64,45,198,274,0,train
005850.jpg,32,64,169,234,0,train
005851.jpg,225,39,55,76,0,train
005852.jpg,108,66,153,212,0,train
005853.jpg,96,55,159,220,0,train
005854.jpg,76,87,143,198,0,train
005855.jpg,88,101,234,324,0,train
005856.jpg,54,87,187,259,0,train
005857.jpg,125,33,84,119,0,train
005858.jpg,402,178,338,468,0,train
005859.jpg,273,56,153,212,0,train
005860.jpg,110,83,166,230,0,train
005861.jpg,108,93,203,281,0,train
005862.jpg,268,49,125,173,0,train
005863.jpg,15,25,146,202,0,train
005864.jpg,419,186,403,558,0,train
005865.jpg,212,118,153,212,0,train
005866.jpg,79,52,190,263,0,train
005867.jpg,139,21,78,108,0,train
005868.jpg,296,85,286,396,0,train
005869.jpg,83,120,213,295,0,train
005870.jpg,71,70,195,270,0,train
005871.jpg,87,77,135,187,0,train
005872.jpg,45,77,250,346,0,train
005873.jpg,54,74,211,292,0,train
005874.jpg,199,34,164,227,0,train
005875.jpg,434,78,289,400,0,train
005876.jpg,149,170,182,252,0,train
005877.jpg,109,106,169,234,0,train
005878.jpg,172,53,198,274,0,train
005879.jpg,131,88,242,335,0,train
005880.jpg,426,100,159,220,0,train
005881.jpg,168,145,211,292,0,train
005882.jpg,39,130,239,331,0,train
005883.jpg,1,100,244,338,0,train
005884.jpg,242,61,224,310,0,train
005885.jpg,1414,621,101,140,0,train
005886.jpg,187,65,367,508,0,train
005887.jpg,218,163,133,184,0,train
005888.jpg,272,86,94,130,0,train
005889.jpg,114,70,151,209,0,train
005890.jpg,135,89,211,292,0,train
005891.jpg,82,70,192,266,0,train
005892.jpg,80,94,169,234,0,train
005893.jpg,861,90,317,439,0,train
005894.jpg,157,172,273,378,0,train
005895.jpg,104,70,169,234,0,train
005896.jpg,177,81,208,288,0,train
005897.jpg,65,88,146,202,0,train
005898.jpg,132,43,169,234,0,train
005899.jpg,91,80,99,137,0,train
005900.jpg,129,41,127,176,0,train
005901.jpg,85,44,120,166,0,train
005902.jpg,552,267,333,461,0,train
005903.jpg,81,12,83,115,0,train
005904.jpg,97,42,62,86,0,train
005905.jpg,113,35,166,230,0,train
005906.jpg,100,192,195,270,0,train
005907.jpg,147,58,237,328,0,train
005908.jpg,143,147,127,176,0,train
005909.jpg,62,30,86,140,0,train
005910.jpg,76,83,146,202,0,train
005911.jpg,144,203,200,277,0,train
005912.jpg,1462,181,1004,1390,0,train
005913.jpg,112,25,164,212,0,train
005914.jpg,172,152,101,140,0,train
005915.jpg,47,24,120,166,0,train
005916.jpg,16,31,114,158,0,train
005917.jpg,284,227,244,338,0,train
005918.jpg,191,40,146,202,0,train
005919.jpg,116,91,143,198,0,train
005920.jpg,202,71,299,414,0,train
005921.jpg,215,63,135,187,0,train
005922.jpg,262,90,231,320,0,train
005923.jpg,393,134,338,468,0,train
005924.jpg,101,343,575,796,0,train
005925.jpg,784,185,541,749,0,train
005926.jpg,268,303,439,608,0,train
005927.jpg,15,44,187,254,0,train
005928.jpg,44,36,96,133,0,train
005929.jpg,92,113,234,324,0,train
005930.jpg,39,230,190,263,0,train
005931.jpg,54,36,113,160,0,train
005932.jpg,940,1,718,994,0,train
005933.jpg,68,58,164,227,0,train
005934.jpg,46,34,96,133,0,train
005935.jpg,381,121,216,299,0,train
005936.jpg,211,192,255,353,0,train
005937.jpg,118,62,159,220,0,train
005938.jpg,218,83,226,313,0,train
005939.jpg,159,61,130,180,0,train
005940.jpg,191,99,286,396,0,train
005941.jpg,127,65,192,266,0,train
005942.jpg,38,58,148,205,0,train
005943.jpg,136,28,109,151,0,train
005944.jpg,263,116,374,518,0,train
005945.jpg,224,74,239,331,0,train
005946.jpg,85,42,385,533,0,train
005947.jpg,80,104,237,328,0,train
005948.jpg,97,54,120,166,0,train
005949.jpg,154,72,182,252,0,train
005950.jpg,76,83,182,252,0,train
005951.jpg,302,230,372,515,0,train
005952.jpg,148,20,112,155,0,train
005953.jpg,27,40,99,137,0,train
005954.jpg,357,81,211,292,0,train
005955.jpg,88,91,195,252,0,train
005956.jpg,79,57,112,155,0,train
005957.jpg,120,92,187,259,0,train
005958.jpg,73,65,130,180,0,train
005959.jpg,64,57,169,234,0,train
005960.jpg,61,77,247,342,0,train
005961.jpg,248,51,94,130,0,train
005962.jpg,203,108,127,176,0,train
005963.jpg,252,215,473,655,0,train
005964.jpg,147,72,226,313,0,train
005965.jpg,38,31,260,360,0,train
005966.jpg,85,21,91,126,0,train
005967.jpg,21,114,205,284,0,train
005968.jpg,133,59,156,216,0,train
005969.jpg,52,67,120,166,0,train
005970.jpg,129,28,130,180,0,train
005971.jpg,65,23,192,306,0,train
005972.jpg,68,36,187,259,0,train
005973.jpg,333,85,458,634,0,train
005974.jpg,132,75,192,266,0,train
005975.jpg,183,56,146,202,0,train
005976.jpg,79,75,117,162,0,train
005977.jpg,108,48,96,133,0,train
005978.jpg,208,170,229,317,0,train
005979.jpg,35,58,135,187,0,train
005980.jpg,29,50,122,169,0,train
005981.jpg,404,186,169,234,0,train
005982.jpg,206,136,559,774,0,train
005983.jpg,72,146,153,212,0,train
005984.jpg,69,58,216,299,0,train
005985.jpg,126,225,114,158,0,train
005986.jpg,141,88,112,155,0,train
005987.jpg,76,52,117,162,0,train
005988.jpg,14,40,104,144,0,train
005989.jpg,222,85,270,374,0,train
005990.jpg,401,657,1875,2596,0,train
005991.jpg,75,65,156,216,0,train
005992.jpg,57,57,166,230,0,train
005993.jpg,102,74,146,202,0,train
005994.jpg,76,115,239,331,0,train
005995.jpg,69,104,159,220,0,train
005996.jpg,127,75,148,205,0,train
005997.jpg,141,78,161,223,0,train
005998.jpg,114,51,114,158,0,train
005999.jpg,860,30,179,248,0,train
006000.jpg,146,44,174,241,0,train
006001.jpg,13,16,83,115,0,train
006002.jpg,104,105,192,266,0,train
006003.jpg,230,188,346,479,0,train
006004.jpg,173,138,242,335,0,train
006005.jpg,114,77,153,212,0,train
006006.jpg,29,38,62,86,0,train
006007.jpg,57,40,94,130,0,train
006008.jpg,15,40,91,126,0,train
006009.jpg,133,60,109,151,0,train
006010.jpg,115,87,127,176,0,train
006011.jpg,538,101,296,410,0,train
006012.jpg,192,144,244,338,0,train
006013.jpg,48,18,112,155,0,train
006014.jpg,77,70,91,126,0,train
006015.jpg,88,95,151,209,0,train
006016.jpg,19,39,135,187,0,train
006017.jpg,71,63,101,140,0,train
006018.jpg,70,91,99,137,0,train
006019.jpg,353,272,244,338,0,train
006020.jpg,50,39,75,104,0,train
006021.jpg,39,51,81,112,0,train
006022.jpg,170,65,250,346,0,train
006023.jpg,46,75,120,166,0,train
006024.jpg,101,49,120,166,0,train
006025.jpg,136,28,91,126,0,train
006026.jpg,37,24,83,115,0,train
006027.jpg,319,18,174,241,0,train
006028.jpg,70,42,88,122,0,train
006029.jpg,75,54,250,346,0,train
006030.jpg,260,53,146,202,0,train
006031.jpg,148,42,107,148,0,train
006032.jpg,1,9,432,598,0,train
006033.jpg,772,152,333,461,0,train
006034.jpg,79,37,130,180,0,train
006035.jpg,88,55,140,194,0,train
006036.jpg,65,61,235,340,0,train
006037.jpg,378,107,257,356,0,train
006038.jpg,115,56,221,306,0,train
006039.jpg,23,35,146,202,0,train
006040.jpg,141,77,133,184,0,train
006041.jpg,129,93,211,292,0,train
006042.jpg,38,46,86,119,0,train
006043.jpg,84,99,185,256,0,train
006044.jpg,80,72,133,184,0,train
006045.jpg,169,23,96,133,0,train
006046.jpg,144,74,88,122,0,train
006047.jpg,84,79,211,292,0,train
006048.jpg,108,53,73,101,0,train
006049.jpg,270,105,109,151,0,train
006050.jpg,151,86,315,436,0,train
006051.jpg,176,114,247,342,0,train
006052.jpg,188,97,156,216,0,train
006053.jpg,60,51,125,173,0,train
006054.jpg,112,137,263,360,0,train
006055.jpg,215,77,242,335,0,train
006056.jpg,55,27,133,184,0,train
006057.jpg,106,64,112,155,0,train
006058.jpg,150,17,68,94,0,train
006059.jpg,42,53,348,482,0,train
006060.jpg,163,121,148,205,0,train
006061.jpg,95,115,229,317,0,train
006062.jpg,70,75,159,220,0,train
006063.jpg,95,96,153,212,0,train
006064.jpg,97,53,151,209,0,train
006065.jpg,74,90,216,299,0,train
006066.jpg,35,66,234,283,0,train
006067.jpg,98,92,96,133,0,train
006068.jpg,113,73,91,126,0,train
006069.jpg,59,75,250,346,0,train
006070.jpg,94,41,88,122,0,train
006071.jpg,96,106,247,342,0,train
006072.jpg,96,127,270,374,0,train
006073.jpg,106,85,122,169,0,train
006074.jpg,60,102,172,238,0,train
006075.jpg,63,52,161,223,0,train
006076.jpg,89,104,174,241,0,train
006077.jpg,108,69,151,209,0,train
006078.jpg,115,99,179,248,0,train
006079.jpg,21,85,328,412,0,train
006080.jpg,22,14,104,144,0,train
006081.jpg,84,88,216,299,0,train
006082.jpg,109,81,130,180,0,train
006083.jpg,120,73,143,198,0,train
006084.jpg,86,35,75,104,0,train
006085.jpg,105,117,304,421,0,train
006086.jpg,234,46,104,144,0,train
006087.jpg,238,213,255,353,0,train
006088.jpg,219,55,153,212,0,train
006089.jpg,55,51,60,83,0,train
006090.jpg,228,58,122,169,0,train
006091.jpg,315,53,159,220,0,train
006092.jpg,162,43,99,137,0,train
006093.jpg,22,39,286,396,0,train
006094.jpg,189,69,156,216,0,train
006095.jpg,1,18,107,148,0,train
006096.jpg,139,51,172,238,0,train
006097.jpg,96,150,226,313,0,train
006098.jpg,99,83,107,148,0,train
006099.jpg,90,56,117,162,0,train
006100.jpg,101,43,166,230,0,train
006101.jpg,318,80,120,166,0,train
006102.jpg,109,23,62,86,0,train
006103.jpg,17,48,138,191,0,train
006104.jpg,90,49,203,281,0,train
006105.jpg,121,62,247,342,0,train
006106.jpg,144,38,107,148,0,train
006107.jpg,622,222,679,940,0,train
006108.jpg,183,144,341,472,0,train
006109.jpg,52,80,369,511,0,train
006110.jpg,77,103,138,191,0,train
006111.jpg,184,59,114,158,0,train
006112.jpg,106,144,112,155,0,train
006113.jpg,135,36,73,101,0,train
006114.jpg,46,98,148,205,0,train
006115.jpg,106,75,135,187,0,train
006116.jpg,14,19,130,165,0,train
006117.jpg,36,101,237,328,0,train
006118.jpg,125,74,151,209,0,train
006119.jpg,74,121,159,220,0,train
006120.jpg,136,80,172,238,0,train
006121.jpg,131,75,172,238,0,train
006122.jpg,107,41,218,302,0,train
006123.jpg,12,88,203,261,0,train
006124.jpg,38,67,138,191,0,train
006125.jpg,53,91,177,245,0,train
006126.jpg,38,58,192,266,0,train
006127.jpg,91,105,192,266,0,train
006128.jpg,62,72,260,360,0,train
006129.jpg,54,99,229,317,0,train
006130.jpg,49,104,221,306,0,train
006131.jpg,272,33,234,324,0,train
006132.jpg,89,96,200,277,0,train
006133.jpg,96,76,104,144,0,train
006134.jpg,436,284,177,245,0,train
006135.jpg,33,21,231,320,0,train
006136.jpg,89,72,127,176,0,train
006137.jpg,135,74,159,220,0,train
006138.jpg,22,86,211,292,0,train
006139.jpg,76,42,120,166,0,train
006140.jpg,57,38,65,90,0,train
006141.jpg,198,155,151,209,0,train
006142.jpg,401,163,299,414,0,train
006143.jpg,77,65,177,245,0,train
006144.jpg,142,171,335,464,0,train
006145.jpg,72,92,83,115,0,train
006146.jpg,569,433,1074,1487,0,train
006147.jpg,54,50,140,194,0,train
006148.jpg,360,21,218,302,0,train
006149.jpg,78,93,268,371,0,train
006150.jpg,184,60,83,115,0,train
006151.jpg,93,40,94,130,0,train
006152.jpg,71,91,94,130,0,train
006153.jpg,127,61,179,248,0,train
006154.jpg,11,38,88,122,0,train
006155.jpg,94,84,73,101,0,train
006156.jpg,226,125,250,346,0,train
006157.jpg,31,64,94,130,0,train
006158.jpg,414,120,434,601,0,train
006159.jpg,80,109,213,295,0,train
006160.jpg,81,26,164,227,0,train
006161.jpg,130,45,122,169,0,train
006162.jpg,68,145,226,313,0,train
006163.jpg,86,77,185,256,0,train
006164.jpg,148,36,114,158,0,train
006165.jpg,53,48,70,97,0,train
006166.jpg,69,63,208,288,0,train
006167.jpg,85,98,127,176,0,train
006168.jpg,1,30,455,630,0,train
006169.jpg,34,36,413,572,0,train
006170.jpg,70,58,159,220,0,train
006171.jpg,117,54,209,324,0,train
006172.jpg,209,225,192,266,0,train
006173.jpg,252,54,166,230,0,train
006174.jpg,72,61,216,299,0,train
006175.jpg,73,75,278,385,0,train
006176.jpg,196,40,172,238,0,train
006177.jpg,311,50,148,205,0,train
006178.jpg,170,272,367,508,0,train
006179.jpg,45,70,182,252,0,train
006180.jpg,307,100,99,137,0,train
006181.jpg,121,71,114,158,0,train
006182.jpg,16,45,226,313,0,train
006183.jpg,115,35,70,97,0,train
006184.jpg,72,108,172,238,0,train
006185.jpg,117,95,159,220,0,train
006186.jpg,244,30,104,144,0,train
006187.jpg,33,107,250,346,0,train
006188.jpg,601,181,317,439,0,train
006189.jpg,52,31,52,72,0,train
006190.jpg,97,52,125,173,0,train
006191.jpg,59,138,250,346,0,train
006192.jpg,263,179,250,346,0,train
006193.jpg,131,101,146,202,0,train
006194.jpg,69,33,185,256,0,train
006195.jpg,155,60,179,248,0,train
006196.jpg,29,33,146,202,0,train
006197.jpg,167,35,174,241,0,train
006198.jpg,51,36,242,334,0,train
006199.jpg,136,129,187,259,0,train
006200.jpg,92,91,218,302,0,train
006201.jpg,952,83,299,414,0,train
006202.jpg,157,128,192,266,0,train
006203.jpg,85,6,70,97,0,train
006204.jpg,141,136,244,338,0,train
006205.jpg,171,64,70,97,0,train
006206.jpg,63,47,153,212,0,train
006207.jpg,53,72,187,224,0,train
006208.jpg,240,88,130,180,0,train
006209.jpg,269,56,127,176,0,train
006210.jpg,116,20,68,94,0,train
006211.jpg,231,113,57,79,0,train
006212.jpg,95,19,185,256,0,train
006213.jpg,155,88,226,313,0,train
006214.jpg,102,76,221,306,0,train
006215.jpg,79,119,224,310,0,train
006216.jpg,110,33,172,238,0,train
006217.jpg,493,1,816,1130,0,train
006218.jpg,132,54,198,274,0,train
006219.jpg,188,310,569,788,0,train
006220.jpg,43,54,182,252,0,train
006221.jpg,63,74,120,166,0,train
006222.jpg,306,28,151,209,0,train
006223.jpg,119,56,57,79,0,train
006224.jpg,40,31,177,245,0,train
006225.jpg,93,96,164,227,0,train
006226.jpg,93,113,312,432,0,train
006227.jpg,114,55,195,270,0,train
006228.jpg,565,379,598,828,0,train
006229.jpg,25,152,213,295,0,train
006230.jpg,118,98,198,274,0,train
006231.jpg,87,59,138,191,0,train
006232.jpg,192,29,91,126,0,train
006233.jpg,497,82,182,252,0,train
006234.jpg,60,52,198,268,0,train
006235.jpg,123,40,153,212,0,train
006236.jpg,179,78,211,292,0,train
006237.jpg,135,73,166,230,0,train
006238.jpg,294,46,107,148,0,train
006239.jpg,14,9,166,230,0,train
006240.jpg,125,449,1069,1466,0,train
006241.jpg,48,41,109,151,0,train
006242.jpg,47,10,99,137,0,train
006243.jpg,77,16,304,421,0,train
006244.jpg,33,33,86,119,0,train
006245.jpg,69,28,156,216,0,train
006246.jpg,428,84,151,209,0,train
006247.jpg,80,36,151,209,0,train
006248.jpg,662,181,686,950,0,train
006249.jpg,34,83,341,414,0,train
006250.jpg,115,105,234,324,0,train
006251.jpg,58,107,239,331,0,train
006252.jpg,62,29,114,158,0,train
006253.jpg,238,22,289,400,0,train
006254.jpg,145,99,359,497,0,train
006255.jpg,115,101,231,320,0,train
006256.jpg,91,117,179,248,0,train
006257.jpg,155,92,104,144,0,train
006258.jpg,168,310,75,104,0,train
006259.jpg,72,60,138,173,0,train
006260.jpg,221,48,208,288,0,train
006261.jpg,51,63,104,144,0,train
006262.jpg,102,77,187,259,0,train
006263.jpg,233,127,205,284,0,train
006264.jpg,54,64,260,360,0,train
006265.jpg,132,74,182,252,0,train
006266.jpg,34,45,112,155,0,train
006267.jpg,291,265,335,464,0,train
006268.jpg,56,54,195,270,0,train
006269.jpg,61,63,273,378,0,train
006270.jpg,54,67,151,209,0,train
006271.jpg,126,46,114,158,0,train
006272.jpg,78,61,166,230,0,train
006273.jpg,27,30,88,122,0,train
006274.jpg,132,53,174,241,0,train
006275.jpg,16,43,104,144,0,train
006276.jpg,128,84,91,126,0,train
006277.jpg,122,55,86,119,0,train
006278.jpg,305,37,92,137,0,train
006279.jpg,132,129,138,191,0,train
006280.jpg,193,10,156,216,0,train
006281.jpg,708,87,138,191,0,train
006282.jpg,326,194,629,871,0,train
006283.jpg,363,1,122,169,0,train
006284.jpg,374,151,211,292,0,train
006285.jpg,224,63,133,184,0,train
006286.jpg,73,27,94,130,0,train
006287.jpg,220,119,86,119,0,train
006288.jpg,131,134,148,205,0,train
006289.jpg,301,252,533,738,0,train
006290.jpg,199,105,205,284,0,train
006291.jpg,191,124,127,176,0,train
006292.jpg,311,62,203,281,0,train
006293.jpg,345,149,156,216,0,train
006294.jpg,46,91,221,306,0,train
006295.jpg,79,87,211,292,0,train
006296.jpg,2,30,208,288,0,train
006297.jpg,53,48,99,137,0,train
006298.jpg,266,76,182,252,0,train
006299.jpg,191,37,117,162,0,train
006300.jpg,103,33,125,173,0,train
006301.jpg,42,102,237,328,0,train
006302.jpg,61,50,136,191,0,train
006303.jpg,213,112,151,209,0,train
006304.jpg,28,38,88,122,0,train
006305.jpg,163,69,138,191,0,train
006306.jpg,110,53,127,176,0,train
006307.jpg,391,81,242,335,0,train
006308.jpg,124,53,125,173,0,train
006309.jpg,103,50,70,97,0,train
006310.jpg,221,29,161,223,0,train
006311.jpg,192,70,146,202,0,train
006312.jpg,55,90,192,249,0,train
006313.jpg,174,99,309,428,0,train
006314.jpg,223,166,75,104,0,train
006315.jpg,47,50,34,47,0,train
006316.jpg,185,5,130,180,0,train
006317.jpg,479,32,101,140,0,train
006318.jpg,17,68,216,299,0,train
006319.jpg,177,24,104,144,0,train
006320.jpg,167,86,161,223,0,train
006321.jpg,284,14,101,140,0,train
006322.jpg,82,72,153,212,0,train
006323.jpg,737,62,569,788,0,train
006324.jpg,40,86,208,288,0,train
006325.jpg,177,39,140,194,0,train
006326.jpg,634,31,580,803,0,train
006327.jpg,66,35,198,274,0,train
006328.jpg,171,41,166,230,0,train
006329.jpg,107,84,315,436,0,train
006330.jpg,126,80,205,284,0,train
006331.jpg,187,133,361,500,0,train
006332.jpg,64,69,205,284,0,train
006333.jpg,80,107,109,151,0,train
006334.jpg,167,1,185,256,0,train
006335.jpg,35,49,161,217,0,train
006336.jpg,117,37,120,166,0,train
006337.jpg,15,130,250,334,0,train
006338.jpg,125,50,96,133,0,train
006339.jpg,119,76,138,191,0,train
006340.jpg,272,69,18,25,0,train
006341.jpg,92,68,177,245,0,train
006342.jpg,394,1,608,842,0,train
006343.jpg,108,37,156,216,0,train
006344.jpg,61,39,198,274,0,train
006345.jpg,66,66,133,184,0,train
006346.jpg,146,42,114,158,0,train
006347.jpg,335,182,478,662,0,train
006348.jpg,109,105,153,212,0,train
006349.jpg,188,105,91,126,0,train
006350.jpg,516,104,143,198,0,train
006351.jpg,305,72,148,205,0,train
006352.jpg,98,197,400,554,0,train
006353.jpg,28,44,83,115,0,train
006354.jpg,175,139,86,119,0,train
006355.jpg,140,49,164,227,0,train
006356.jpg,97,70,185,256,0,train
006357.jpg,222,72,120,166,0,train
006358.jpg,196,28,169,234,0,train
006359.jpg,223,116,182,252,0,train
006360.jpg,101,82,172,238,0,train
006361.jpg,217,68,94,130,0,train
006362.jpg,131,149,70,97,0,train
006363.jpg,131,39,122,169,0,train
006364.jpg,123,98,151,209,0,train
006365.jpg,99,108,218,302,0,train
006366.jpg,413,475,1313,1818,0,train
006367.jpg,311,103,117,162,0,train
006368.jpg,206,151,333,461,0,train
006369.jpg,210,119,104,144,0,train
006370.jpg,107,102,213,295,0,train
006371.jpg,703,64,403,558,0,train
006372.jpg,165,85,143,198,0,train
006373.jpg,44,25,163,231,0,train
006374.jpg,214,27,114,158,0,train
006375.jpg,116,38,135,187,0,train
006376.jpg,103,99,195,270,0,train
006377.jpg,57,59,104,144,0,train
006378.jpg,65,23,91,126,0,train
006379.jpg,62,47,208,288,0,train
006380.jpg,51,49,112,155,0,train
006381.jpg,1207,568,250,346,0,train
006382.jpg,72,103,205,284,0,train
006383.jpg,212,31,169,234,0,train
006384.jpg,34,54,101,140,0,train
006385.jpg,29,89,112,155,0,train
006386.jpg,82,49,192,266,0,train
006387.jpg,75,56,109,151,0,train
006388.jpg,12,52,73,101,0,train
006389.jpg,76,1,525,727,0,train
006390.jpg,93,85,195,270,0,train
006391.jpg,100,75,68,94,0,train
006392.jpg,121,135,127,176,0,train
006393.jpg,51,18,190,263,0,train
006394.jpg,718,148,429,594,0,train
006395.jpg,9,26,68,94,0,train
006396.jpg,150,67,172,238,0,train
006397.jpg,389,347,450,623,0,train
006398.jpg,226,50,177,245,0,train
006399.jpg,194,93,125,173,0,train
006400.jpg,64,77,122,169,0,train
006401.jpg,230,193,338,468,0,train
006402.jpg,112,86,174,241,0,train
006403.jpg,1211,258,655,907,0,train
006404.jpg,62,40,60,83,0,train
006405.jpg,839,480,850,1177,0,train
006406.jpg,242,109,216,299,0,train
006407.jpg,90,67,250,346,0,train
006408.jpg,124,12,125,173,0,train
006409.jpg,106,86,169,234,0,train
006410.jpg,97,62,101,140,0,train
006411.jpg,60,80,164,227,0,train
006412.jpg,21,37,140,194,0,train
006413.jpg,7,20,101,140,0,train
006414.jpg,173,1,140,194,0,train
006415.jpg,9,95,239,331,0,train
006416.jpg,285,106,174,241,0,train
006417.jpg,170,75,104,144,0,train
006418.jpg,65,87,169,234,0,train
006419.jpg,102,84,130,180,0,train
006420.jpg,120,105,216,299,0,train
006421.jpg,266,69,94,130,0,train
006422.jpg,73,78,107,148,0,train
006423.jpg,373,101,346,479,0,train
006424.jpg,84,97,127,176,0,train
006425.jpg,109,46,185,256,0,train
006426.jpg,307,423,582,806,0,train
006427.jpg,43,46,81,112,0,train
006428.jpg,164,94,268,371,0,train
006429.jpg,380,269,484,670,0,train
006430.jpg,174,70,112,155,0,train
006431.jpg,87,59,187,259,0,train
006432.jpg,148,17,255,353,0,train
006433.jpg,89,47,86,119,0,train
006434.jpg,103,75,174,241,0,train
006435.jpg,88,15,192,266,0,train
006436.jpg,149,104,107,148,0,train
006437.jpg,180,37,182,252,0,train
006438.jpg,74,39,101,140,0,train
006439.jpg,145,77,107,148,0,train
006440.jpg,16,57,221,306,0,train
006441.jpg,73,156,140,194,0,train
006442.jpg,101,154,458,634,0,train
006443.jpg,90,129,244,338,0,train
006444.jpg,184,41,96,133,0,train
006445.jpg,121,89,179,248,0,train
006446.jpg,173,88,146,202,0,train
006447.jpg,87,73,130,180,0,train
006448.jpg,374,226,554,767,0,train
006449.jpg,30,101,169,234,0,train
006450.jpg,202,125,177,245,0,train
006451.jpg,30,43,190,263,0,train
006452.jpg,140,93,146,202,0,train
006453.jpg,31,41,127,176,0,train
006454.jpg,151,109,208,288,0,train
006455.jpg,107,98,164,227,0,train
006456.jpg,27,96,250,346,0,train
006457.jpg,92,93,125,173,0,train
006458.jpg,266,64,187,259,0,train
006459.jpg,81,66,208,288,0,train
006460.jpg,286,203,177,245,0,train
006461.jpg,141,92,161,223,0,train
006462.jpg,59,56,120,166,0,train
006463.jpg,100,89,208,288,0,train
006464.jpg,154,27,116,170,0,train
006465.jpg,35,32,140,194,0,train
006466.jpg,57,36,104,144,0,train
006467.jpg,155,17,286,396,0,train
006468.jpg,180,12,127,176,0,train
006469.jpg,317,178,182,252,0,train
006470.jpg,210,72,148,205,0,train
006471.jpg,68,79,130,180,0,train
006472.jpg,66,96,198,274,0,train
006473.jpg,51,86,135,187,0,train
006474.jpg,28,42,122,169,0,train
006475.jpg,88,34,107,148,0,train
006476.jpg,113,89,135,187,0,train
006477.jpg,306,179,348,482,0,train
006478.jpg,154,150,260,360,0,train
006479.jpg,92,39,120,166,0,train
006480.jpg,268,118,348,482,0,train
006481.jpg,1,128,325,450,0,train
006482.jpg,204,401,538,745,0,train
006483.jpg,103,108,185,256,0,train
006484.jpg,337,216,312,432,0,train
006485.jpg,154,104,47,65,0,train
006486.jpg,532,72,283,392,0,train
006487.jpg,252,137,159,220,0,train
006488.jpg,114,17,122,169,0,train
006489.jpg,275,54,148,205,0,train
006490.jpg,59,79,140,187,0,train
006491.jpg,374,73,114,158,0,train
006492.jpg,48,42,144,205,0,train
006493.jpg,107,11,73,101,0,train
006494.jpg,81,8,164,227,0,train
006495.jpg,121,133,159,220,0,train
006496.jpg,471,109,244,338,0,train
006497.jpg,127,24,218,302,0,train
006498.jpg,54,69,255,353,0,train
006499.jpg,56,15,161,223,0,train
006500.jpg,524,111,312,432,0,train
006501.jpg,79,127,179,248,0,train
006502.jpg,18,24,47,65,0,train
006503.jpg,66,55,153,212,0,train
006504.jpg,63,25,39,54,0,train
006505.jpg,158,54,60,83,0,train
006506.jpg,189,28,185,299,0,train
006507.jpg,146,80,68,94,0,train
006508.jpg,48,115,286,396,0,train
006509.jpg,15,24,88,116,0,train
006510.jpg,197,45,114,158,0,train
006511.jpg,54,119,218,302,0,train
006512.jpg,384,242,242,335,0,train
006513.jpg,157,171,400,554,0,train
006514.jpg,288,55,307,425,0,train
006515.jpg,491,276,359,497,0,train
006516.jpg,272,68,286,396,0,train
006517.jpg,116,21,177,245,0,train
006518.jpg,106,20,205,284,0,train
006519.jpg,74,62,221,306,0,train
006520.jpg,27,54,169,227,0,train
006521.jpg,39,20,117,162,0,train
006522.jpg,69,34,122,169,0,train
006523.jpg,81,122,140,194,0,train
006524.jpg,476,505,603,835,0,train
006525.jpg,13,86,164,227,0,train
006526.jpg,793,471,736,1019,0,train
006527.jpg,437,72,192,266,0,train
006528.jpg,117,46,138,191,0,train
006529.jpg,98,109,182,252,0,train
006530.jpg,502,199,276,382,0,train
006531.jpg,389,99,68,94,0,train
006532.jpg,190,164,135,187,0,train
006533.jpg,178,75,189,347,0,train
006534.jpg,141,59,99,137,0,train
006535.jpg,101,91,133,184,0,train
006536.jpg,86,47,135,187,0,train
006537.jpg,138,43,94,130,0,train
006538.jpg,102,19,114,158,0,train
006539.jpg,150,67,143,198,0,train
006540.jpg,309,159,151,209,0,train
006541.jpg,46,32,65,90,0,train
006542.jpg,90,27,120,166,0,train
006543.jpg,141,42,393,544,0,train
006544.jpg,153,75,96,133,0,train
006545.jpg,74,33,109,151,0,train
006546.jpg,376,86,229,317,0,train
006547.jpg,164,1,112,155,0,train
006548.jpg,184,20,172,238,0,train
006549.jpg,557,47,130,180,0,train
006550.jpg,48,64,226,313,0,train
006551.jpg,48,49,107,140,0,train
006552.jpg,244,1,278,362,0,train
006553.jpg,585,401,473,655,0,train
006554.jpg,141,122,101,140,0,train
006555.jpg,1,12,135,187,0,train
006556.jpg,63,69,174,241,0,train
006557.jpg,74,329,127,176,0,train
006558.jpg,214,163,213,295,0,train
006559.jpg,117,63,133,184,0,train
006560.jpg,55,36,109,151,0,train
006561.jpg,75,22,138,191,0,train
006562.jpg,1043,538,785,1087,0,train
006563.jpg,122,89,169,234,0,train
006564.jpg,84,78,101,140,0,train
006565.jpg,237,54,112,155,0,train
006566.jpg,189,109,172,238,0,train
006567.jpg,53,110,281,389,0,train
006568.jpg,47,76,257,356,0,train
006569.jpg,178,123,109,151,0,train
006570.jpg,34,37,159,220,0,train
006571.jpg,42,45,94,130,0,train
006572.jpg,243,111,208,288,0,train
006573.jpg,75,12,122,169,0,train
006574.jpg,756,142,491,680,0,train
006575.jpg,299,151,432,598,0,train
006576.jpg,132,82,143,198,0,train
006577.jpg,84,58,177,245,0,train
006578.jpg,838,558,720,997,0,train
006579.jpg,186,43,127,176,0,train
006580.jpg,80,78,270,374,0,train
006581.jpg,403,127,283,392,0,train
006582.jpg,88,56,224,310,0,train
006583.jpg,109,47,125,173,0,train
006584.jpg,88,51,190,263,0,train
006585.jpg,579,87,161,223,0,train
006586.jpg,218,140,270,374,0,train
006587.jpg,258,1,614,764,0,train
006588.jpg,160,84,109,151,0,train
006589.jpg,37,29,83,115,0,train
006590.jpg,757,49,143,198,0,train
006591.jpg,359,130,307,425,0,train
006592.jpg,804,401,900,1246,0,train
006593.jpg,280,121,205,284,0,train
006594.jpg,176,77,107,148,0,train
006595.jpg,140,103,296,410,0,train
006596.jpg,82,86,250,346,0,train
006597.jpg,1234,550,78,108,0,train
006598.jpg,132,127,174,241,0,train
006599.jpg,118,56,120,166,0,train
006600.jpg,40,49,104,144,0,train
006601.jpg,26,31,146,202,0,train
006602.jpg,56,32,117,162,0,train
006603.jpg,100,181,338,468,0,train
006604.jpg,537,146,926,1282,0,train
006605.jpg,25,11,86,119,0,train
006606.jpg,199,27,200,277,0,train
006607.jpg,74,80,265,367,0,train
006608.jpg,245,95,179,248,0,train
006609.jpg,83,84,83,115,0,train
006610.jpg,16,3,289,381,0,train
006611.jpg,192,236,458,634,0,train
006612.jpg,195,50,117,162,0,train
006613.jpg,225,251,491,680,0,train
006614.jpg,565,150,421,583,0,train
006615.jpg,483,92,273,378,0,train
006616.jpg,249,76,335,464,0,train
006617.jpg,92,144,148,205,0,train
006618.jpg,51,67,229,313,0,train
006619.jpg,139,33,211,292,0,train
006620.jpg,141,46,177,245,0,train
006621.jpg,101,49,94,130,0,train
006622.jpg,82,129,250,346,0,train
006623.jpg,161,239,528,731,0,train
006624.jpg,148,38,255,353,0,train
006625.jpg,91,78,104,144,0,train
006626.jpg,97,68,96,133,0,train
006627.jpg,16,63,226,292,0,train
006628.jpg,125,73,166,230,0,train
006629.jpg,178,88,130,180,0,train
006630.jpg,127,48,101,140,0,train
006631.jpg,112,40,55,76,0,train
006632.jpg,87,91,174,241,0,train
006633.jpg,44,90,187,259,0,train
006634.jpg,60,82,117,162,0,train
006635.jpg,44,42,109,151,0,train
006636.jpg,738,236,372,515,0,train
006637.jpg,254,140,296,410,0,train
006638.jpg,15,41,104,144,0,train
006639.jpg,131,146,265,367,0,train
006640.jpg,122,110,159,220,0,train
006641.jpg,225,81,164,227,0,train
006642.jpg,200,247,169,234,0,train
006643.jpg,477,250,601,832,0,train
006644.jpg,58,91,164,206,0,train
006645.jpg,308,47,164,227,0,train
006646.jpg,27,44,88,122,0,train
006647.jpg,7,71,146,202,0,train
006648.jpg,136,139,133,184,0,train
006649.jpg,76,67,99,137,0,train
006650.jpg,59,81,174,241,0,train
006651.jpg,54,60,224,310,0,train
006652.jpg,214,67,127,176,0,train
006653.jpg,68,64,164,227,0,train
006654.jpg,449,230,172,238,0,train
006655.jpg,180,92,182,252,0,train
006656.jpg,118,84,156,216,0,train
006657.jpg,198,120,99,137,0,train
006658.jpg,220,40,109,151,0,train
006659.jpg,5,52,252,333,0,train
006660.jpg,291,159,125,173,0,train
006661.jpg,450,249,530,734,0,train
006662.jpg,429,197,291,403,0,train
006663.jpg,126,62,255,353,0,train
006664.jpg,56,73,237,328,0,train
006665.jpg,112,70,138,191,0,train
006666.jpg,123,107,172,238,0,train
006667.jpg,91,51,112,155,0,train
006668.jpg,84,92,263,392,0,train
006669.jpg,23,39,169,234,0,train
006670.jpg,83,56,179,248,0,train
006671.jpg,69,43,127,176,0,train
006672.jpg,867,227,621,860,0,train
006673.jpg,164,28,140,194,0,train
006674.jpg,106,49,102,144,0,train
006675.jpg,101,41,655,907,0,train
006676.jpg,67,35,104,144,0,train
006677.jpg,51,52,130,180,0,train
006678.jpg,104,97,143,198,0,train
006679.jpg,168,220,419,580,0,train
006680.jpg,73,85,208,288,0,train
006681.jpg,159,25,166,230,0,train
006682.jpg,74,78,257,356,0,train
006683.jpg,103,38,289,400,0,train
006684.jpg,73,111,234,324,0,train
006685.jpg,110,96,174,241,0,train
006686.jpg,313,89,299,414,0,train
006687.jpg,274,179,221,306,0,train
006688.jpg,92,92,96,133,0,train
006689.jpg,96,46,208,288,0,train
006690.jpg,1043,478,627,868,0,train
006691.jpg,672,74,281,389,0,train
006692.jpg,56,139,177,245,0,train
006693.jpg,238,59,130,180,0,train
006694.jpg,69,29,78,108,0,train
006695.jpg,246,53,156,216,0,train
006696.jpg,107,65,192,266,0,train
006697.jpg,121,94,231,320,0,train
006698.jpg,290,61,226,286,0,train
006699.jpg,86,70,94,130,0,train
006700.jpg,274,76,177,245,0,train
006701.jpg,765,374,1375,1904,0,train
006702.jpg,98,36,166,230,0,train
006703.jpg,70,21,91,126,0,train
006704.jpg,159,58,138,191,0,train
006705.jpg,94,65,122,169,0,train
006706.jpg,20,1,164,227,0,train
006707.jpg,396,125,112,155,0,train
006708.jpg,11,24,107,148,0,train
006709.jpg,90,83,130,180,0,train
006710.jpg,401,131,689,867,0,train
006711.jpg,175,74,112,155,0,train
006712.jpg,80,65,198,274,0,train
006713.jpg,70,48,44,61,0,train
006714.jpg,147,76,153,212,0,train
006715.jpg,11,40,75,104,0,train
006716.jpg,134,82,190,263,0,train
006717.jpg,187,69,156,216,0,train
006718.jpg,141,89,120,166,0,train
006719.jpg,119,56,83,115,0,train
006720.jpg,649,388,671,929,0,train
006721.jpg,30,17,88,122,0,train
006722.jpg,177,54,146,202,0,train
006723.jpg,47,22,146,202,0,train
006724.jpg,74,46,231,320,0,train
006725.jpg,347,371,686,950,0,train
006726.jpg,115,93,192,266,0,train
006727.jpg,70,49,172,238,0,train
006728.jpg,21,50,174,240,0,train
006729.jpg,236,88,107,148,0,train
006730.jpg,82,43,159,220,0,train
006731.jpg,172,50,138,191,0,train
006732.jpg,79,36,44,61,0,train
006733.jpg,140,50,221,306,0,train
006734.jpg,27,70,198,274,0,train
006735.jpg,765,318,702,972,0,train
006736.jpg,105,45,143,198,0,train
006737.jpg,37,72,140,194,0,train
006738.jpg,124,79,148,205,0,train
006739.jpg,113,83,169,234,0,train
006740.jpg,122,61,174,241,0,train
006741.jpg,895,219,312,432,0,train
006742.jpg,79,55,182,252,0,train
006743.jpg,51,50,161,223,0,train
006744.jpg,77,37,146,202,0,train
006745.jpg,225,129,195,270,0,train
006746.jpg,16,39,104,142,0,train
006747.jpg,83,24,161,223,0,train
006748.jpg,85,75,198,274,0,train
006749.jpg,113,57,151,209,0,train
006750.jpg,85,141,244,338,0,train
006751.jpg,104,35,171,252,0,train
006752.jpg,83,1,348,482,0,train
006753.jpg,256,47,114,158,0,train
006754.jpg,326,109,499,691,0,train
006755.jpg,117,79,198,274,0,train
006756.jpg,105,68,224,310,0,train
006757.jpg,201,24,164,227,0,train
006758.jpg,68,66,231,320,0,train
006759.jpg,159,7,120,166,0,train
006760.jpg,164,4,283,392,0,train
006761.jpg,89,104,291,393,0,train
006762.jpg,228,54,120,166,0,train
006763.jpg,115,31,174,241,0,train
006764.jpg,341,193,260,360,0,train
006765.jpg,88,84,127,176,0,train
006766.jpg,135,30,81,112,0,train
006767.jpg,156,116,185,256,0,train
006768.jpg,268,37,73,101,0,train
006769.jpg,105,56,192,241,0,train
006770.jpg,67,75,237,328,0,train
006771.jpg,231,102,333,461,0,train
006772.jpg,203,61,218,302,0,train
006773.jpg,26,119,213,295,0,train
006774.jpg,210,36,138,191,0,train
006775.jpg,123,121,302,418,0,train
006776.jpg,125,53,107,148,0,train
006777.jpg,180,55,200,255,0,train
006778.jpg,154,60,146,202,0,train
006779.jpg,59,59,198,274,0,train
006780.jpg,114,48,83,115,0,train
006781.jpg,70,42,94,125,0,train
006782.jpg,425,26,138,191,0,train
006783.jpg,16,46,88,122,0,train
006784.jpg,191,99,140,194,0,train
006785.jpg,65,83,242,335,0,train
006786.jpg,135,93,234,324,0,train
006787.jpg,759,236,666,922,0,train
006788.jpg,17,22,101,140,0,train
006789.jpg,109,56,127,176,0,train
006790.jpg,205,297,408,565,0,train
006791.jpg,66,59,172,238,0,train
006792.jpg,155,96,81,112,0,train
006793.jpg,49,68,101,140,0,train
006794.jpg,109,107,65,90,0,train
006795.jpg,29,42,143,198,0,train
006796.jpg,78,86,143,198,0,train
006797.jpg,61,37,143,198,0,train
006798.jpg,137,41,146,202,0,train
006799.jpg,85,108,179,248,0,train
006800.jpg,126,10,104,144,0,train
006801.jpg,189,76,203,281,0,train
006802.jpg,93,92,133,184,0,train
006803.jpg,84,25,138,191,0,train
006804.jpg,257,60,177,245,0,train
006805.jpg,210,68,112,155,0,train
006806.jpg,136,135,130,180,0,train
006807.jpg,148,18,104,144,0,train
006808.jpg,82,21,226,313,0,train
006809.jpg,105,46,130,180,0,train
006810.jpg,103,61,177,245,0,train
006811.jpg,98,109,239,331,0,train
006812.jpg,103,100,172,238,0,train
006813.jpg,47,48,99,137,0,train
006814.jpg,87,3,109,169,0,train
006815.jpg,147,100,289,400,0,train
006816.jpg,165,146,234,319,0,train
006817.jpg,95,88,117,162,0,train
006818.jpg,112,124,179,248,0,train
006819.jpg,61,29,338,468,0,train
006820.jpg,166,39,112,155,0,train
006821.jpg,55,56,153,212,0,train
006822.jpg,394,556,874,1210,0,train
006823.jpg,81,36,151,209,0,train
006824.jpg,562,142,221,306,0,train
006825.jpg,48,78,257,356,0,train
006826.jpg,200,63,244,338,0,train
006827.jpg,1,38,135,187,0,train
006828.jpg,160,65,109,151,0,train
006829.jpg,77,30,70,97,0,train
006830.jpg,935,654,952,1318,0,train
006831.jpg,165,28,88,122,0,train
006832.jpg,8,92,172,238,0,train
006833.jpg,102,62,78,108,0,train
006834.jpg,28,58,143,198,0,train
006835.jpg,41,66,234,324,0,train
006836.jpg,26,35,286,396,0,train
006837.jpg,68,66,179,248,0,train
006838.jpg,87,131,83,99,0,train
006839.jpg,118,64,200,277,0,train
006840.jpg,72,69,247,342,0,train
006841.jpg,76,58,122,169,0,train
006842.jpg,158,242,317,439,0,train
006843.jpg,44,68,242,335,0,train
006844.jpg,32,34,65,90,0,train
006845.jpg,334,131,216,299,0,train
006846.jpg,91,61,107,148,0,train
006847.jpg,49,68,101,140,0,train
006848.jpg,228,278,107,148,0,train
006849.jpg,76,68,114,158,0,train
006850.jpg,332,76,374,518,0,train
006851.jpg,112,41,112,155,0,train
006852.jpg,25,24,94,130,0,train
006853.jpg,96,104,200,277,0,train
006854.jpg,18,55,192,266,0,train
006855.jpg,163,74,198,274,0,train
006856.jpg,48,24,107,148,0,train
006857.jpg,214,51,122,169,0,train
006858.jpg,387,91,208,288,0,train
006859.jpg,133,34,148,205,0,train
006860.jpg,155,219,333,461,0,train
006861.jpg,89,80,138,191,0,train
006862.jpg,43,46,101,140,0,train
006863.jpg,72,74,130,180,0,train
006864.jpg,68,89,263,364,0,train
006865.jpg,191,110,538,745,0,train
006866.jpg,50,39,252,349,0,train
006867.jpg,264,125,322,446,0,train
006868.jpg,171,205,465,644,0,train
006869.jpg,425,104,294,407,0,train
006870.jpg,586,1,239,331,0,train
006871.jpg,77,36,65,90,0,train
006872.jpg,96,92,143,198,0,train
006873.jpg,139,1,174,241,0,train
006874.jpg,77,82,117,162,0,train
006875.jpg,346,72,112,155,0,train
006876.jpg,208,36,117,162,0,train
006877.jpg,27,69,304,421,0,train
006878.jpg,752,58,385,533,0,train
006879.jpg,32,44,185,256,0,train
006880.jpg,261,85,130,180,0,train
006881.jpg,139,60,195,270,0,train
006882.jpg,39,35,88,122,0,train
006883.jpg,391,66,268,371,0,train
006884.jpg,134,192,473,655,0,train
006885.jpg,32,1,196,295,0,train
006886.jpg,72,56,130,166,0,train
006887.jpg,92,75,166,230,0,train
006888.jpg,63,70,549,760,0,train
006889.jpg,354,204,234,324,0,train
006890.jpg,78,55,47,65,0,train
006891.jpg,70,61,140,194,0,train
006892.jpg,63,64,153,212,0,train
006893.jpg,78,75,224,310,0,train
006894.jpg,87,86,153,212,0,train
006895.jpg,127,25,70,97,0,train
006896.jpg,83,217,221,306,0,train
006897.jpg,500,161,317,439,0,train
006898.jpg,118,67,195,270,0,train
006899.jpg,58,95,208,288,0,train
006900.jpg,12,62,200,271,0,train
006901.jpg,130,67,127,176,0,train
006902.jpg,160,35,91,126,0,train
006903.jpg,103,69,237,328,0,train
006904.jpg,153,35,94,130,0,train
006905.jpg,49,43,68,94,0,train
006906.jpg,46,43,114,158,0,train
006907.jpg,132,132,281,389,0,train
006908.jpg,159,45,166,230,0,train
006909.jpg,260,34,99,137,0,train
006910.jpg,71,42,68,94,0,train
006911.jpg,51,37,99,137,0,train
006912.jpg,130,69,250,315,0,train
006913.jpg,145,107,164,227,0,train
006914.jpg,77,81,153,212,0,train
006915.jpg,201,48,133,184,0,train
006916.jpg,1,80,185,256,0,train
006917.jpg,64,69,208,288,0,train
006918.jpg,151,115,94,130,0,train
006919.jpg,175,1,94,130,0,train
006920.jpg,112,73,135,187,0,train
006921.jpg,393,41,317,439,0,train
006922.jpg,141,187,385,533,0,train
006923.jpg,44,38,83,115,0,train
006924.jpg,263,11,117,162,0,train
006925.jpg,89,12,70,97,0,train
006926.jpg,107,57,161,223,0,train
006927.jpg,144,59,127,176,0,train
006928.jpg,42,55,99,137,0,train
006929.jpg,202,82,231,320,0,train
006930.jpg,78,108,263,364,0,train
006931.jpg,350,143,320,443,0,train
006932.jpg,830,296,385,533,0,train
006933.jpg,175,32,159,220,0,train
006934.jpg,254,84,120,166,0,train
006935.jpg,103,77,208,288,0,train
006936.jpg,51,82,221,306,0,train
006937.jpg,139,91,229,317,0,train
006938.jpg,98,45,127,176,0,train
006939.jpg,32,36,107,148,0,train
006940.jpg,227,326,538,745,0,train
006941.jpg,226,105,268,371,0,train
006942.jpg,106,61,177,245,0,train
006943.jpg,262,65,94,130,0,train
006944.jpg,72,56,247,342,0,train
006945.jpg,106,133,208,288,0,train
006946.jpg,212,255,252,349,0,train
006947.jpg,64,52,143,198,0,train
006948.jpg,43,78,148,205,0,train
006949.jpg,143,98,99,137,0,train
006950.jpg,50,61,49,68,0,train
006951.jpg,78,114,291,403,0,train
006952.jpg,180,53,127,176,0,train
006953.jpg,287,50,286,418,0,train
006954.jpg,51,59,187,259,0,train
006955.jpg,75,44,62,86,0,train
006956.jpg,627,308,577,799,0,train
006957.jpg,83,117,205,284,0,train
006958.jpg,50,70,286,377,0,train
006959.jpg,77,62,151,209,0,train
006960.jpg,219,117,125,173,0,train
006961.jpg,50,44,299,414,0,train
006962.jpg,115,90,179,248,0,train
006963.jpg,76,72,161,223,0,train
006964.jpg,65,40,107,148,0,train
006965.jpg,67,22,83,115,0,train
006966.jpg,75,40,146,186,0,train
006967.jpg,153,54,88,122,0,train
006968.jpg,246,69,198,274,0,train
006969.jpg,35,48,182,252,0,train
006970.jpg,94,39,109,151,0,train
006971.jpg,69,37,182,252,0,train
006972.jpg,132,146,268,371,0,train
006973.jpg,188,14,75,104,0,train
006974.jpg,60,51,104,144,0,train
006975.jpg,145,99,190,263,0,train
006976.jpg,55,91,195,270,0,train
006977.jpg,82,47,166,230,0,train
006978.jpg,16,35,125,150,0,train
006979.jpg,205,403,374,518,0,train
006980.jpg,20,41,172,227,0,train
006981.jpg,29,71,187,228,0,train
006982.jpg,25,48,101,140,0,train
006983.jpg,555,113,203,281,0,train
006984.jpg,84,107,198,274,0,train
006985.jpg,166,74,159,220,0,train
006986.jpg,148,162,203,281,0,train
006987.jpg,279,81,146,202,0,train
006988.jpg,63,44,156,194,0,train
006989.jpg,70,38,153,212,0,train
006990.jpg,184,42,117,162,0,train
006991.jpg,151,102,172,238,0,train
006992.jpg,69,19,106,169,0,train
006993.jpg,513,453,936,1296,0,train
006994.jpg,283,68,161,223,0,train
006995.jpg,89,94,179,248,0,train
006996.jpg,86,64,91,126,0,train
006997.jpg,42,55,200,277,0,train
006998.jpg,119,40,52,72,0,train
006999.jpg,104,249,554,767,0,train
007000.jpg,698,116,307,425,0,train
007001.jpg,116,72,117,162,0,train
007002.jpg,59,48,148,205,0,train
007003.jpg,132,24,218,302,0,train
007004.jpg,127,138,146,202,0,train
007005.jpg,60,33,138,191,0,train
007006.jpg,440,36,161,223,0,train
007007.jpg,85,11,104,144,0,train
007008.jpg,77,54,177,245,0,train
007009.jpg,7,97,83,115,0,train
007010.jpg,18,11,65,90,0,train
007011.jpg,203,76,424,587,0,train
007012.jpg,108,117,221,306,0,train
007013.jpg,77,66,86,119,0,train
007014.jpg,70,229,260,360,0,train
007015.jpg,37,97,255,353,0,train
007016.jpg,151,37,94,130,0,train
007017.jpg,178,52,133,184,0,train
007018.jpg,136,23,130,180,0,train
007019.jpg,284,225,523,724,0,train
007020.jpg,133,91,148,205,0,train
007021.jpg,132,199,169,234,0,train
007022.jpg,101,61,179,248,0,train
007023.jpg,189,166,359,497,0,train
007024.jpg,173,116,216,299,0,train
007025.jpg,23,31,112,155,0,train
007026.jpg,123,29,68,94,0,train
007027.jpg,104,46,101,140,0,train
007028.jpg,332,112,307,425,0,train
007029.jpg,77,71,70,97,0,train
007030.jpg,125,15,143,198,0,train
007031.jpg,12,50,117,153,0,train
007032.jpg,66,62,112,155,0,train
007033.jpg,222,132,533,738,0,train
007034.jpg,563,483,783,1084,0,train
007035.jpg,58,75,172,238,0,train
007036.jpg,105,19,146,202,0,train
007037.jpg,166,68,94,130,0,train
007038.jpg,59,28,52,72,0,train
007039.jpg,250,40,94,130,0,train
007040.jpg,78,71,138,191,0,train
007041.jpg,28,117,200,277,0,train
007042.jpg,23,84,198,274,0,train
007043.jpg,148,33,112,155,0,train
007044.jpg,842,34,520,720,0,train
007045.jpg,100,94,198,274,0,train
007046.jpg,86,49,68,94,0,train
007047.jpg,206,1,372,515,0,train
007048.jpg,31,30,68,94,0,train
007049.jpg,155,33,229,317,0,train
007050.jpg,221,73,138,191,0,train
007051.jpg,47,108,182,252,0,train
007052.jpg,120,42,68,101,0,train
007053.jpg,170,137,161,223,0,train
007054.jpg,55,85,190,263,0,train
007055.jpg,636,518,205,284,0,train
007056.jpg,105,46,159,220,0,train
007057.jpg,78,71,187,259,0,train
007058.jpg,65,65,146,202,0,train
007059.jpg,70,93,203,281,0,train
007060.jpg,147,129,231,302,0,train
007061.jpg,74,110,242,335,0,train
007062.jpg,291,76,88,122,0,train
007063.jpg,57,93,177,245,0,train
007064.jpg,78,145,242,335,0,train
007065.jpg,228,37,159,220,0,train
007066.jpg,401,119,229,317,0,train
007067.jpg,42,30,62,86,0,train
007068.jpg,217,60,172,238,0,train
007069.jpg,53,45,172,238,0,train
007070.jpg,54,40,99,137,0,train
007071.jpg,104,139,104,144,0,train
007072.jpg,292,102,281,389,0,train
007073.jpg,83,91,239,331,0,train
007074.jpg,149,27,203,281,0,train
007075.jpg,101,107,252,349,0,train
007076.jpg,131,217,62,86,0,train
007077.jpg,818,265,731,1012,0,train
007078.jpg,327,54,140,194,0,train
007079.jpg,37,36,78,108,0,train
007080.jpg,119,78,86,119,0,train
007081.jpg,152,41,138,191,0,train
007082.jpg,75,119,203,281,0,train
007083.jpg,146,77,172,238,0,train
007084.jpg,114,129,268,371,0,train
007085.jpg,65,4,146,198,0,train
007086.jpg,149,155,117,162,0,train
007087.jpg,77,174,159,220,0,train
007088.jpg,19,98,153,212,0,train
007089.jpg,103,61,153,212,0,train
007090.jpg,101,44,81,112,0,train
007091.jpg,64,121,213,295,0,train
007092.jpg,196,152,265,367,0,train
007093.jpg,120,123,190,263,0,train
007094.jpg,153,52,91,126,0,train
007095.jpg,205,40,159,220,0,train
007096.jpg,345,129,226,313,0,train
007097.jpg,23,44,109,151,0,train
007098.jpg,320,56,153,212,0,train
007099.jpg,85,61,153,212,0,train
007100.jpg,75,66,291,329,0,train
007101.jpg,93,39,60,83,0,train
007102.jpg,144,121,1217,1685,0,train
007103.jpg,56,69,156,216,0,train
007104.jpg,94,83,122,169,0,train
007105.jpg,100,62,192,266,0,train
007106.jpg,251,51,291,403,0,train
007107.jpg,172,26,346,479,0,train
007108.jpg,40,36,49,68,0,train
007109.jpg,116,83,148,205,0,train
007110.jpg,90,51,138,191,0,train
007111.jpg,188,48,213,295,0,train
007112.jpg,117,91,179,248,0,train
007113.jpg,43,110,231,320,0,train
007114.jpg,95,66,198,274,0,train
007115.jpg,699,428,341,472,0,train
007116.jpg,42,98,195,270,0,train
007117.jpg,128,92,122,169,0,train
007118.jpg,87,48,156,216,0,train
007119.jpg,182,101,86,119,0,train
007120.jpg,412,241,265,367,0,train
007121.jpg,127,45,153,212,0,train
007122.jpg,212,49,125,173,0,train
007123.jpg,643,301,411,569,0,train
007124.jpg,181,43,333,461,0,train
007125.jpg,103,78,104,144,0,train
007126.jpg,171,89,109,151,0,train
007127.jpg,46,89,99,137,0,train
007128.jpg,68,106,229,317,0,train
007129.jpg,142,143,242,335,0,train
007130.jpg,162,73,148,205,0,train
007131.jpg,125,49,143,198,0,train
007132.jpg,53,70,182,252,0,train
007133.jpg,122,113,226,313,0,train
007134.jpg,409,338,408,565,0,train
007135.jpg,65,64,161,223,0,train
007136.jpg,172,94,439,608,0,train
007137.jpg,236,18,125,173,0,train
007138.jpg,59,106,211,292,0,train
007139.jpg,218,27,117,162,0,train
007140.jpg,46,74,237,328,0,train
007141.jpg,77,62,75,104,0,train
007142.jpg,125,80,114,158,0,train
007143.jpg,74,61,398,551,0,train
007144.jpg,283,35,135,187,0,train
007145.jpg,18,22,143,191,0,train
007146.jpg,149,23,117,162,0,train
007147.jpg,127,25,208,288,0,train
007148.jpg,37,60,234,324,0,train
007149.jpg,70,92,216,299,0,train
007150.jpg,495,267,330,457,0,train
007151.jpg,109,100,62,86,0,train
007152.jpg,139,4,101,140,0,train
007153.jpg,101,13,325,450,0,train
007154.jpg,73,45,94,130,0,train
007155.jpg,18,58,151,209,0,train
007156.jpg,131,154,338,468,0,train
007157.jpg,73,59,250,338,0,train
007158.jpg,68,78,200,277,0,train
007159.jpg,210,213,432,598,0,train
007160.jpg,165,78,114,158,0,train
007161.jpg,123,44,135,187,0,train
007162.jpg,235,96,213,295,0,train
007163.jpg,165,102,211,292,0,train
007164.jpg,177,96,174,241,0,train
007165.jpg,325,178,312,432,0,train
007166.jpg,230,59,117,162,0,train
007167.jpg,99,45,148,205,0,train
007168.jpg,88,86,307,411,0,train
007169.jpg,87,74,294,407,0,train
007170.jpg,44,45,208,288,0,train
007171.jpg,135,79,146,202,0,train
007172.jpg,82,76,286,385,0,train
007173.jpg,87,79,153,212,0,train
007174.jpg,427,156,172,238,0,train
007175.jpg,10,62,114,158,0,train
007176.jpg,67,98,242,335,0,train
007177.jpg,90,123,203,281,0,train
007178.jpg,71,32,114,158,0,train
007179.jpg,229,132,187,259,0,train
007180.jpg,84,32,88,122,0,train
007181.jpg,46,92,195,270,0,train
007182.jpg,164,20,96,133,0,train
007183.jpg,187,76,104,144,0,train
007184.jpg,332,94,60,83,0,train
007185.jpg,35,85,94,130,0,train
007186.jpg,11,46,226,260,0,train
007187.jpg,175,63,156,216,0,train
007188.jpg,144,85,112,155,0,train
007189.jpg,18,19,81,112,0,train
007190.jpg,38,36,198,274,0,train
007191.jpg,107,96,310,490,0,train
007192.jpg,81,39,112,155,0,train
007193.jpg,136,159,187,259,0,train
007194.jpg,1,73,218,302,0,train
007195.jpg,42,42,130,180,0,train
007196.jpg,114,102,117,162,0,train
007197.jpg,122,90,153,212,0,train
007198.jpg,119,66,218,302,0,train
007199.jpg,241,141,107,148,0,train
007200.jpg,53,48,122,169,0,train
007201.jpg,63,76,185,256,0,train
007202.jpg,187,250,348,482,0,train
007203.jpg,82,116,151,209,0,train
007204.jpg,70,21,113,158,0,train
007205.jpg,389,314,868,1202,0,train
007206.jpg,233,47,140,194,0,train
007207.jpg,179,61,94,130,0,train
007208.jpg,37,61,130,180,0,train
007209.jpg,20,18,179,248,0,train
007210.jpg,47,73,190,263,0,train
007211.jpg,19,29,135,187,0,train
007212.jpg,169,41,187,259,0,train
007213.jpg,51,90,216,299,0,train
007214.jpg,125,60,83,115,0,train
007215.jpg,111,74,166,230,0,train
007216.jpg,96,140,231,320,0,train
007217.jpg,64,40,224,310,0,train
007218.jpg,121,57,161,223,0,train
007219.jpg,256,135,289,400,0,train
007220.jpg,191,57,179,248,0,train
007221.jpg,158,40,78,108,0,train
007222.jpg,590,236,606,839,0,train
007223.jpg,37,35,359,497,0,train
007224.jpg,148,131,270,374,0,train
007225.jpg,8,15,181,250,0,train
007226.jpg,76,68,91,126,0,train
007227.jpg,43,36,198,274,0,train
007228.jpg,126,70,114,158,0,train
007229.jpg,109,104,146,202,0,train
007230.jpg,206,54,120,166,0,train
007231.jpg,11,87,161,223,0,train
007232.jpg,58,102,218,302,0,train
007233.jpg,87,69,185,256,0,train
007234.jpg,170,106,138,191,0,train
007235.jpg,62,170,356,493,0,train
007236.jpg,28,51,107,148,0,train
007237.jpg,83,87,185,256,0,train
007238.jpg,100,6,109,151,0,train
007239.jpg,131,58,75,104,0,train
007240.jpg,287,103,203,281,0,train
007241.jpg,675,757,1459,2020,0,train
007242.jpg,192,51,140,194,0,train
007243.jpg,87,87,265,367,0,train
007244.jpg,66,67,216,299,0,train
007245.jpg,8,98,200,277,0,train
007246.jpg,41,90,211,292,0,train
007247.jpg,9,25,268,371,0,train
007248.jpg,65,125,185,256,0,train
007249.jpg,159,119,203,281,0,train
007250.jpg,532,93,712,954,0,train
007251.jpg,247,177,130,180,0,train
007252.jpg,124,102,114,158,0,train
007253.jpg,113,123,161,223,0,train
007254.jpg,125,79,140,194,0,train
007255.jpg,90,33,73,101,0,train
007256.jpg,72,122,151,209,0,train
007257.jpg,474,117,312,432,0,train
007258.jpg,78,197,203,281,0,train
007259.jpg,95,71,161,223,0,train
007260.jpg,64,106,211,292,0,train
007261.jpg,441,83,185,256,0,train
007262.jpg,50,35,127,156,0,train
007263.jpg,164,96,281,389,0,train
007264.jpg,141,14,60,83,0,train
007265.jpg,236,118,374,518,0,train
007266.jpg,554,96,338,468,0,train
007267.jpg,190,98,268,371,0,train
007268.jpg,205,47,325,450,0,train
007269.jpg,56,60,120,166,0,train
007270.jpg,108,58,143,198,0,train
007271.jpg,114,50,146,202,0,train
007272.jpg,137,155,325,394,0,train
007273.jpg,197,69,101,140,0,train
007274.jpg,27,77,239,331,0,train
007275.jpg,74,51,146,202,0,train
007276.jpg,121,82,211,292,0,train
007277.jpg,184,84,130,180,0,train
007278.jpg,100,37,57,79,0,train
007279.jpg,326,86,234,324,0,train
007280.jpg,136,16,86,119,0,train
007281.jpg,112,100,151,209,0,train
007282.jpg,309,96,244,338,0,train
007283.jpg,148,70,244,338,0,train
007284.jpg,656,44,312,432,0,train
007285.jpg,38,87,200,277,0,train
007286.jpg,732,322,468,648,0,train
007287.jpg,260,163,187,259,0,train
007288.jpg,135,84,146,202,0,train
007289.jpg,75,73,200,271,0,train
007290.jpg,51,132,234,324,0,train
007291.jpg,709,132,174,241,0,train
007292.jpg,41,42,86,119,0,train
007293.jpg,644,64,250,346,0,train
007294.jpg,130,104,159,220,0,train
007295.jpg,276,1,192,266,0,train
007296.jpg,127,39,195,270,0,train
007297.jpg,108,38,125,173,0,train
007298.jpg,151,156,216,299,0,train
007299.jpg,125,46,156,216,0,train
007300.jpg,203,86,57,79,0,train
007301.jpg,98,40,255,353,0,train
007302.jpg,186,179,471,652,0,train
007303.jpg,53,1,109,151,0,train
007304.jpg,96,109,244,338,0,train
007305.jpg,87,68,190,263,0,train
007306.jpg,190,79,151,209,0,train
007307.jpg,110,85,75,104,0,train
007308.jpg,19,45,81,112,0,train
007309.jpg,126,52,127,176,0,train
007310.jpg,53,29,83,115,0,train
007311.jpg,155,19,177,245,0,train
007312.jpg,93,75,208,288,0,train
007313.jpg,719,287,715,990,0,train
007314.jpg,52,26,62,86,0,train
007315.jpg,147,56,104,144,0,train
007316.jpg,42,62,229,317,0,train
007317.jpg,109,109,205,284,0,train
007318.jpg,106,73,135,187,0,train
007319.jpg,43,68,109,151,0,train
007320.jpg,62,45,133,184,0,train
007321.jpg,79,56,156,216,0,train
007322.jpg,213,80,218,302,0,train
007323.jpg,107,45,166,230,0,train
007324.jpg,161,139,117,162,0,train
007325.jpg,30,71,270,374,0,train
007326.jpg,145,219,174,241,0,train
007327.jpg,235,28,182,252,0,train
007328.jpg,93,51,200,277,0,train
007329.jpg,14,39,81,112,0,train
007330.jpg,8,61,151,209,0,train
007331.jpg,517,176,286,396,0,train
007332.jpg,63,55,198,274,0,train
007333.jpg,847,153,486,673,0,train
007334.jpg,15,24,247,342,0,train
007335.jpg,70,82,104,144,0,train
007336.jpg,334,27,73,101,0,train
007337.jpg,141,141,211,292,0,train
007338.jpg,65,22,122,169,0,train
007339.jpg,190,49,114,158,0,train
007340.jpg,162,1,127,176,0,train
007341.jpg,395,92,234,324,0,train
007342.jpg,556,209,421,583,0,train
007343.jpg,41,204,172,238,0,train
007344.jpg,382,52,426,590,0,train
007345.jpg,55,76,242,335,0,train
007346.jpg,49,1,148,205,0,train
007347.jpg,717,78,281,389,0,train
007348.jpg,62,24,255,353,0,train
007349.jpg,202,116,421,583,0,train
007350.jpg,177,59,151,209,0,train
007351.jpg,254,106,190,263,0,train
007352.jpg,68,68,200,277,0,train
007353.jpg,117,653,1011,1400,0,train
007354.jpg,52,272,588,814,0,train
007355.jpg,253,102,161,223,0,train
007356.jpg,152,87,164,227,0,train
007357.jpg,193,22,104,144,0,train
007358.jpg,317,901,328,454,0,train
007359.jpg,335,568,499,691,0,train
007360.jpg,24,45,39,54,0,train
007361.jpg,40,42,122,169,0,train
007362.jpg,114,33,369,511,0,train
007363.jpg,93,74,224,310,0,train
007364.jpg,44,56,112,155,0,train
007365.jpg,129,65,156,216,0,train
007366.jpg,99,44,159,220,0,train
007367.jpg,175,60,83,115,0,train
007368.jpg,23,52,47,65,0,train
007369.jpg,98,75,174,241,0,train
007370.jpg,784,6,234,324,0,train
007371.jpg,49,29,127,176,0,train
007372.jpg,107,109,153,212,0,train
007373.jpg,86,95,148,205,0,train
007374.jpg,473,250,307,425,0,train
007375.jpg,53,16,122,191,0,train
007376.jpg,92,63,122,169,0,train
007377.jpg,119,30,75,104,0,train
007378.jpg,129,24,174,241,0,train
007379.jpg,111,106,159,220,0,train
007380.jpg,104,63,198,274,0,train
007381.jpg,243,300,523,724,0,train
007382.jpg,206,319,294,407,0,train
007383.jpg,136,116,211,292,0,train
007384.jpg,187,57,125,173,0,train
007385.jpg,251,154,172,238,0,train
007386.jpg,307,93,138,191,0,train
007387.jpg,43,15,146,202,0,train
007388.jpg,377,245,538,745,0,train
007389.jpg,573,465,640,886,0,train
007390.jpg,113,18,101,140,0,train
007391.jpg,25,83,192,266,0,train
007392.jpg,87,102,257,356,0,train
007393.jpg,627,248,270,374,0,train
007394.jpg,45,57,96,133,0,train
007395.jpg,7,58,198,274,0,train
007396.jpg,92,74,179,248,0,train
007397.jpg,56,126,159,220,0,train
007398.jpg,104,117,239,331,0,train
007399.jpg,71,23,177,245,0,train
007400.jpg,86,154,179,248,0,train
007401.jpg,68,12,91,126,0,train
007402.jpg,63,44,133,184,0,train
007403.jpg,308,85,229,317,0,train
007404.jpg,110,111,151,209,0,train
007405.jpg,83,22,114,173,0,train
007406.jpg,85,40,101,140,0,train
007407.jpg,150,71,169,234,0,train
007408.jpg,256,127,60,83,0,train
007409.jpg,164,137,328,454,0,train
007410.jpg,87,81,203,281,0,train
007411.jpg,33,40,117,173,0,train
007412.jpg,99,31,114,158,0,train
007413.jpg,331,169,296,410,0,train
007414.jpg,167,95,192,266,0,train
007415.jpg,145,73,127,176,0,train
007416.jpg,62,36,120,166,0,train
007417.jpg,44,31,101,140,0,train
007418.jpg,82,46,96,133,0,train
007419.jpg,256,50,192,266,0,train
007420.jpg,245,56,338,468,0,train
007421.jpg,91,45,130,180,0,train
007422.jpg,236,35,133,184,0,train
007423.jpg,122,41,179,248,0,train
007424.jpg,17,53,120,166,0,train
007425.jpg,658,235,450,623,0,train
007426.jpg,61,81,174,241,0,train
007427.jpg,26,61,221,306,0,train
007428.jpg,64,139,268,371,0,train
007429.jpg,150,75,236,374,0,train
007430.jpg,749,774,1651,2286,0,train
007431.jpg,258,14,130,180,0,train
007432.jpg,104,64,177,213,0,train
007433.jpg,140,171,307,425,0,train
007434.jpg,219,110,164,227,0,train
007435.jpg,99,72,127,176,0,train
007436.jpg,58,42,68,94,0,train
007437.jpg,22,44,94,130,0,train
007438.jpg,62,22,133,184,0,train
007439.jpg,28,18,104,144,0,train
007440.jpg,174,78,130,180,0,train
007441.jpg,126,214,179,235,0,train
007442.jpg,284,44,86,119,0,train
007443.jpg,300,256,273,378,0,train
007444.jpg,87,42,216,299,0,train
007445.jpg,35,38,86,119,0,train
007446.jpg,165,147,281,389,0,train
007447.jpg,144,178,325,450,0,train
007448.jpg,97,116,190,263,0,train
007449.jpg,115,105,177,245,0,train
007450.jpg,111,49,117,162,0,train
007451.jpg,106,76,257,356,0,train
007452.jpg,32,72,120,166,0,train
007453.jpg,379,264,224,310,0,train
007454.jpg,163,91,294,407,0,train
007455.jpg,62,72,182,252,0,train
007456.jpg,177,105,255,353,0,train
007457.jpg,84,109,205,284,0,train
007458.jpg,26,23,109,151,0,train
007459.jpg,317,20,112,155,0,train
007460.jpg,447,116,224,310,0,train
007461.jpg,87,87,164,227,0,train
007462.jpg,23,89,255,353,0,train
007463.jpg,284,214,312,432,0,train
007464.jpg,51,39,117,162,0,train
007465.jpg,72,39,293,407,0,train
007466.jpg,415,68,182,252,0,train
007467.jpg,214,58,211,292,0,train
007468.jpg,51,60,112,155,0,train
007469.jpg,143,72,130,180,0,train
007470.jpg,314,135,182,252,0,train
007471.jpg,153,77,218,302,0,train
007472.jpg,242,61,179,248,0,train
007473.jpg,105,48,146,202,0,train
007474.jpg,223,30,122,169,0,train
007475.jpg,434,102,239,331,0,train
007476.jpg,141,56,107,148,0,train
007477.jpg,66,74,205,284,0,train
007478.jpg,106,21,68,94,0,train
007479.jpg,1,21,163,230,0,train
007480.jpg,99,29,62,86,0,train
007481.jpg,88,38,149,223,0,train
007482.jpg,52,43,166,229,0,train
007483.jpg,250,71,200,277,0,train
007484.jpg,151,29,78,108,0,train
007485.jpg,79,78,203,281,0,train
007486.jpg,90,52,205,284,0,train
007487.jpg,49,128,185,256,0,train
007488.jpg,110,122,156,216,0,train
007489.jpg,224,51,161,223,0,train
007490.jpg,107,95,213,295,0,train
007491.jpg,207,101,231,320,0,train
007492.jpg,66,76,143,198,0,train
007493.jpg,98,93,161,223,0,train
007494.jpg,36,36,99,121,0,train
007495.jpg,102,40,91,126,0,train
007496.jpg,125,72,179,248,0,train
007497.jpg,77,71,221,306,0,train
007498.jpg,84,79,226,313,0,train
007499.jpg,80,43,166,230,0,train
007500.jpg,14,104,296,410,0,train
007501.jpg,204,24,107,148,0,train
007502.jpg,57,87,211,292,0,train
007503.jpg,64,47,185,256,0,train
007504.jpg,219,79,96,133,0,train
007505.jpg,38,85,166,230,0,train
007506.jpg,108,23,190,263,0,train
007507.jpg,157,102,257,356,0,train
007508.jpg,51,69,148,205,0,train
007509.jpg,68,60,143,198,0,train
007510.jpg,60,104,172,238,0,train
007511.jpg,24,50,146,202,0,train
007512.jpg,59,58,237,328,0,train
007513.jpg,49,15,75,104,0,train
007514.jpg,259,106,276,382,0,train
007515.jpg,413,163,211,292,0,train
007516.jpg,40,37,83,115,0,train
007517.jpg,72,83,143,198,0,train
007518.jpg,240,338,458,634,0,train
007519.jpg,60,81,234,324,0,train
007520.jpg,129,35,169,234,0,train
007521.jpg,183,60,283,392,0,train
007522.jpg,114,102,192,266,0,train
007523.jpg,48,89,159,220,0,train
007524.jpg,211,75,161,223,0,train
007525.jpg,51,83,260,360,0,train
007526.jpg,100,90,140,194,0,train
007527.jpg,131,116,91,126,0,train
007528.jpg,92,56,140,194,0,train
007529.jpg,136,164,328,454,0,train
007530.jpg,36,87,114,146,0,train
007531.jpg,92,77,281,389,0,train
007532.jpg,120,38,109,151,0,train
007533.jpg,147,16,101,140,0,train
007534.jpg,348,96,237,328,0,train
007535.jpg,45,44,99,137,0,train
007536.jpg,376,619,1264,1750,0,train
007537.jpg,117,78,278,385,0,train
007538.jpg,63,78,146,202,0,train
007539.jpg,46,178,187,259,0,train
007540.jpg,177,198,481,666,0,train
007541.jpg,911,164,322,446,0,train
007542.jpg,290,48,192,266,0,train
007543.jpg,137,80,208,288,0,train
007544.jpg,198,63,159,220,0,train
007545.jpg,72,64,169,234,0,train
007546.jpg,4,60,177,245,0,train
007547.jpg,262,124,213,295,0,train
007548.jpg,106,89,135,187,0,train
007549.jpg,100,41,351,486,0,train
007550.jpg,1,210,824,1141,0,train
007551.jpg,208,290,684,947,0,train
007552.jpg,80,46,148,205,0,train
007553.jpg,31,117,268,371,0,train
007554.jpg,221,19,161,223,0,train
007555.jpg,126,40,99,137,0,train
007556.jpg,106,60,177,245,0,train
007557.jpg,89,51,83,115,0,train
007558.jpg,172,43,172,238,0,train
007559.jpg,78,76,164,227,0,train
007560.jpg,33,76,203,281,0,train
007561.jpg,102,23,104,144,0,train
007562.jpg,163,19,146,202,0,train
007563.jpg,10,32,112,143,0,train
007564.jpg,74,11,78,108,0,train
007565.jpg,191,58,99,137,0,train
007566.jpg,397,57,190,263,0,train
007567.jpg,67,88,151,209,0,train
007568.jpg,248,31,122,169,0,train
007569.jpg,38,44,104,144,0,train
007570.jpg,135,46,159,220,0,train
007571.jpg,91,38,172,238,0,train
007572.jpg,80,67,182,252,0,train
007573.jpg,112,57,138,191,0,train
007574.jpg,136,40,83,115,0,train
007575.jpg,315,135,146,202,0,train
007576.jpg,167,25,83,115,0,train
007577.jpg,523,262,478,662,0,train
007578.jpg,146,67,226,313,0,train
007579.jpg,92,37,52,72,0,train
007580.jpg,114,63,104,144,0,train
007581.jpg,527,259,328,454,0,train
007582.jpg,196,173,237,328,0,train
007583.jpg,55,82,185,256,0,train
007584.jpg,120,102,484,662,0,train
007585.jpg,116,53,120,166,0,train
007586.jpg,129,1,289,380,0,train
007587.jpg,87,77,198,274,0,train
007588.jpg,75,54,146,202,0,train
007589.jpg,74,110,213,295,0,train
007590.jpg,144,95,247,342,0,train
007591.jpg,52,43,96,133,0,train
007592.jpg,46,122,226,313,0,train
007593.jpg,202,73,153,200,0,train
007594.jpg,91,35,81,112,0,train
007595.jpg,253,101,278,385,0,train
007596.jpg,126,35,130,180,0,train
007597.jpg,158,175,255,353,0,train
007598.jpg,74,104,250,346,0,train
007599.jpg,89,63,198,274,0,train
007600.jpg,72,39,260,360,0,train
007601.jpg,88,70,112,139,0,train
007602.jpg,236,212,504,698,0,train
007603.jpg,185,66,109,151,0,train
007604.jpg,84,125,218,302,0,train
007605.jpg,43,43,177,245,0,train
007606.jpg,265,49,190,263,0,train
007607.jpg,155,76,159,220,0,train
007608.jpg,270,143,255,353,0,train
007609.jpg,138,61,107,148,0,train
007610.jpg,178,172,255,353,0,train
007611.jpg,50,22,62,86,0,train
007612.jpg,162,110,166,230,0,train
007613.jpg,106,76,130,180,0,train
007614.jpg,70,62,172,238,0,train
007615.jpg,478,42,354,490,0,train
007616.jpg,53,72,164,227,0,train
007617.jpg,88,24,255,353,0,train
007618.jpg,50,67,156,211,0,train
007619.jpg,251,52,114,158,0,train
007620.jpg,190,56,200,277,0,train
007621.jpg,19,63,91,126,0,train
007622.jpg,25,24,94,130,0,train
007623.jpg,137,49,133,184,0,train
007624.jpg,33,52,107,148,0,train
007625.jpg,133,88,208,288,0,train
007626.jpg,138,50,156,216,0,train
007627.jpg,614,460,1238,1714,0,train
007628.jpg,86,60,148,205,0,train
007629.jpg,119,69,187,259,0,train
007630.jpg,62,85,255,353,0,train
007631.jpg,81,73,148,205,0,train
007632.jpg,52,107,174,241,0,train
007633.jpg,159,70,166,230,0,train
007634.jpg,113,69,73,101,0,train
007635.jpg,1431,652,871,1206,0,train
007636.jpg,227,41,83,115,0,train
007637.jpg,548,348,559,774,0,train
007638.jpg,35,25,268,371,0,train
007639.jpg,230,54,114,158,0,train
007640.jpg,198,149,302,418,0,train
007641.jpg,1584,427,702,972,0,train
007642.jpg,109,15,94,130,0,train
007643.jpg,103,39,148,205,0,train
007644.jpg,152,39,187,259,0,train
007645.jpg,371,153,177,245,0,train
007646.jpg,115,55,151,209,0,train
007647.jpg,230,85,164,227,0,train
007648.jpg,576,145,234,324,0,train
007649.jpg,102,114,263,364,0,train
007650.jpg,108,64,164,227,0,train
007651.jpg,100,35,91,137,0,train
007652.jpg,55,28,88,122,0,train
007653.jpg,270,168,320,443,0,train
007654.jpg,49,45,68,94,0,train
007655.jpg,89,75,166,230,0,train
007656.jpg,118,111,255,353,0,train
007657.jpg,234,24,140,194,0,train
007658.jpg,70,28,130,180,0,train
007659.jpg,96,28,211,292,0,train
007660.jpg,113,75,239,331,0,train
007661.jpg,34,23,296,410,0,train
007662.jpg,122,45,47,65,0,train
007663.jpg,108,110,198,274,0,train
007664.jpg,246,269,172,238,0,train
007665.jpg,71,45,174,232,0,train
007666.jpg,143,33,83,115,0,train
007667.jpg,717,335,450,623,0,train
007668.jpg,61,40,96,133,0,train
007669.jpg,29,21,83,115,0,train
007670.jpg,72,83,198,274,0,train
007671.jpg,50,36,99,137,0,train
007672.jpg,86,40,104,144,0,train
007673.jpg,120,154,200,277,0,train
007674.jpg,56,67,117,162,0,train
007675.jpg,58,35,107,148,0,train
007676.jpg,91,103,213,295,0,train
007677.jpg,50,70,109,151,0,train
007678.jpg,99,88,148,205,0,train
007679.jpg,102,83,151,209,0,train
007680.jpg,320,137,151,209,0,train
007681.jpg,14,41,73,101,0,train
007682.jpg,159,1,304,421,0,train
007683.jpg,1666,240,312,432,0,train
007684.jpg,366,126,437,605,0,train
007685.jpg,9,29,208,288,0,train
007686.jpg,363,159,247,342,0,train
007687.jpg,32,127,198,274,0,train
007688.jpg,204,235,491,680,0,train
007689.jpg,48,50,198,274,0,train
007690.jpg,21,72,359,497,0,train
007691.jpg,112,157,229,317,0,train
007692.jpg,92,64,179,248,0,train
007693.jpg,299,93,153,212,0,train
007694.jpg,124,74,187,259,0,train
007695.jpg,83,73,159,220,0,train
007696.jpg,123,141,265,367,0,train
007697.jpg,101,60,198,274,0,train
007698.jpg,260,19,83,115,0,train
007699.jpg,40,44,179,248,0,train
007700.jpg,43,73,151,209,0,train
007701.jpg,50,67,174,241,0,train
007702.jpg,4,48,187,259,0,train
007703.jpg,70,31,140,194,0,train
007704.jpg,251,69,416,576,0,train
007705.jpg,55,82,86,119,0,train
007706.jpg,34,70,257,356,0,train
007707.jpg,148,56,281,389,0,train
007708.jpg,49,47,96,133,0,train
007709.jpg,114,66,99,137,0,train
007710.jpg,250,125,200,277,0,train
007711.jpg,36,46,244,323,0,train
007712.jpg,141,43,140,194,0,train
007713.jpg,200,76,91,126,0,train
007714.jpg,69,63,109,151,0,train
007715.jpg,75,34,57,79,0,train
007716.jpg,34,45,140,194,0,train
007717.jpg,169,30,161,223,0,train
007718.jpg,112,64,140,194,0,train
007719.jpg,106,52,107,148,0,train
007720.jpg,66,15,83,115,0,train
007721.jpg,161,24,146,202,0,train
007722.jpg,136,43,192,266,0,train
007723.jpg,156,119,153,212,0,train
007724.jpg,43,73,200,277,0,train
007725.jpg,129,143,289,400,0,train
007726.jpg,94,53,60,83,0,train
007727.jpg,45,34,150,216,0,train
007728.jpg,43,48,81,112,0,train
007729.jpg,218,39,96,133,0,train
007730.jpg,89,53,231,320,0,train
007731.jpg,224,49,125,173,0,train
007732.jpg,66,84,260,360,0,train
007733.jpg,431,98,538,619,0,train
007734.jpg,40,41,182,252,0,train
007735.jpg,589,221,315,436,0,train
007736.jpg,124,46,114,173,0,train
007737.jpg,298,331,234,324,0,train
007738.jpg,369,278,257,356,0,train
007739.jpg,150,89,99,137,0,train
007740.jpg,33,45,65,90,0,train
007741.jpg,102,117,138,191,0,train
007742.jpg,121,65,177,245,0,train
007743.jpg,128,28,73,101,0,train
007744.jpg,763,140,390,540,0,train
007745.jpg,79,74,200,277,0,train
007746.jpg,20,51,247,340,0,train
007747.jpg,120,58,172,238,0,train
007748.jpg,167,33,107,148,0,train
007749.jpg,69,66,234,324,0,train
007750.jpg,127,33,57,79,0,train
007751.jpg,212,252,403,558,0,train
007752.jpg,58,39,127,176,0,train
007753.jpg,77,42,68,94,0,train
007754.jpg,3,51,78,108,0,train
007755.jpg,110,170,413,572,0,train
007756.jpg,34,65,195,270,0,train
007757.jpg,77,56,117,162,0,train
007758.jpg,49,14,75,104,0,train
007759.jpg,515,120,112,155,0,train
007760.jpg,165,26,94,130,0,train
007761.jpg,35,56,148,205,0,train
007762.jpg,33,47,182,252,0,train
007763.jpg,74,98,151,209,0,train
007764.jpg,37,115,164,227,0,train
007765.jpg,76,98,169,234,0,train
007766.jpg,112,67,247,342,0,train
007767.jpg,410,430,208,288,0,train
007768.jpg,79,55,94,130,0,train
007769.jpg,27,19,114,158,0,train
007770.jpg,323,248,744,1030,0,train
007771.jpg,101,100,187,259,0,train
007772.jpg,138,30,143,198,0,train
007773.jpg,115,47,143,198,0,train
007774.jpg,82,82,226,313,0,train
007775.jpg,225,78,179,248,0,train
007776.jpg,61,67,138,191,0,train
007777.jpg,118,31,73,101,0,train
007778.jpg,226,43,169,234,0,train
007779.jpg,133,140,273,378,0,train
007780.jpg,146,85,94,130,0,train
007781.jpg,86,67,177,245,0,train
007782.jpg,44,86,83,115,0,train
007783.jpg,91,78,237,328,0,train
007784.jpg,170,85,182,252,0,train
007785.jpg,95,82,213,295,0,train
007786.jpg,67,92,109,151,0,train
007787.jpg,69,60,237,328,0,train
007788.jpg,99,95,237,328,0,train
007789.jpg,136,55,156,216,0,train
007790.jpg,37,106,140,194,0,train
007791.jpg,153,65,174,241,0,train
007792.jpg,141,18,185,256,0,train
007793.jpg,160,64,78,108,0,train
007794.jpg,81,64,234,324,0,train
007795.jpg,223,28,91,126,0,train
007796.jpg,61,54,94,130,0,train
007797.jpg,54,49,117,162,0,train
007798.jpg,742,172,364,504,0,train
007799.jpg,1051,184,1316,1822,0,train
007800.jpg,271,132,421,583,0,train
007801.jpg,146,37,135,187,0,train
007802.jpg,111,74,159,220,0,train
007803.jpg,72,22,101,140,0,train
007804.jpg,232,73,120,166,0,train
007805.jpg,109,115,161,223,0,train
007806.jpg,305,243,320,443,0,train
007807.jpg,76,149,237,328,0,train
007808.jpg,180,67,94,130,0,train
007809.jpg,152,86,218,302,0,train
007810.jpg,83,57,273,378,0,train
007811.jpg,275,60,166,230,0,train
007812.jpg,22,101,208,288,0,train
007813.jpg,52,9,101,140,0,train
007814.jpg,247,1,359,497,0,train
007815.jpg,4,50,151,209,0,train
007816.jpg,316,191,429,594,0,train
007817.jpg,41,61,387,536,0,train
007818.jpg,87,88,312,432,0,train
007819.jpg,56,80,177,245,0,train
007820.jpg,58,86,273,378,0,train
007821.jpg,65,100,273,378,0,train
007822.jpg,679,108,117,162,0,train
007823.jpg,631,116,151,209,0,train
007824.jpg,100,52,125,173,0,train
007825.jpg,53,86,153,212,0,train
007826.jpg,80,38,113,166,0,train
007827.jpg,108,83,166,230,0,train
007828.jpg,169,336,538,745,0,train
007829.jpg,15,85,190,258,0,train
007830.jpg,106,75,130,180,0,train
007831.jpg,227,18,135,187,0,train
007832.jpg,230,53,120,166,0,train
007833.jpg,101,20,208,288,0,train
007834.jpg,50,28,49,68,0,train
007835.jpg,191,74,169,234,0,train
007836.jpg,75,68,151,209,0,train
007837.jpg,829,83,187,259,0,train
007838.jpg,104,127,242,335,0,train
007839.jpg,202,58,143,198,0,train
007840.jpg,1128,204,567,785,0,train
007841.jpg,343,42,143,198,0,train
007842.jpg,82,87,192,266,0,train
007843.jpg,145,65,192,266,0,train
007844.jpg,202,100,133,198,0,train
007845.jpg,47,63,148,205,0,train
007846.jpg,65,73,140,194,0,train
007847.jpg,486,538,1235,1710,0,train
007848.jpg,90,84,161,223,0,train
007849.jpg,58,161,224,310,0,train
007850.jpg,85,72,187,259,0,train
007851.jpg,174,104,231,320,0,train
007852.jpg,168,56,182,252,0,train
007853.jpg,412,290,377,522,0,train
007854.jpg,524,41,302,418,0,train
007855.jpg,69,35,320,443,0,train
007856.jpg,163,58,107,148,0,train
007857.jpg,404,122,127,176,0,train
007858.jpg,432,126,161,223,0,train
007859.jpg,52,52,88,121,0,train
007860.jpg,130,46,182,252,0,train
007861.jpg,158,80,143,198,0,train
007862.jpg,61,110,263,364,0,train
007863.jpg,26,48,229,317,0,train
007864.jpg,124,92,273,389,0,train
007865.jpg,228,71,125,173,0,train
007866.jpg,246,82,195,270,0,train
007867.jpg,17,50,57,79,0,train
007868.jpg,35,21,130,180,0,train
007869.jpg,89,84,169,234,0,train
007870.jpg,89,37,120,166,0,train
007871.jpg,125,157,164,227,0,train
007872.jpg,79,18,81,112,0,train
007873.jpg,39,110,247,342,0,train
007874.jpg,87,98,276,382,0,train
007875.jpg,28,29,68,94,0,train
007876.jpg,93,65,237,328,0,train
007877.jpg,46,26,88,122,0,train
007878.jpg,128,59,351,486,0,train
007879.jpg,97,50,88,122,0,train
007880.jpg,31,47,112,155,0,train
007881.jpg,77,150,400,554,0,train
007882.jpg,303,31,200,277,0,train
007883.jpg,213,284,307,425,0,train
007884.jpg,308,40,166,230,0,train
007885.jpg,138,70,146,202,0,train
007886.jpg,505,241,679,940,0,train
007887.jpg,144,118,250,346,0,train
007888.jpg,146,86,114,158,0,train
007889.jpg,23,47,88,122,0,train
007890.jpg,298,75,213,295,0,train
007891.jpg,31,35,112,155,0,train
007892.jpg,59,39,120,166,0,train
007893.jpg,40,71,164,227,0,train
007894.jpg,139,49,75,104,0,train
007895.jpg,138,60,117,162,0,train
007896.jpg,101,28,117,162,0,train
007897.jpg,86,27,91,126,0,train
007898.jpg,124,79,200,277,0,train
007899.jpg,66,78,239,331,0,train
007900.jpg,67,79,234,324,0,train
007901.jpg,161,97,130,180,0,train
007902.jpg,288,76,117,162,0,train
007903.jpg,224,110,190,263,0,train
007904.jpg,41,21,68,94,0,train
007905.jpg,163,63,86,119,0,train
007906.jpg,104,34,120,166,0,train
007907.jpg,169,60,68,94,0,train
007908.jpg,78,56,81,112,0,train
007909.jpg,33,61,104,144,0,train
007910.jpg,121,1,174,241,0,train
007911.jpg,145,20,130,180,0,train
007912.jpg,69,31,146,202,0,train
007913.jpg,232,47,177,245,0,train
007914.jpg,234,198,278,385,0,train
007915.jpg,169,1,151,209,0,train
007916.jpg,268,48,242,335,0,train
007917.jpg,147,46,211,292,0,train
007918.jpg,117,49,182,252,0,train
007919.jpg,365,117,65,90,0,train
007920.jpg,73,87,221,276,0,train
007921.jpg,60,37,185,256,0,train
007922.jpg,70,42,109,151,0,train
007923.jpg,144,41,107,148,0,train
007924.jpg,77,75,187,259,0,train
007925.jpg,76,135,442,612,0,train
007926.jpg,95,32,148,205,0,train
007927.jpg,130,133,122,169,0,train
007928.jpg,131,70,208,288,0,train
007929.jpg,23,49,104,144,0,train
007930.jpg,179,113,169,234,0,train
007931.jpg,244,65,390,540,0,train
007932.jpg,117,18,237,328,0,train
007933.jpg,149,45,135,187,0,train
007934.jpg,585,274,408,565,0,train
007935.jpg,61,71,164,227,0,train
007936.jpg,99,39,75,104,0,train
007937.jpg,41,48,172,238,0,train
007938.jpg,116,77,159,220,0,train
007939.jpg,115,114,172,238,0,train
007940.jpg,101,56,140,194,0,train
007941.jpg,744,54,159,220,0,train
007942.jpg,76,64,171,263,0,train
007943.jpg,238,67,117,162,0,train
007944.jpg,12,37,112,155,0,train
007945.jpg,83,109,190,263,0,train
007946.jpg,32,27,109,151,0,train
007947.jpg,66,47,151,209,0,train
007948.jpg,188,35,101,140,0,train
007949.jpg,33,29,169,234,0,train
007950.jpg,58,18,90,140,0,train
007951.jpg,133,50,75,104,0,train
007952.jpg,161,111,299,414,0,train
007953.jpg,22,62,190,256,0,train
007954.jpg,75,125,606,839,0,train
007955.jpg,148,33,96,133,0,train
007956.jpg,92,92,281,389,0,train
007957.jpg,39,68,289,400,0,train
007958.jpg,182,202,127,176,0,train
007959.jpg,143,61,94,130,0,train
007960.jpg,52,94,208,288,0,train
007961.jpg,125,508,1591,2203,0,train
007962.jpg,153,66,122,169,0,train
007963.jpg,412,219,390,540,0,train
007964.jpg,93,40,130,180,0,train
007965.jpg,81,143,192,266,0,train
007966.jpg,43,34,151,209,0,train
007967.jpg,174,28,75,104,0,train
007968.jpg,81,56,127,176,0,train
007969.jpg,82,108,133,184,0,train
007970.jpg,249,133,309,428,0,train
007971.jpg,274,137,138,191,0,train
007972.jpg,66,37,166,230,0,train
007973.jpg,25,45,310,432,0,train
007974.jpg,198,64,122,169,0,train
007975.jpg,9,112,231,280,0,train
007976.jpg,95,49,187,259,0,train
007977.jpg,28,46,146,202,0,train
007978.jpg,136,248,400,554,0,train
007979.jpg,303,204,208,288,0,train
007980.jpg,70,103,179,248,0,train
007981.jpg,55,91,213,277,0,train
007982.jpg,125,70,151,209,0,train
007983.jpg,218,38,117,162,0,train
007984.jpg,259,61,203,281,0,train
007985.jpg,84,139,198,274,0,train
007986.jpg,23,50,200,277,0,train
007987.jpg,225,29,211,292,0,train
007988.jpg,37,50,187,259,0,train
007989.jpg,225,235,346,479,0,train
007990.jpg,81,52,153,212,0,train
007991.jpg,190,79,55,76,0,train
007992.jpg,119,245,593,821,0,train
007993.jpg,94,52,169,234,0,train
007994.jpg,107,92,179,248,0,train
007995.jpg,23,120,289,377,0,train
007996.jpg,234,50,57,79,0,train
007997.jpg,205,182,374,518,0,train
007998.jpg,228,63,112,155,0,train
007999.jpg,119,91,166,230,0,train
008000.jpg,81,61,96,133,0,train
cat_149.jpg,0,0,0,0,1,train
cat_15.jpg,0,0,0,0,1,train
cat_151.jpg,0,0,0,0,1,train
cat_152.jpg,0,0,0,0,1,train
cat_153.jpg,0,0,0,0,1,train
cat_159.jpg,0,0,0,0,1,train
cat_16.jpg,0,0,0,0,1,train
cat_160.jpg,0,0,0,0,1,train
cat_161.jpg,0,0,0,0,1,train
cat_163.jpg,0,0,0,0,1,train
cat_164.jpg,0,0,0,0,1,train
cat_165.jpg,0,0,0,0,1,train
cat_168.jpg,0,0,0,0,1,train
cat_169.jpg,0,0,0,0,1,train
cat_170.jpg,0,0,0,0,1,train
cat_172.jpg,0,0,0,0,1,train
cat_177.jpg,0,0,0,0,1,train
cat_179.jpg,0,0,0,0,1,train
cat_180.jpg,0,0,0,0,1,train
cat_183.jpg,0,0,0,0,1,train
cat_184.jpg,0,0,0,0,1,train
cat_189.jpg,0,0,0,0,1,train
cat_191.jpg,0,0,0,0,1,train
cat_194.jpg,0,0,0,0,1,train
cat_195.jpg,0,0,0,0,1,train
cat_198.jpg,0,0,0,0,1,train
cat_2.jpg,0,0,0,0,1,train
cat_200.jpg,0,0,0,0,1,train
cat_201.jpg,0,0,0,0,1,train
cat_202.jpg,0,0,0,0,1,train
cat_207.jpg,0,0,0,0,1,train
cat_208.jpg,0,0,0,0,1,train
cat_209.jpg,0,0,0,0,1,train
cat_21.jpg,0,0,0,0,1,train
cat_211.jpg,0,0,0,0,1,train
cat_213.jpg,0,0,0,0,1,train
cat_214.jpg,0,0,0,0,1,train
cat_215.jpg,0,0,0,0,1,train
cat_217.jpg,0,0,0,0,1,train
cat_218.jpg,0,0,0,0,1,train
cat_219.jpg,0,0,0,0,1,train
cat_220.jpg,0,0,0,0,1,train
cat_221.jpg,0,0,0,0,1,train
cat_222.jpg,0,0,0,0,1,train
cat_224.jpg,0,0,0,0,1,train
cat_225.jpg,0,0,0,0,1,train
cat_227.jpg,0,0,0,0,1,train
cat_228.jpg,0,0,0,0,1,train
cat_229.jpg,0,0,0,0,1,train
cat_230.jpg,0,0,0,0,1,train
cat_232.jpg,0,0,0,0,1,train
cat_235.jpg,0,0,0,0,1,train
cat_238.jpg,0,0,0,0,1,train
cat_24.jpg,0,0,0,0,1,train
cat_240.jpg,0,0,0,0,1,train
cat_243.jpg,0,0,0,0,1,train
cat_246.jpg,0,0,0,0,1,train
cat_247.jpg,0,0,0,0,1,train
cat_248.jpg,0,0,0,0,1,train
cat_253.jpg,0,0,0,0,1,train
cat_257.jpg,0,0,0,0,1,train
cat_26.jpg,0,0,0,0,1,train
cat_260.jpg,0,0,0,0,1,train
cat_261.jpg,0,0,0,0,1,train
cat_263.jpg,0,0,0,0,1,train
cat_265.jpg,0,0,0,0,1,train
cat_269.jpg,0,0,0,0,1,train
cat_27.jpg,0,0,0,0,1,train
cat_270.jpg,0,0,0,0,1,train
cat_271.jpg,0,0,0,0,1,train
cat_273.jpg,0,0,0,0,1,train
cat_274.jpg,0,0,0,0,1,train
cat_275.jpg,0,0,0,0,1,train
cat_276.jpg,0,0,0,0,1,train
cat_280.jpg,0,0,0,0,1,train
cat_284.jpg,0,0,0,0,1,train
cat_285.jpg,0,0,0,0,1,train
cat_289.jpg,0,0,0,0,1,train
cat_292.jpg,0,0,0,0,1,train
cat_293.jpg,0,0,0,0,1,train
cat_297.jpg,0,0,0,0,1,train
cat_298.jpg,0,0,0,0,1,train
cat_3.jpg,0,0,0,0,1,train
cat_303.jpg,0,0,0,0,1,train
cat_304.jpg,0,0,0,0,1,train
cat_307.jpg,0,0,0,0,1,train
cat_310.jpg,0,0,0,0,1,train
cat_311.jpg,0,0,0,0,1,train
cat_316.jpg,0,0,0,0,1,train
cat_317.jpg,0,0,0,0,1,train
cat_318.jpg,0,0,0,0,1,train
cat_320.jpg,0,0,0,0,1,train
cat_321.jpg,0,0,0,0,1,train
cat_325.jpg,0,0,0,0,1,train
cat_327.jpg,0,0,0,0,1,train
cat_329.jpg,0,0,0,0,1,train
cat_33.jpg,0,0,0,0,1,train
cat_330.jpg,0,0,0,0,1,train
cat_331.jpg,0,0,0,0,1,train
cat_333.jpg,0,0,0,0,1,train
cat_336.jpg,0,0,0,0,1,train
cat_34.jpg,0,0,0,0,1,train
cat_343.jpg,0,0,0,0,1,train
cat_344.jpg,0,0,0,0,1,train
cat_345.jpg,0,0,0,0,1,train
cat_348.jpg,0,0,0,0,1,train
cat_35.jpg,0,0,0,0,1,train
cat_350.jpg,0,0,0,0,1,train
cat_351.jpg,0,0,0,0,1,train
cat_352.jpg,0,0,0,0,1,train
cat_359.jpg,0,0,0,0,1,train
cat_361.jpg,0,0,0,0,1,train
cat_362.jpg,0,0,0,0,1,train
cat_363.jpg,0,0,0,0,1,train
cat_367.jpg,0,0,0,0,1,train
cat_369.jpg,0,0,0,0,1,train
cat_37.jpg,0,0,0,0,1,train
cat_370.jpg,0,0,0,0,1,train
cat_372.jpg,0,0,0,0,1,train
cat_373.jpg,0,0,0,0,1,train
cat_376.jpg,0,0,0,0,1,train
cat_377.jpg,0,0,0,0,1,train
cat_38.jpg,0,0,0,0,1,train
cat_380.jpg,0,0,0,0,1,train
cat_381.jpg,0,0,0,0,1,train
cat_385.jpg,0,0,0,0,1,train
cat_386.jpg,0,0,0,0,1,train
cat_387.jpg,0,0,0,0,1,train
cat_388.jpg,0,0,0,0,1,train
cat_39.jpg,0,0,0,0,1,train
cat_391.jpg,0,0,0,0,1,train
cat_393.jpg,0,0,0,0,1,train
cat_396.jpg,0,0,0,0,1,train
cat_397.jpg,0,0,0,0,1,train
cat_399.jpg,0,0,0,0,1,train
cat_4.jpg,0,0,0,0,1,train
cat_400.jpg,0,0,0,0,1,train
cat_402.jpg,0,0,0,0,1,train
cat_403.jpg,0,0,0,0,1,train
cat_405.jpg,0,0,0,0,1,train
cat_407.jpg,0,0,0,0,1,train
cat_408.jpg,0,0,0,0,1,train
cat_413.jpg,0,0,0,0,1,train
cat_414.jpg,0,0,0,0,1,train
cat_416.jpg,0,0,0,0,1,train
cat_419.jpg,0,0,0,0,1,train
cat_42.jpg,0,0,0,0,1,train
cat_420.jpg,0,0,0,0,1,train
cat_423.jpg,0,0,0,0,1,train
cat_426.jpg,0,0,0,0,1,train
cat_427.jpg,0,0,0,0,1,train
cat_428.jpg,0,0,0,0,1,train
cat_429.jpg,0,0,0,0,1,train
cat_43.jpg,0,0,0,0,1,train
cat_434.jpg,0,0,0,0,1,train
cat_435.jpg,0,0,0,0,1,train
cat_438.jpg,0,0,0,0,1,train
cat_440.jpg,0,0,0,0,1,train
cat_443.jpg,0,0,0,0,1,train
cat_445.jpg,0,0,0,0,1,train
cat_450.jpg,0,0,0,0,1,train
cat_452.jpg,0,0,0,0,1,train
cat_453.jpg,0,0,0,0,1,train
cat_455.jpg,0,0,0,0,1,train
cat_456.jpg,0,0,0,0,1,train
cat_46.jpg,0,0,0,0,1,train
cat_461.jpg,0,0,0,0,1,train
cat_463.jpg,0,0,0,0,1,train
cat_465.jpg,0,0,0,0,1,train
cat_466.jpg,0,0,0,0,1,train
cat_467.jpg,0,0,0,0,1,train
cat_469.jpg,0,0,0,0,1,train
cat_474.jpg,0,0,0,0,1,train
cat_482.jpg,0,0,0,0,1,train
cat_483.jpg,0,0,0,0,1,train
cat_485.jpg,0,0,0,0,1,train
cat_487.jpg,0,0,0,0,1,train
cat_489.jpg,0,0,0,0,1,train
cat_49.jpg,0,0,0,0,1,train
cat_490.jpg,0,0,0,0,1,train
cat_492.jpg,0,0,0,0,1,train
cat_493.jpg,0,0,0,0,1,train
cat_494.jpg,0,0,0,0,1,train
cat_495.jpg,0,0,0,0,1,train
cat_497.jpg,0,0,0,0,1,train
cat_498.jpg,0,0,0,0,1,train
cat_499.jpg,0,0,0,0,1,train
cat_50.jpg,0,0,0,0,1,train
cat_500.jpg,0,0,0,0,1,train
cat_505.jpg,0,0,0,0,1,train
cat_506.jpg,0,0,0,0,1,train
cat_508.jpg,0,0,0,0,1,train
cat_510.jpg,0,0,0,0,1,train
cat_511.jpg,0,0,0,0,1,train
cat_518.jpg,0,0,0,0,1,train
cat_519.jpg,0,0,0,0,1,train
cat_52.jpg,0,0,0,0,1,train
cat_524.jpg,0,0,0,0,1,train
cat_526.jpg,0,0,0,0,1,train
cat_53.jpg,0,0,0,0,1,train
cat_531.jpg,0,0,0,0,1,train
cat_532.jpg,0,0,0,0,1,train
cat_533.jpg,0,0,0,0,1,train
cat_535.jpg,0,0,0,0,1,train
cat_536.jpg,0,0,0,0,1,train
cat_54.jpg,0,0,0,0,1,train
cat_540.jpg,0,0,0,0,1,train
cat_543.jpg,0,0,0,0,1,train
cat_544.jpg,0,0,0,0,1,train
cat_546.jpg,0,0,0,0,1,train
cat_547.jpg,0,0,0,0,1,train
cat_548.jpg,0,0,0,0,1,train
cat_549.jpg,0,0,0,0,1,train
cat_553.jpg,0,0,0,0,1,train
cat_556.jpg,0,0,0,0,1,train
cat_557.jpg,0,0,0,0,1,train
cat_558.jpg,0,0,0,0,1,train
cat_559.jpg,0,0,0,0,1,train
cat_560.jpg,0,0,0,0,1,train
cat_565.jpg,0,0,0,0,1,train
cat_567.jpg,0,0,0,0,1,train
cat_569.jpg,0,0,0,0,1,train
cat_570.jpg,0,0,0,0,1,train
cat_573.jpg,0,0,0,0,1,train
cat_577.jpg,0,0,0,0,1,train
cat_58.jpg,0,0,0,0,1,train
cat_580.jpg,0,0,0,0,1,train
cat_581.jpg,0,0,0,0,1,train
cat_589.jpg,0,0,0,0,1,train
cat_59.jpg,0,0,0,0,1,train
cat_590.jpg,0,0,0,0,1,train
cat_591.jpg,0,0,0,0,1,train
cat_592.jpg,0,0,0,0,1,train
cat_6.jpg,0,0,0,0,1,train
cat_601.jpg,0,0,0,0,1,train
cat_602.jpg,0,0,0,0,1,train
cat_604.jpg,0,0,0,0,1,train
cat_605.jpg,0,0,0,0,1,train
cat_606.jpg,0,0,0,0,1,train
cat_607.jpg,0,0,0,0,1,train
cat_608.jpg,0,0,0,0,1,train
cat_609.jpg,0,0,0,0,1,train
cat_61.jpg,0,0,0,0,1,train
cat_610.jpg,0,0,0,0,1,train
cat_611.jpg,0,0,0,0,1,train
cat_612.jpg,0,0,0,0,1,train
cat_613.jpg,0,0,0,0,1,train
cat_614.jpg,0,0,0,0,1,train
cat_615.jpg,0,0,0,0,1,train
cat_616.jpg,0,0,0,0,1,train
cat_617.jpg,0,0,0,0,1,train
cat_618.jpg,0,0,0,0,1,train
cat_619.jpg,0,0,0,0,1,train
cat_620.jpg,0,0,0,0,1,train
cat_621.jpg,0,0,0,0,1,train
cat_622.jpg,0,0,0,0,1,train
cat_623.jpg,0,0,0,0,1,train
cat_624.jpg,0,0,0,0,1,train
cat_625.jpg,0,0,0,0,1,train
cat_626.jpg,0,0,0,0,1,train
cat_627.jpg,0,0,0,0,1,train
cat_628.jpg,0,0,0,0,1,train
cat_629.jpg,0,0,0,0,1,train
cat_630.jpg,0,0,0,0,1,train
cat_631.jpg,0,0,0,0,1,train
cat_632.jpg,0,0,0,0,1,train
cat_633.jpg,0,0,0,0,1,train
cat_634.jpg,0,0,0,0,1,train
cat_635.jpg,0,0,0,0,1,train
cat_636.jpg,0,0,0,0,1,train
cat_637.jpg,0,0,0,0,1,train
cat_638.jpg,0,0,0,0,1,train
cat_639.jpg,0,0,0,0,1,train
cat_64.jpg,0,0,0,0,1,train
cat_640.jpg,0,0,0,0,1,train
cat_641.jpg,0,0,0,0,1,train
cat_642.jpg,0,0,0,0,1,train
cat_643.jpg,0,0,0,0,1,train
cat_644.jpg,0,0,0,0,1,train
cat_645.jpg,0,0,0,0,1,train
cat_646.jpg,0,0,0,0,1,train
cat_647.jpg,0,0,0,0,1,train
cat_648.jpg,0,0,0,0,1,train
cat_649.jpg,0,0,0,0,1,train
cat_650.jpg,0,0,0,0,1,train
cat_651.jpg,0,0,0,0,1,train
cat_652.jpg,0,0,0,0,1,train
cat_653.jpg,0,0,0,0,1,train
cat_654.jpg,0,0,0,0,1,train
cat_655.jpg,0,0,0,0,1,train
cat_656.jpg,0,0,0,0,1,train
cat_657.jpg,0,0,0,0,1,train
cat_658.jpg,0,0,0,0,1,train
cat_659.jpg,0,0,0,0,1,train
cat_66.jpg,0,0,0,0,1,train
cat_660.jpg,0,0,0,0,1,train
cat_661.jpg,0,0,0,0,1,train
cat_662.jpg,0,0,0,0,1,train
cat_663.jpg,0,0,0,0,1,train
cat_664.jpg,0,0,0,0,1,train
cat_665.jpg,0,0,0,0,1,train
cat_666.jpg,0,0,0,0,1,train
cat_667.jpg,0,0,0,0,1,train
cat_668.jpg,0,0,0,0,1,train
cat_669.jpg,0,0,0,0,1,train
cat_67.jpg,0,0,0,0,1,train
cat_670.jpg,0,0,0,0,1,train
cat_671.jpg,0,0,0,0,1,train
cat_672.jpg,0,0,0,0,1,train
cat_673.jpg,0,0,0,0,1,train
cat_674.jpg,0,0,0,0,1,train
cat_675.jpg,0,0,0,0,1,train
cat_676.jpg,0,0,0,0,1,train
cat_677.jpg,0,0,0,0,1,train
cat_678.jpg,0,0,0,0,1,train
cat_679.jpg,0,0,0,0,1,train
cat_680.jpg,0,0,0,0,1,train
cat_681.jpg,0,0,0,0,1,train
cat_682.jpg,0,0,0,0,1,train
cat_683.jpg,0,0,0,0,1,train
cat_684.jpg,0,0,0,0,1,train
cat_685.jpg,0,0,0,0,1,train
cat_686.jpg,0,0,0,0,1,train
cat_687.jpg,0,0,0,0,1,train
cat_688.jpg,0,0,0,0,1,train
cat_689.jpg,0,0,0,0,1,train
cat_69.jpg,0,0,0,0,1,train
cat_690.jpg,0,0,0,0,1,train
cat_691.jpg,0,0,0,0,1,train
cat_692.jpg,0,0,0,0,1,train
cat_693.jpg,0,0,0,0,1,train
cat_694.jpg,0,0,0,0,1,train
cat_695.jpg,0,0,0,0,1,train
cat_696.jpg,0,0,0,0,1,train
cat_697.jpg,0,0,0,0,1,train
cat_698.jpg,0,0,0,0,1,train
cat_699.jpg,0,0,0,0,1,train
cat_70.jpg,0,0,0,0,1,train
cat_700.jpg,0,0,0,0,1,train
cat_701.jpg,0,0,0,0,1,train
cat_702.jpg,0,0,0,0,1,train
cat_703.jpg,0,0,0,0,1,train
cat_704.jpg,0,0,0,0,1,train
cat_705.jpg,0,0,0,0,1,train
cat_706.jpg,0,0,0,0,1,train
cat_707.jpg,0,0,0,0,1,train
cat_708.jpg,0,0,0,0,1,train
cat_709.jpg,0,0,0,0,1,train
cat_710.jpg,0,0,0,0,1,train
cat_711.jpg,0,0,0,0,1,train
cat_712.jpg,0,0,0,0,1,train
cat_713.jpg,0,0,0,0,1,train
cat_714.jpg,0,0,0,0,1,train
cat_715.jpg,0,0,0,0,1,train
cat_716.jpg,0,0,0,0,1,train
cat_717.jpg,0,0,0,0,1,train
cat_718.jpg,0,0,0,0,1,train
cat_719.jpg,0,0,0,0,1,train
cat_720.jpg,0,0,0,0,1,train
cat_721.jpg,0,0,0,0,1,train
cat_722.jpg,0,0,0,0,1,train
cat_723.jpg,0,0,0,0,1,train
cat_724.jpg,0,0,0,0,1,train
cat_74.jpg,0,0,0,0,1,train
cat_75.jpg,0,0,0,0,1,train
cat_77.jpg,0,0,0,0,1,train
cat_78.jpg,0,0,0,0,1,train
cat_80.jpg,0,0,0,0,1,train
cat_84.jpg,0,0,0,0,1,train
cat_87.jpg,0,0,0,0,1,train
cat_9.jpg,0,0,0,0,1,train
cat_93.jpg,0,0,0,0,1,train
cat_95.jpg,0,0,0,0,1,train
cat_97.jpg,0,0,0,0,1,train
cat_98.jpg,0,0,0,0,1,train
dog_205.jpg,0,0,0,0,2,train
dog_206.jpg,0,0,0,0,2,train
dog_207.jpg,0,0,0,0,2,train
dog_208.jpg,0,0,0,0,2,train
dog_209.jpg,0,0,0,0,2,train
dog_21.jpg,0,0,0,0,2,train
dog_212.jpg,0,0,0,0,2,train
dog_214.jpg,0,0,0,0,2,train
dog_216.jpg,0,0,0,0,2,train
dog_217.jpg,0,0,0,0,2,train
dog_218.jpg,0,0,0,0,2,train
dog_22.jpg,0,0,0,0,2,train
dog_220.jpg,0,0,0,0,2,train
dog_221.jpg,0,0,0,0,2,train
dog_224.jpg,0,0,0,0,2,train
dog_226.jpg,0,0,0,0,2,train
dog_23.jpg,0,0,0,0,2,train
dog_230.jpg,0,0,0,0,2,train
dog_231.jpg,0,0,0,0,2,train
dog_232.jpg,0,0,0,0,2,train
dog_234.jpg,0,0,0,0,2,train
dog_238.jpg,0,0,0,0,2,train
dog_239.jpg,0,0,0,0,2,train
dog_241.jpg,0,0,0,0,2,train
dog_243.jpg,0,0,0,0,2,train
dog_247.jpg,0,0,0,0,2,train
dog_249.jpg,0,0,0,0,2,train
dog_251.jpg,0,0,0,0,2,train
dog_253.jpg,0,0,0,0,2,train
dog_256.jpg,0,0,0,0,2,train
dog_259.jpg,0,0,0,0,2,train
dog_26.jpg,0,0,0,0,2,train
dog_260.jpg,0,0,0,0,2,train
dog_261.jpg,0,0,0,0,2,train
dog_262.jpg,0,0,0,0,2,train
dog_266.jpg,0,0,0,0,2,train
dog_267.jpg,0,0,0,0,2,train
dog_268.jpg,0,0,0,0,2,train
dog_269.jpg,0,0,0,0,2,train
dog_270.jpg,0,0,0,0,2,train
dog_272.jpg,0,0,0,0,2,train
dog_273.jpg,0,0,0,0,2,train
dog_277.jpg,0,0,0,0,2,train
dog_281.jpg,0,0,0,0,2,train
dog_286.jpg,0,0,0,0,2,train
dog_287.jpg,0,0,0,0,2,train
dog_29.jpg,0,0,0,0,2,train
dog_290.jpg,0,0,0,0,2,train
dog_291.jpg,0,0,0,0,2,train
dog_292.jpg,0,0,0,0,2,train
dog_293.jpg,0,0,0,0,2,train
dog_294.jpg,0,0,0,0,2,train
dog_295.jpg,0,0,0,0,2,train
dog_296.jpg,0,0,0,0,2,train
dog_298.jpg,0,0,0,0,2,train
dog_299.jpg,0,0,0,0,2,train
dog_3.jpg,0,0,0,0,2,train
dog_30.jpg,0,0,0,0,2,train
dog_301.jpg,0,0,0,0,2,train
dog_305.jpg,0,0,0,0,2,train
dog_306.jpg,0,0,0,0,2,train
dog_31.jpg,0,0,0,0,2,train
dog_315.jpg,0,0,0,0,2,train
dog_317.jpg,0,0,0,0,2,train
dog_318.jpg,0,0,0,0,2,train
dog_32.jpg,0,0,0,0,2,train
dog_320.jpg,0,0,0,0,2,train
dog_321.jpg,0,0,0,0,2,train
dog_322.jpg,0,0,0,0,2,train
dog_323.jpg,0,0,0,0,2,train
dog_324.jpg,0,0,0,0,2,train
dog_325.jpg,0,0,0,0,2,train
dog_33.jpg,0,0,0,0,2,train
dog_331.jpg,0,0,0,0,2,train
dog_332.jpg,0,0,0,0,2,train
dog_333.jpg,0,0,0,0,2,train
dog_334.jpg,0,0,0,0,2,train
dog_335.jpg,0,0,0,0,2,train
dog_337.jpg,0,0,0,0,2,train
dog_338.jpg,0,0,0,0,2,train
dog_341.jpg,0,0,0,0,2,train
dog_342.jpg,0,0,0,0,2,train
dog_343.jpg,0,0,0,0,2,train
dog_345.jpg,0,0,0,0,2,train
dog_347.jpg,0,0,0,0,2,train
dog_349.jpg,0,0,0,0,2,train
dog_35.jpg,0,0,0,0,2,train
dog_350.jpg,0,0,0,0,2,train
dog_351.jpg,0,0,0,0,2,train
dog_358.jpg,0,0,0,0,2,train
dog_359.jpg,0,0,0,0,2,train
dog_361.jpg,0,0,0,0,2,train
dog_363.jpg,0,0,0,0,2,train
dog_365.jpg,0,0,0,0,2,train
dog_367.jpg,0,0,0,0,2,train
dog_368.jpg,0,0,0,0,2,train
dog_37.jpg,0,0,0,0,2,train
dog_371.jpg,0,0,0,0,2,train
dog_375.jpg,0,0,0,0,2,train
dog_376.jpg,0,0,0,0,2,train
dog_378.jpg,0,0,0,0,2,train
dog_381.jpg,0,0,0,0,2,train
dog_389.jpg,0,0,0,0,2,train
dog_39.jpg,0,0,0,0,2,train
dog_391.jpg,0,0,0,0,2,train
dog_392.jpg,0,0,0,0,2,train
dog_393.jpg,0,0,0,0,2,train
dog_4.jpg,0,0,0,0,2,train
dog_401.jpg,0,0,0,0,2,train
dog_402.jpg,0,0,0,0,2,train
dog_403.jpg,0,0,0,0,2,train
dog_404.jpg,0,0,0,0,2,train
dog_405.jpg,0,0,0,0,2,train
dog_407.jpg,0,0,0,0,2,train
dog_408.jpg,0,0,0,0,2,train
dog_409.jpg,0,0,0,0,2,train
dog_412.jpg,0,0,0,0,2,train
dog_414.jpg,0,0,0,0,2,train
dog_417.jpg,0,0,0,0,2,train
dog_418.jpg,0,0,0,0,2,train
dog_419.jpg,0,0,0,0,2,train
dog_423.jpg,0,0,0,0,2,train
dog_427.jpg,0,0,0,0,2,train
dog_428.jpg,0,0,0,0,2,train
dog_429.jpg,0,0,0,0,2,train
dog_432.jpg,0,0,0,0,2,train
dog_433.jpg,0,0,0,0,2,train
dog_435.jpg,0,0,0,0,2,train
dog_436.jpg,0,0,0,0,2,train
dog_437.jpg,0,0,0,0,2,train
dog_438.jpg,0,0,0,0,2,train
dog_440.jpg,0,0,0,0,2,train
dog_441.jpg,0,0,0,0,2,train
dog_444.jpg,0,0,0,0,2,train
dog_445.jpg,0,0,0,0,2,train
dog_446.jpg,0,0,0,0,2,train
dog_447.jpg,0,0,0,0,2,train
dog_448.jpg,0,0,0,0,2,train
dog_45.jpg,0,0,0,0,2,train
dog_450.jpg,0,0,0,0,2,train
dog_451.jpg,0,0,0,0,2,train
dog_452.jpg,0,0,0,0,2,train
dog_458.jpg,0,0,0,0,2,train
dog_466.jpg,0,0,0,0,2,train
dog_468.jpg,0,0,0,0,2,train
dog_47.jpg,0,0,0,0,2,train
dog_471.jpg,0,0,0,0,2,train
dog_473.jpg,0,0,0,0,2,train
dog_474.jpg,0,0,0,0,2,train
dog_475.jpg,0,0,0,0,2,train
dog_478.jpg,0,0,0,0,2,train
dog_479.jpg,0,0,0,0,2,train
dog_480.jpg,0,0,0,0,2,train
dog_483.jpg,0,0,0,0,2,train
dog_484.jpg,0,0,0,0,2,train
dog_485.jpg,0,0,0,0,2,train
dog_487.jpg,0,0,0,0,2,train
dog_489.jpg,0,0,0,0,2,train
dog_490.jpg,0,0,0,0,2,train
dog_492.jpg,0,0,0,0,2,train
dog_494.jpg,0,0,0,0,2,train
dog_496.jpg,0,0,0,0,2,train
dog_50.jpg,0,0,0,0,2,train
dog_501.jpg,0,0,0,0,2,train
dog_502.jpg,0,0,0,0,2,train
dog_504.jpg,0,0,0,0,2,train
dog_505.jpg,0,0,0,0,2,train
dog_509.jpg,0,0,0,0,2,train
dog_51.jpg,0,0,0,0,2,train
dog_512.jpg,0,0,0,0,2,train
dog_513.jpg,0,0,0,0,2,train
dog_514.jpg,0,0,0,0,2,train
dog_523.jpg,0,0,0,0,2,train
dog_525.jpg,0,0,0,0,2,train
dog_529.jpg,0,0,0,0,2,train
dog_532.jpg,0,0,0,0,2,train
dog_533.jpg,0,0,0,0,2,train
dog_535.jpg,0,0,0,0,2,train
dog_54.jpg,0,0,0,0,2,train
dog_540.jpg,0,0,0,0,2,train
dog_541.jpg,0,0,0,0,2,train
dog_543.jpg,0,0,0,0,2,train
dog_545.jpg,0,0,0,0,2,train
dog_546.jpg,0,0,0,0,2,train
dog_549.jpg,0,0,0,0,2,train
dog_550.jpg,0,0,0,0,2,train
dog_552.jpg,0,0,0,0,2,train
dog_553.jpg,0,0,0,0,2,train
dog_554.jpg,0,0,0,0,2,train
dog_556.jpg,0,0,0,0,2,train
dog_558.jpg,0,0,0,0,2,train
dog_559.jpg,0,0,0,0,2,train
dog_56.jpg,0,0,0,0,2,train
dog_560.jpg,0,0,0,0,2,train
dog_564.jpg,0,0,0,0,2,train
dog_566.jpg,0,0,0,0,2,train
dog_57.jpg,0,0,0,0,2,train
dog_570.jpg,0,0,0,0,2,train
dog_571.jpg,0,0,0,0,2,train
dog_572.jpg,0,0,0,0,2,train
dog_576.jpg,0,0,0,0,2,train
dog_579.jpg,0,0,0,0,2,train
dog_580.jpg,0,0,0,0,2,train
dog_582.jpg,0,0,0,0,2,train
dog_583.jpg,0,0,0,0,2,train
dog_589.jpg,0,0,0,0,2,train
dog_591.jpg,0,0,0,0,2,train
dog_596.jpg,0,0,0,0,2,train
dog_598.jpg,0,0,0,0,2,train
dog_599.jpg,0,0,0,0,2,train
dog_600.jpg,0,0,0,0,2,train
dog_601.jpg,0,0,0,0,2,train
dog_602.jpg,0,0,0,0,2,train
dog_603.jpg,0,0,0,0,2,train
dog_604.jpg,0,0,0,0,2,train
dog_605.jpg,0,0,0,0,2,train
dog_606.jpg,0,0,0,0,2,train
dog_607.jpg,0,0,0,0,2,train
dog_608.jpg,0,0,0,0,2,train
dog_609.jpg,0,0,0,0,2,train
dog_610.jpg,0,0,0,0,2,train
dog_611.jpg,0,0,0,0,2,train
dog_612.jpg,0,0,0,0,2,train
dog_613.jpg,0,0,0,0,2,train
dog_614.jpg,0,0,0,0,2,train
dog_615.jpg,0,0,0,0,2,train
dog_616.jpg,0,0,0,0,2,train
dog_617.jpg,0,0,0,0,2,train
dog_618.jpg,0,0,0,0,2,train
dog_619.jpg,0,0,0,0,2,train
dog_62.jpg,0,0,0,0,2,train
dog_620.jpg,0,0,0,0,2,train
dog_621.jpg,0,0,0,0,2,train
dog_622.jpg,0,0,0,0,2,train
dog_623.jpg,0,0,0,0,2,train
dog_624.jpg,0,0,0,0,2,train
dog_625.jpg,0,0,0,0,2,train
dog_626.jpg,0,0,0,0,2,train
dog_627.jpg,0,0,0,0,2,train
dog_628.jpg,0,0,0,0,2,train
dog_629.jpg,0,0,0,0,2,train
dog_630.jpg,0,0,0,0,2,train
dog_631.jpg,0,0,0,0,2,train
dog_632.jpg,0,0,0,0,2,train
dog_633.jpg,0,0,0,0,2,train
dog_634.jpg,0,0,0,0,2,train
dog_635.jpg,0,0,0,0,2,train
dog_636.jpg,0,0,0,0,2,train
dog_637.jpg,0,0,0,0,2,train
dog_638.jpg,0,0,0,0,2,train
dog_639.jpg,0,0,0,0,2,train
dog_640.jpg,0,0,0,0,2,train
dog_641.jpg,0,0,0,0,2,train
dog_642.jpg,0,0,0,0,2,train
dog_643.jpg,0,0,0,0,2,train
dog_644.jpg,0,0,0,0,2,train
dog_645.jpg,0,0,0,0,2,train
dog_646.jpg,0,0,0,0,2,train
dog_647.jpg,0,0,0,0,2,train
dog_648.jpg,0,0,0,0,2,train
dog_649.jpg,0,0,0,0,2,train
dog_650.jpg,0,0,0,0,2,train
dog_651.jpg,0,0,0,0,2,train
dog_652.jpg,0,0,0,0,2,train
dog_653.jpg,0,0,0,0,2,train
dog_654.jpg,0,0,0,0,2,train
dog_655.jpg,0,0,0,0,2,train
dog_656.jpg,0,0,0,0,2,train
dog_657.jpg,0,0,0,0,2,train
dog_658.jpg,0,0,0,0,2,train
dog_659.jpg,0,0,0,0,2,train
dog_660.jpg,0,0,0,0,2,train
dog_661.jpg,0,0,0,0,2,train
dog_662.jpg,0,0,0,0,2,train
dog_663.jpg,0,0,0,0,2,train
dog_664.jpg,0,0,0,0,2,train
dog_665.jpg,0,0,0,0,2,train
dog_666.jpg,0,0,0,0,2,train
dog_667.jpg,0,0,0,0,2,train
dog_668.jpg,0,0,0,0,2,train
dog_669.jpg,0,0,0,0,2,train
dog_67.jpg,0,0,0,0,2,train
dog_670.jpg,0,0,0,0,2,train
dog_671.jpg,0,0,0,0,2,train
dog_672.jpg,0,0,0,0,2,train
dog_673.jpg,0,0,0,0,2,train
dog_674.jpg,0,0,0,0,2,train
dog_675.jpg,0,0,0,0,2,train
dog_676.jpg,0,0,0,0,2,train
dog_677.jpg,0,0,0,0,2,train
dog_678.jpg,0,0,0,0,2,train
dog_679.jpg,0,0,0,0,2,train
dog_680.jpg,0,0,0,0,2,train
dog_681.jpg,0,0,0,0,2,train
dog_682.jpg,0,0,0,0,2,train
dog_683.jpg,0,0,0,0,2,train
dog_684.jpg,0,0,0,0,2,train
dog_685.jpg,0,0,0,0,2,train
dog_686.jpg,0,0,0,0,2,train
dog_687.jpg,0,0,0,0,2,train
dog_688.jpg,0,0,0,0,2,train
dog_689.jpg,0,0,0,0,2,train
dog_69.jpg,0,0,0,0,2,train
dog_690.jpg,0,0,0,0,2,train
dog_691.jpg,0,0,0,0,2,train
dog_692.jpg,0,0,0,0,2,train
dog_693.jpg,0,0,0,0,2,train
dog_694.jpg,0,0,0,0,2,train
dog_695.jpg,0,0,0,0,2,train
dog_696.jpg,0,0,0,0,2,train
dog_697.jpg,0,0,0,0,2,train
dog_698.jpg,0,0,0,0,2,train
dog_699.jpg,0,0,0,0,2,train
dog_7.jpg,0,0,0,0,2,train
dog_70.jpg,0,0,0,0,2,train
dog_700.jpg,0,0,0,0,2,train
dog_701.jpg,0,0,0,0,2,train
dog_702.jpg,0,0,0,0,2,train
dog_703.jpg,0,0,0,0,2,train
dog_704.jpg,0,0,0,0,2,train
dog_705.jpg,0,0,0,0,2,train
dog_706.jpg,0,0,0,0,2,train
dog_707.jpg,0,0,0,0,2,train
dog_708.jpg,0,0,0,0,2,train
dog_709.jpg,0,0,0,0,2,train
dog_710.jpg,0,0,0,0,2,train
dog_711.jpg,0,0,0,0,2,train
dog_712.jpg,0,0,0,0,2,train
dog_713.jpg,0,0,0,0,2,train
dog_714.jpg,0,0,0,0,2,train
dog_715.jpg,0,0,0,0,2,train
dog_716.jpg,0,0,0,0,2,train
dog_717.jpg,0,0,0,0,2,train
dog_718.jpg,0,0,0,0,2,train
dog_719.jpg,0,0,0,0,2,train
dog_72.jpg,0,0,0,0,2,train
dog_720.jpg,0,0,0,0,2,train
dog_721.jpg,0,0,0,0,2,train
dog_722.jpg,0,0,0,0,2,train
dog_723.jpg,0,0,0,0,2,train
dog_724.jpg,0,0,0,0,2,train
dog_725.jpg,0,0,0,0,2,train
dog_726.jpg,0,0,0,0,2,train
dog_727.jpg,0,0,0,0,2,train
dog_728.jpg,0,0,0,0,2,train
dog_729.jpg,0,0,0,0,2,train
dog_730.jpg,0,0,0,0,2,train
dog_731.jpg,0,0,0,0,2,train
dog_732.jpg,0,0,0,0,2,train
dog_733.jpg,0,0,0,0,2,train
dog_734.jpg,0,0,0,0,2,train
dog_735.jpg,0,0,0,0,2,train
dog_736.jpg,0,0,0,0,2,train
dog_737.jpg,0,0,0,0,2,train
dog_738.jpg,0,0,0,0,2,train
dog_739.jpg,0,0,0,0,2,train
dog_74.jpg,0,0,0,0,2,train
dog_740.jpg,0,0,0,0,2,train
dog_741.jpg,0,0,0,0,2,train
dog_742.jpg,0,0,0,0,2,train
dog_743.jpg,0,0,0,0,2,train
dog_744.jpg,0,0,0,0,2,train
dog_745.jpg,0,0,0,0,2,train
dog_746.jpg,0,0,0,0,2,train
dog_747.jpg,0,0,0,0,2,train
dog_748.jpg,0,0,0,0,2,train
dog_749.jpg,0,0,0,0,2,train
dog_750.jpg,0,0,0,0,2,train
dog_751.jpg,0,0,0,0,2,train
dog_752.jpg,0,0,0,0,2,train
dog_753.jpg,0,0,0,0,2,train
dog_754.jpg,0,0,0,0,2,train
dog_755.jpg,0,0,0,0,2,train
dog_756.jpg,0,0,0,0,2,train
dog_757.jpg,0,0,0,0,2,train
dog_758.jpg,0,0,0,0,2,train
dog_759.jpg,0,0,0,0,2,train
dog_76.jpg,0,0,0,0,2,train
dog_760.jpg,0,0,0,0,2,train
dog_761.jpg,0,0,0,0,2,train
dog_762.jpg,0,0,0,0,2,train
dog_763.jpg,0,0,0,0,2,train
dog_764.jpg,0,0,0,0,2,train
dog_765.jpg,0,0,0,0,2,train
dog_766.jpg,0,0,0,0,2,train
dog_767.jpg,0,0,0,0,2,train
dog_768.jpg,0,0,0,0,2,train
dog_769.jpg,0,0,0,0,2,train
dog_77.jpg,0,0,0,0,2,train
dog_770.jpg,0,0,0,0,2,train
dog_771.jpg,0,0,0,0,2,train
dog_772.jpg,0,0,0,0,2,train
dog_773.jpg,0,0,0,0,2,train
dog_774.jpg,0,0,0,0,2,train
dog_775.jpg,0,0,0,0,2,train
dog_776.jpg,0,0,0,0,2,train
dog_777.jpg,0,0,0,0,2,train
dog_778.jpg,0,0,0,0,2,train
dog_779.jpg,0,0,0,0,2,train
dog_78.jpg,0,0,0,0,2,train
dog_780.jpg,0,0,0,0,2,train
dog_781.jpg,0,0,0,0,2,train
dog_782.jpg,0,0,0,0,2,train
dog_783.jpg,0,0,0,0,2,train
dog_784.jpg,0,0,0,0,2,train
dog_785.jpg,0,0,0,0,2,train
dog_786.jpg,0,0,0,0,2,train
dog_787.jpg,0,0,0,0,2,train
dog_788.jpg,0,0,0,0,2,train
dog_789.jpg,0,0,0,0,2,train
dog_790.jpg,0,0,0,0,2,train
dog_791.jpg,0,0,0,0,2,train
dog_792.jpg,0,0,0,0,2,train
dog_793.jpg,0,0,0,0,2,train
dog_794.jpg,0,0,0,0,2,train
dog_795.jpg,0,0,0,0,2,train
dog_796.jpg,0,0,0,0,2,train
dog_797.jpg,0,0,0,0,2,train
dog_798.jpg,0,0,0,0,2,train
dog_799.jpg,0,0,0,0,2,train
dog_8.jpg,0,0,0,0,2,train
dog_80.jpg,0,0,0,0,2,train
dog_800.jpg,0,0,0,0,2,train
dog_801.jpg,0,0,0,0,2,train
dog_802.jpg,0,0,0,0,2,train
dog_803.jpg,0,0,0,0,2,train
dog_804.jpg,0,0,0,0,2,train
dog_805.jpg,0,0,0,0,2,train
dog_806.jpg,0,0,0,0,2,train
dog_807.jpg,0,0,0,0,2,train
dog_808.jpg,0,0,0,0,2,train
dog_809.jpg,0,0,0,0,2,train
dog_810.jpg,0,0,0,0,2,train
dog_811.jpg,0,0,0,0,2,train
dog_812.jpg,0,0,0,0,2,train
dog_813.jpg,0,0,0,0,2,train
dog_814.jpg,0,0,0,0,2,train
dog_815.jpg,0,0,0,0,2,train
dog_816.jpg,0,0,0,0,2,train
dog_817.jpg,0,0,0,0,2,train
dog_818.jpg,0,0,0,0,2,train
dog_819.jpg,0,0,0,0,2,train
dog_82.jpg,0,0,0,0,2,train
dog_820.jpg,0,0,0,0,2,train
dog_821.jpg,0,0,0,0,2,train
dog_822.jpg,0,0,0,0,2,train
dog_823.jpg,0,0,0,0,2,train
dog_84.jpg,0,0,0,0,2,train
dog_85.jpg,0,0,0,0,2,train
dog_86.jpg,0,0,0,0,2,train
dog_9.jpg,0,0,0,0,2,train
dog_90.jpg,0,0,0,0,2,train
dog_92.jpg,0,0,0,0,2,train
dog_93.jpg,0,0,0,0,2,train
dog_97.jpg,0,0,0,0,2,train
dog_98.jpg,0,0,0,0,2,train
dog_99.jpg,0,0,0,0,2,train
000001.jpg,95,71,226,313,0,val
000002.jpg,72,94,221,306,0,val
000003.jpg,216,59,91,126,0,val
000004.jpg,622,257,564,781,0,val
000005.jpg,236,109,120,166,0,val
000006.jpg,146,67,182,252,0,val
000007.jpg,64,93,211,292,0,val
000008.jpg,212,89,218,302,0,val
000009.jpg,600,274,343,475,0,val
000010.jpg,113,110,211,292,0,val
000011.jpg,166,68,125,173,0,val
000012.jpg,102,31,104,144,0,val
000013.jpg,89,132,247,342,0,val
000014.jpg,110,122,234,324,0,val
000015.jpg,93,86,190,263,0,val
000016.jpg,39,89,283,392,0,val
000017.jpg,40,64,62,86,0,val
000018.jpg,140,84,195,270,0,val
000019.jpg,226,87,138,191,0,val
000020.jpg,85,38,221,306,0,val
000021.jpg,128,27,135,187,0,val
000022.jpg,130,33,114,158,0,val
000023.jpg,159,94,231,320,0,val
000024.jpg,753,127,114,158,0,val
000025.jpg,239,85,200,277,0,val
000026.jpg,59,45,107,148,0,val
000027.jpg,90,47,104,144,0,val
000028.jpg,118,32,174,241,0,val
000029.jpg,93,71,153,212,0,val
000030.jpg,165,181,372,515,0,val
000031.jpg,70,94,283,392,0,val
000032.jpg,143,50,211,292,0,val
000033.jpg,82,37,114,158,0,val
000034.jpg,181,41,101,140,0,val
000035.jpg,322,138,146,202,0,val
000036.jpg,102,56,125,173,0,val
000037.jpg,96,74,174,241,0,val
000038.jpg,128,99,242,335,0,val
000039.jpg,167,207,96,133,0,val
000040.jpg,91,87,166,230,0,val
000041.jpg,127,91,172,238,0,val
000042.jpg,84,102,174,241,0,val
000043.jpg,133,62,133,184,0,val
000044.jpg,743,626,998,1382,0,val
000045.jpg,220,26,138,191,0,val
000046.jpg,134,65,99,137,0,val
000047.jpg,142,89,203,281,0,val
000048.jpg,264,58,140,194,0,val
000049.jpg,47,45,60,83,0,val
000050.jpg,110,30,133,184,0,val
000051.jpg,61,98,255,353,0,val
000052.jpg,135,159,333,461,0,val
000053.jpg,35,64,91,126,0,val
000054.jpg,876,228,224,310,0,val
000055.jpg,30,62,268,371,0,val
000056.jpg,188,91,281,389,0,val
000057.jpg,220,25,114,158,0,val
000058.jpg,167,64,140,194,0,val
000059.jpg,125,169,263,364,0,val
000060.jpg,17,84,174,241,0,val
000061.jpg,171,50,239,331,0,val
000062.jpg,263,68,94,130,0,val
000063.jpg,1,58,91,126,0,val
000064.jpg,82,66,177,245,0,val
000065.jpg,377,105,164,227,0,val
000066.jpg,29,39,57,79,0,val
000067.jpg,254,95,237,322,0,val
000068.jpg,98,103,234,324,0,val
000069.jpg,58,54,229,317,0,val
000070.jpg,46,30,75,104,0,val
000071.jpg,59,105,174,241,0,val
000072.jpg,20,29,101,140,0,val
000073.jpg,145,50,161,223,0,val
000074.jpg,126,1,374,518,0,val
000075.jpg,257,6,99,137,0,val
000076.jpg,175,29,133,184,0,val
000077.jpg,70,116,221,306,0,val
000078.jpg,272,43,151,209,0,val
000079.jpg,57,47,221,306,0,val
000080.jpg,84,79,281,389,0,val
000081.jpg,111,58,133,184,0,val
000082.jpg,67,33,99,137,0,val
000083.jpg,88,84,161,223,0,val
000084.jpg,99,48,117,162,0,val
000085.jpg,271,312,603,835,0,val
000086.jpg,856,226,317,439,0,val
000087.jpg,44,34,81,112,0,val
000088.jpg,52,112,278,385,0,val
000089.jpg,337,146,320,443,0,val
000090.jpg,38,33,109,151,0,val
000091.jpg,101,120,174,241,0,val
000092.jpg,133,78,140,194,0,val
000093.jpg,167,43,55,76,0,val
000094.jpg,167,38,96,133,0,val
000095.jpg,28,20,109,137,0,val
000096.jpg,322,110,330,457,0,val
000097.jpg,202,77,200,277,0,val
000098.jpg,436,56,101,140,0,val
000099.jpg,102,83,138,191,0,val
000100.jpg,284,140,364,504,0,val
000101.jpg,74,45,91,126,0,val
000102.jpg,75,1,125,173,0,val
000103.jpg,212,134,237,328,0,val
000104.jpg,84,119,151,209,0,val
000105.jpg,107,41,70,97,0,val
000106.jpg,245,187,203,281,0,val
000107.jpg,41,57,99,137,0,val
000108.jpg,217,86,187,259,0,val
000109.jpg,90,156,478,662,0,val
000110.jpg,191,133,185,256,0,val
000111.jpg,96,111,429,594,0,val
000112.jpg,115,65,109,151,0,val
000113.jpg,137,22,120,166,0,val
000114.jpg,157,62,182,252,0,val
000115.jpg,298,41,166,230,0,val
000116.jpg,111,74,187,259,0,val
000117.jpg,274,59,320,443,0,val
000118.jpg,101,113,179,248,0,val
000119.jpg,33,48,127,176,0,val
000120.jpg,70,8,68,119,0,val
000121.jpg,261,117,296,410,0,val
000122.jpg,148,56,161,223,0,val
000123.jpg,94,72,133,184,0,val
000124.jpg,792,230,785,967,0,val
000125.jpg,48,30,143,198,0,val
000126.jpg,241,68,205,284,0,val
000127.jpg,65,22,65,90,0,val
000128.jpg,229,212,91,126,0,val
000129.jpg,185,248,369,511,0,val
000130.jpg,63,46,94,130,0,val
000131.jpg,43,75,151,209,0,val
000132.jpg,410,213,299,414,0,val
000133.jpg,221,69,161,223,0,val
000134.jpg,85,74,177,245,0,val
000135.jpg,242,194,356,493,0,val
000136.jpg,60,79,125,173,0,val
000137.jpg,120,80,179,248,0,val
000138.jpg,119,1,153,212,0,val
000139.jpg,47,31,91,126,0,val
000140.jpg,195,99,187,259,0,val
000141.jpg,111,45,91,126,0,val
000142.jpg,215,55,177,245,0,val
000143.jpg,29,96,291,403,0,val
000144.jpg,94,62,130,180,0,val
000145.jpg,756,511,998,1382,0,val
000146.jpg,162,57,137,202,0,val
000147.jpg,761,159,551,763,0,val
000148.jpg,114,65,213,295,0,val
000149.jpg,195,54,133,184,0,val
000150.jpg,340,179,286,396,0,val
000151.jpg,133,142,257,355,0,val
000152.jpg,50,75,224,310,0,val
000153.jpg,163,92,177,245,0,val
000154.jpg,222,155,229,317,0,val
000155.jpg,320,291,458,634,0,val
000156.jpg,40,89,257,356,0,val
000157.jpg,148,73,367,508,0,val
000158.jpg,22,40,114,158,0,val
000159.jpg,10,119,109,151,0,val
000160.jpg,184,84,172,238,0,val
000161.jpg,192,98,268,371,0,val
000162.jpg,140,3,78,108,0,val
000163.jpg,302,61,559,705,0,val
000164.jpg,33,46,265,367,0,val
000165.jpg,619,170,187,259,0,val
000166.jpg,467,132,276,382,0,val
000167.jpg,176,54,86,119,0,val
000168.jpg,531,363,634,878,0,val
000169.jpg,89,1,112,155,0,val
000170.jpg,141,58,130,180,0,val
000171.jpg,82,89,250,346,0,val
000172.jpg,365,293,712,986,0,val
000173.jpg,109,77,120,166,0,val
000174.jpg,82,126,260,360,0,val
000175.jpg,26,121,226,313,0,val
000176.jpg,118,60,156,216,0,val
000177.jpg,669,181,231,320,0,val
000178.jpg,88,117,174,241,0,val
000179.jpg,556,389,1050,1454,0,val
000180.jpg,113,228,374,518,0,val
000181.jpg,91,76,156,216,0,val
000182.jpg,29,14,223,310,0,val
000183.jpg,148,143,242,335,0,val
000184.jpg,21,48,190,263,0,val
000185.jpg,107,118,211,292,0,val
000186.jpg,114,75,135,187,0,val
000187.jpg,58,49,153,212,0,val
000188.jpg,181,41,192,266,0,val
000189.jpg,169,159,127,176,0,val
000190.jpg,187,19,91,126,0,val
000191.jpg,121,113,109,151,0,val
000192.jpg,118,48,60,83,0,val
000193.jpg,178,62,130,180,0,val
000194.jpg,4,59,205,284,0,val
000195.jpg,108,75,263,364,0,val
000196.jpg,48,66,296,402,0,val
000197.jpg,86,126,151,209,0,val
000198.jpg,137,89,179,248,0,val
000199.jpg,106,158,88,122,0,val
000200.jpg,68,49,195,270,0,val
000201.jpg,279,68,520,720,0,val
000202.jpg,134,41,190,263,0,val
000203.jpg,124,85,231,320,0,val
000204.jpg,68,59,174,241,0,val
000205.jpg,305,228,569,788,0,val
000206.jpg,62,98,182,252,0,val
000207.jpg,184,36,143,198,0,val
000208.jpg,278,64,250,346,0,val
000209.jpg,86,40,109,151,0,val
000210.jpg,175,46,161,223,0,val
000211.jpg,264,65,151,209,0,val
000212.jpg,110,104,426,590,0,val
000213.jpg,90,71,164,227,0,val
000214.jpg,97,98,195,270,0,val
000215.jpg,40,69,211,292,0,val
000216.jpg,84,101,244,338,0,val
000217.jpg,46,76,153,212,0,val
000218.jpg,132,101,177,245,0,val
000219.jpg,291,78,122,169,0,val
000220.jpg,90,114,252,349,0,val
000221.jpg,70,102,302,418,0,val
000222.jpg,431,119,135,187,0,val
000223.jpg,151,78,109,151,0,val
000224.jpg,107,50,130,180,0,val
000225.jpg,139,76,122,169,0,val
000226.jpg,80,34,203,281,0,val
000227.jpg,95,43,142,218,0,val
000228.jpg,66,62,109,151,0,val
000229.jpg,41,59,250,346,0,val
000230.jpg,55,41,146,201,0,val
000231.jpg,136,116,322,446,0,val
000232.jpg,202,59,143,198,0,val
000233.jpg,149,50,161,223,0,val
000234.jpg,2,28,109,151,0,val
000235.jpg,43,115,177,245,0,val
000236.jpg,111,67,96,133,0,val
000237.jpg,138,71,172,238,0,val
000238.jpg,270,46,255,353,0,val
000239.jpg,879,903,1646,2279,0,val
000240.jpg,131,107,114,158,0,val
000241.jpg,148,112,135,187,0,val
000242.jpg,657,117,296,410,0,val
000243.jpg,65,88,187,259,0,val
000244.jpg,148,26,107,148,0,val
000245.jpg,39,37,68,94,0,val
000246.jpg,100,25,104,144,0,val
000247.jpg,86,95,166,230,0,val
000248.jpg,166,59,88,122,0,val
000249.jpg,196,81,130,180,0,val
000250.jpg,14,21,205,284,0,val
000251.jpg,485,42,190,263,0,val
000252.jpg,236,91,239,331,0,val
000253.jpg,131,84,315,383,0,val
000254.jpg,384,122,270,374,0,val
000255.jpg,70,85,286,396,0,val
000256.jpg,99,90,161,223,0,val
000257.jpg,98,78,237,328,0,val
000258.jpg,591,121,263,364,0,val
000259.jpg,102,66,130,180,0,val
000260.jpg,65,28,125,173,0,val
000261.jpg,522,86,390,540,0,val
000262.jpg,297,39,78,108,0,val
000263.jpg,77,38,99,137,0,val
000264.jpg,54,76,213,295,0,val
000265.jpg,105,66,166,230,0,val
000266.jpg,59,26,359,471,0,val
000267.jpg,188,245,694,961,0,val
000268.jpg,84,95,127,176,0,val
000269.jpg,142,104,148,205,0,val
000270.jpg,82,49,153,212,0,val
000271.jpg,103,93,276,382,0,val
000272.jpg,24,72,203,245,0,val
000273.jpg,76,70,257,356,0,val
000274.jpg,47,41,120,166,0,val
000275.jpg,115,46,138,191,0,val
000276.jpg,52,71,174,241,0,val
000277.jpg,78,106,174,241,0,val
000278.jpg,25,31,81,112,0,val
000279.jpg,8,41,153,212,0,val
000280.jpg,23,35,127,176,0,val
000281.jpg,192,140,694,961,0,val
000282.jpg,28,29,127,176,0,val
000283.jpg,95,43,117,162,0,val
000284.jpg,107,38,78,108,0,val
000285.jpg,107,25,185,256,0,val
000286.jpg,86,60,164,227,0,val
000287.jpg,237,50,164,227,0,val
000288.jpg,41,40,88,122,0,val
000289.jpg,156,97,312,432,0,val
000290.jpg,146,37,216,299,0,val
000291.jpg,429,330,1482,2052,0,val
000292.jpg,46,80,182,252,0,val
000293.jpg,324,145,109,151,0,val
000294.jpg,228,105,374,518,0,val
000295.jpg,7,45,127,176,0,val
000296.jpg,108,69,164,227,0,val
000297.jpg,68,77,190,263,0,val
000298.jpg,50,66,99,137,0,val
000299.jpg,23,28,185,248,0,val
000300.jpg,42,78,156,216,0,val
000301.jpg,96,69,185,256,0,val
000302.jpg,81,83,138,191,0,val
000303.jpg,205,69,166,230,0,val
000304.jpg,79,66,296,410,0,val
000305.jpg,98,141,211,292,0,val
000306.jpg,75,50,320,443,0,val
000307.jpg,104,101,198,274,0,val
000308.jpg,318,74,125,173,0,val
000309.jpg,187,76,122,169,0,val
000310.jpg,39,71,224,310,0,val
000311.jpg,107,45,307,425,0,val
000312.jpg,91,110,198,274,0,val
000313.jpg,50,36,65,90,0,val
000314.jpg,9,1,114,151,0,val
000315.jpg,59,42,91,126,0,val
000316.jpg,126,26,172,238,0,val
000317.jpg,98,80,135,187,0,val
000318.jpg,54,46,120,166,0,val
000319.jpg,359,63,198,274,0,val
000320.jpg,37,54,198,274,0,val
000321.jpg,142,68,112,155,0,val
000322.jpg,63,80,159,220,0,val
000323.jpg,659,117,393,544,0,val
000324.jpg,152,38,109,151,0,val
000325.jpg,76,51,127,176,0,val
000326.jpg,200,62,156,216,0,val
000327.jpg,57,36,55,76,0,val
000328.jpg,161,62,117,162,0,val
000329.jpg,44,28,81,112,0,val
000330.jpg,37,50,117,162,0,val
000331.jpg,272,71,122,169,0,val
000332.jpg,157,109,247,342,0,val
000333.jpg,44,21,117,162,0,val
000334.jpg,150,61,203,281,0,val
000335.jpg,33,70,252,314,0,val
000336.jpg,133,49,179,248,0,val
000337.jpg,141,155,257,356,0,val
000338.jpg,94,42,104,144,0,val
000339.jpg,141,36,62,86,0,val
000340.jpg,88,75,174,241,0,val
000341.jpg,74,111,268,371,0,val
000342.jpg,162,97,117,162,0,val
000343.jpg,174,97,270,374,0,val
000344.jpg,60,1,307,346,0,val
000345.jpg,308,43,143,198,0,val
000346.jpg,110,65,216,299,0,val
000347.jpg,103,30,194,277,0,val
000348.jpg,647,398,918,1271,0,val
000349.jpg,84,67,120,166,0,val
000350.jpg,55,57,133,184,0,val
000351.jpg,148,53,216,299,0,val
000352.jpg,112,129,315,436,0,val
000353.jpg,137,47,135,187,0,val
000354.jpg,140,68,156,216,0,val
000355.jpg,274,41,390,540,0,val
000356.jpg,376,58,218,302,0,val
000357.jpg,140,167,302,418,0,val
000358.jpg,221,22,101,140,0,val
000359.jpg,77,89,203,281,0,val
000360.jpg,90,112,179,248,0,val
000361.jpg,249,24,185,256,0,val
000362.jpg,84,72,234,324,0,val
000363.jpg,20,57,205,284,0,val
000364.jpg,103,77,153,212,0,val
000365.jpg,44,112,291,403,0,val
000366.jpg,232,40,125,173,0,val
000367.jpg,25,57,138,191,0,val
000368.jpg,120,49,96,133,0,val
000369.jpg,46,51,109,151,0,val
000370.jpg,135,36,127,176,0,val
000371.jpg,200,119,356,493,0,val
000372.jpg,72,47,146,202,0,val
000373.jpg,451,64,174,241,0,val
000374.jpg,56,32,221,306,0,val
000375.jpg,114,187,372,515,0,val
000376.jpg,228,21,151,209,0,val
000377.jpg,92,56,179,248,0,val
000378.jpg,192,87,109,151,0,val
000379.jpg,239,71,133,184,0,val
000380.jpg,89,94,208,288,0,val
000381.jpg,392,211,361,500,0,val
000382.jpg,74,51,143,198,0,val
000383.jpg,17,67,315,420,0,val
000384.jpg,216,63,130,180,0,val
000385.jpg,255,15,153,212,0,val
000386.jpg,144,38,148,205,0,val
000387.jpg,133,98,101,140,0,val
000388.jpg,128,76,182,252,0,val
000389.jpg,54,54,135,187,0,val
000390.jpg,105,12,117,162,0,val
000391.jpg,240,38,107,148,0,val
000392.jpg,54,132,359,497,0,val
000393.jpg,178,70,112,155,0,val
000394.jpg,152,74,138,191,0,val
000395.jpg,461,203,393,544,0,val
000396.jpg,86,65,146,202,0,val
000397.jpg,141,88,185,256,0,val
000398.jpg,51,67,255,314,0,val
000399.jpg,30,81,304,416,0,val
000400.jpg,41,19,83,115,0,val
000401.jpg,68,60,260,339,0,val
000402.jpg,82,25,146,202,0,val
000403.jpg,58,33,159,220,0,val
000404.jpg,119,66,99,137,0,val
000405.jpg,480,291,655,907,0,val
000406.jpg,165,140,255,353,0,val
000407.jpg,101,24,99,137,0,val
000408.jpg,91,186,304,415,0,val
000409.jpg,77,52,179,248,0,val
000410.jpg,41,65,68,94,0,val
000411.jpg,85,72,140,194,0,val
000412.jpg,104,62,237,328,0,val
000413.jpg,127,149,270,348,0,val
000414.jpg,73,35,211,292,0,val
000415.jpg,240,217,398,551,0,val
000416.jpg,122,9,91,126,0,val
000417.jpg,134,48,112,184,0,val
000418.jpg,17,40,130,180,0,val
000419.jpg,93,44,153,212,0,val
000420.jpg,146,75,146,202,0,val
000421.jpg,196,42,151,209,0,val
000422.jpg,101,43,172,238,0,val
000423.jpg,69,63,190,263,0,val
000424.jpg,79,71,169,234,0,val
000425.jpg,139,49,224,310,0,val
000426.jpg,84,47,146,202,0,val
000427.jpg,35,24,99,137,0,val
000428.jpg,60,67,107,148,0,val
000429.jpg,191,143,107,148,0,val
000430.jpg,363,125,231,320,0,val
000431.jpg,107,168,398,551,0,val
000432.jpg,273,286,387,536,0,val
000433.jpg,163,64,120,166,0,val
000434.jpg,259,178,387,536,0,val
000435.jpg,69,77,172,238,0,val
000436.jpg,97,78,169,234,0,val
000437.jpg,31,52,172,238,0,val
000438.jpg,27,53,78,108,0,val
000439.jpg,42,27,161,223,0,val
000440.jpg,16,21,62,86,0,val
000441.jpg,102,111,133,184,0,val
000442.jpg,531,89,575,796,0,val
000443.jpg,190,62,244,338,0,val
000444.jpg,180,147,354,490,0,val
000445.jpg,388,105,273,378,0,val
000446.jpg,48,125,237,328,0,val
000447.jpg,179,158,151,209,0,val
000448.jpg,64,47,283,392,0,val
000449.jpg,66,78,185,256,0,val
000450.jpg,124,45,218,302,0,val
000451.jpg,139,99,203,281,0,val
000452.jpg,88,90,135,187,0,val
000453.jpg,138,163,114,158,0,val
000454.jpg,147,71,113,187,0,val
000455.jpg,91,93,153,212,0,val
000456.jpg,145,54,177,245,0,val
000457.jpg,86,73,203,281,0,val
000458.jpg,73,158,151,209,0,val
000459.jpg,280,252,642,889,0,val
000460.jpg,163,71,255,353,0,val
000461.jpg,94,48,185,256,0,val
000462.jpg,85,94,164,227,0,val
000463.jpg,179,28,101,140,0,val
000464.jpg,151,29,112,155,0,val
000465.jpg,240,48,120,166,0,val
000466.jpg,90,118,177,245,0,val
000467.jpg,93,64,120,166,0,val
000468.jpg,504,517,250,346,0,val
000469.jpg,70,73,213,295,0,val
000470.jpg,103,19,99,137,0,val
000471.jpg,69,100,182,252,0,val
000472.jpg,122,59,109,151,0,val
000473.jpg,88,54,192,266,0,val
000474.jpg,99,25,86,119,0,val
000475.jpg,189,3,190,263,0,val
000476.jpg,138,66,148,205,0,val
000477.jpg,15,28,101,140,0,val
000478.jpg,221,56,166,230,0,val
000479.jpg,159,42,138,191,0,val
000480.jpg,98,47,187,259,0,val
000481.jpg,138,206,655,907,0,val
000482.jpg,358,50,195,270,0,val
000483.jpg,104,73,68,94,0,val
000484.jpg,154,93,156,216,0,val
000485.jpg,193,63,161,223,0,val
000486.jpg,89,80,146,202,0,val
000487.jpg,55,69,231,320,0,val
000488.jpg,105,86,182,252,0,val
000489.jpg,114,112,234,324,0,val
000490.jpg,200,182,205,284,0,val
000491.jpg,212,92,185,288,0,val
000492.jpg,103,118,226,313,0,val
000493.jpg,51,52,164,227,0,val
000494.jpg,195,92,286,396,0,val
000495.jpg,84,134,221,306,0,val
000496.jpg,117,75,96,133,0,val
000497.jpg,187,66,265,367,0,val
000498.jpg,58,70,174,241,0,val
000499.jpg,144,42,138,191,0,val
000500.jpg,56,89,205,284,0,val
000501.jpg,147,60,192,266,0,val
000502.jpg,283,59,218,302,0,val
000503.jpg,228,91,369,511,0,val
000504.jpg,93,88,187,259,0,val
000505.jpg,56,51,211,292,0,val
000506.jpg,92,83,177,245,0,val
000507.jpg,92,54,234,324,0,val
000508.jpg,195,77,221,306,0,val
000509.jpg,15,51,65,90,0,val
000510.jpg,119,128,177,245,0,val
000511.jpg,55,35,78,108,0,val
000512.jpg,13,51,302,418,0,val
000513.jpg,73,61,172,238,0,val
000514.jpg,992,440,559,774,0,val
000515.jpg,40,91,237,328,0,val
000516.jpg,105,84,216,299,0,val
000517.jpg,70,45,94,130,0,val
000518.jpg,120,76,211,292,0,val
000519.jpg,375,444,785,1087,0,val
000520.jpg,157,15,130,180,0,val
000521.jpg,21,73,299,414,0,val
000522.jpg,125,99,190,263,0,val
000523.jpg,42,92,101,140,0,val
000524.jpg,120,144,255,353,0,val
000525.jpg,23,41,62,86,0,val
000526.jpg,130,63,234,324,0,val
000527.jpg,140,88,187,259,0,val
000528.jpg,56,80,174,241,0,val
000529.jpg,411,52,185,256,0,val
000530.jpg,189,17,122,169,0,val
000531.jpg,132,53,96,133,0,val
000532.jpg,174,65,109,151,0,val
000533.jpg,75,16,140,194,0,val
000534.jpg,628,138,276,382,0,val
000535.jpg,13,112,174,241,0,val
000536.jpg,739,150,504,698,0,val
000537.jpg,85,37,161,223,0,val
000538.jpg,231,70,143,198,0,val
000539.jpg,96,54,166,230,0,val
000540.jpg,58,78,218,302,0,val
000541.jpg,93,76,192,266,0,val
000542.jpg,206,89,234,324,0,val
000543.jpg,101,63,205,261,0,val
000544.jpg,438,99,299,414,0,val
000545.jpg,430,371,1799,2491,0,val
000546.jpg,135,65,112,155,0,val
000547.jpg,151,31,159,220,0,val
000548.jpg,256,63,143,198,0,val
000549.jpg,42,87,341,472,0,val
000550.jpg,29,13,416,576,0,val
000551.jpg,74,65,130,180,0,val
000552.jpg,84,66,172,238,0,val
000553.jpg,128,107,216,299,0,val
000554.jpg,1,37,205,284,0,val
000555.jpg,72,20,122,169,0,val
000556.jpg,75,68,203,281,0,val
000557.jpg,526,285,304,421,0,val
000558.jpg,20,22,102,134,0,val
000559.jpg,88,68,96,133,0,val
000560.jpg,16,22,135,168,0,val
000561.jpg,87,90,195,270,0,val
000562.jpg,231,40,99,137,0,val
000563.jpg,72,27,161,223,0,val
000564.jpg,94,53,174,241,0,val
000565.jpg,685,155,315,436,0,val
000566.jpg,124,90,151,209,0,val
000567.jpg,367,91,213,295,0,val
000568.jpg,39,65,161,223,0,val
000569.jpg,114,52,114,158,0,val
000570.jpg,51,41,231,320,0,val
000571.jpg,186,44,117,162,0,val
000572.jpg,293,58,91,126,0,val
000573.jpg,131,61,111,169,0,val
000574.jpg,165,46,94,130,0,val
000575.jpg,108,47,166,230,0,val
000576.jpg,86,32,140,194,0,val
000577.jpg,107,6,192,248,0,val
000578.jpg,46,54,216,299,0,val
000579.jpg,1,50,122,169,0,val
000580.jpg,523,121,265,367,0,val
000581.jpg,192,49,107,148,0,val
000582.jpg,131,73,148,205,0,val
000583.jpg,109,51,177,245,0,val
000584.jpg,101,18,161,223,0,val
000585.jpg,48,88,294,407,0,val
000586.jpg,136,121,195,270,0,val
000587.jpg,72,126,166,230,0,val
000588.jpg,159,52,125,173,0,val
000589.jpg,98,98,169,234,0,val
000590.jpg,281,129,133,184,0,val
000591.jpg,36,51,250,322,0,val
000592.jpg,76,71,226,306,0,val
000593.jpg,167,23,164,227,0,val
000594.jpg,145,98,200,277,0,val
000595.jpg,234,64,187,259,0,val
000596.jpg,41,23,109,151,0,val
000597.jpg,106,52,127,176,0,val
000598.jpg,165,56,120,166,0,val
000599.jpg,247,103,320,443,0,val
000600.jpg,201,299,543,721,0,val
000601.jpg,106,33,101,140,0,val
000602.jpg,162,115,81,112,0,val
000603.jpg,227,168,140,194,0,val
000604.jpg,42,61,192,266,0,val
000605.jpg,44,105,239,331,0,val
000606.jpg,120,52,122,169,0,val
000607.jpg,1754,125,764,1058,0,val
000608.jpg,50,65,190,263,0,val
000609.jpg,460,53,244,338,0,val
000610.jpg,187,138,138,191,0,val
000611.jpg,233,64,161,223,0,val
000612.jpg,232,32,140,194,0,val
000613.jpg,33,30,81,112,0,val
000614.jpg,1205,110,246,407,0,val
000615.jpg,711,587,1186,1642,0,val
000616.jpg,110,88,179,248,0,val
000617.jpg,75,92,169,234,0,val
000618.jpg,360,74,289,400,0,val
000619.jpg,105,58,114,158,0,val
000620.jpg,15,32,86,119,0,val
000621.jpg,60,37,75,104,0,val
000622.jpg,41,118,281,389,0,val
000623.jpg,157,75,172,238,0,val
000624.jpg,86,54,244,338,0,val
000625.jpg,62,18,68,94,0,val
000626.jpg,221,40,109,151,0,val
000627.jpg,181,66,109,151,0,val
000628.jpg,262,123,122,169,0,val
000629.jpg,121,97,278,385,0,val
000630.jpg,45,47,83,115,0,val
000631.jpg,112,44,109,151,0,val
000632.jpg,402,319,317,439,0,val
000633.jpg,84,71,179,248,0,val
000634.jpg,442,77,151,209,0,val
000635.jpg,45,41,70,97,0,val
000636.jpg,56,44,133,184,0,val
000637.jpg,104,68,252,349,0,val
000638.jpg,88,52,135,187,0,val
000639.jpg,127,73,250,346,0,val
000640.jpg,111,96,172,238,0,val
000641.jpg,65,61,159,220,0,val
000642.jpg,59,76,99,137,0,val
000643.jpg,173,92,148,205,0,val
000644.jpg,149,135,133,184,0,val
000645.jpg,139,64,148,205,0,val
000646.jpg,420,169,460,637,0,val
000647.jpg,104,99,190,263,0,val
000648.jpg,409,448,120,166,0,val
000649.jpg,176,51,166,230,0,val
000650.jpg,62,98,151,209,0,val
000651.jpg,158,106,372,515,0,val
000652.jpg,48,59,263,364,0,val
000653.jpg,106,68,99,137,0,val
000654.jpg,126,42,242,335,0,val
000655.jpg,43,82,208,288,0,val
000656.jpg,146,94,260,360,0,val
000657.jpg,51,28,42,58,0,val
000658.jpg,98,27,156,216,0,val
000659.jpg,83,90,211,292,0,val
000660.jpg,50,39,81,112,0,val
000661.jpg,117,80,172,238,0,val
000662.jpg,160,73,164,227,0,val
000663.jpg,157,35,135,187,0,val
000664.jpg,212,29,151,209,0,val
000665.jpg,255,181,351,486,0,val
000666.jpg,111,66,133,184,0,val
000667.jpg,124,104,182,252,0,val
000668.jpg,127,104,156,216,0,val
000669.jpg,810,190,273,378,0,val
000670.jpg,41,146,104,144,0,val
000671.jpg,61,54,120,166,0,val
000672.jpg,105,57,172,238,0,val
000673.jpg,303,63,317,439,0,val
000674.jpg,457,110,736,908,0,val
000675.jpg,349,1,432,598,0,val
000676.jpg,133,83,174,241,0,val
000677.jpg,86,34,122,169,0,val
000678.jpg,88,80,107,148,0,val
000679.jpg,31,1,266,371,0,val
000680.jpg,91,68,127,176,0,val
000681.jpg,28,67,122,169,0,val
000682.jpg,101,28,75,104,0,val
000683.jpg,86,23,226,313,0,val
000684.jpg,8,26,112,155,0,val
000685.jpg,220,36,104,144,0,val
000686.jpg,186,48,161,223,0,val
000687.jpg,113,29,257,356,0,val
000688.jpg,100,33,192,266,0,val
000689.jpg,93,74,255,364,0,val
000690.jpg,22,54,140,194,0,val
000691.jpg,461,99,242,335,0,val
000692.jpg,546,98,369,511,0,val
000693.jpg,100,73,179,248,0,val
000694.jpg,92,89,307,436,0,val
000695.jpg,36,40,176,229,0,val
000696.jpg,181,70,94,130,0,val
000697.jpg,176,23,140,194,0,val
000698.jpg,200,29,88,122,0,val
000699.jpg,99,83,289,400,0,val
000700.jpg,231,63,120,166,0,val
000701.jpg,108,113,156,216,0,val
000702.jpg,137,187,286,396,0,val
000703.jpg,114,98,151,209,0,val
000704.jpg,85,42,75,104,0,val
000705.jpg,42,44,52,72,0,val
000706.jpg,42,41,94,130,0,val
000707.jpg,66,37,122,169,0,val
000708.jpg,142,39,148,205,0,val
000709.jpg,78,90,205,282,0,val
000710.jpg,94,78,205,284,0,val
000711.jpg,110,40,75,104,0,val
000712.jpg,69,66,169,234,0,val
000713.jpg,33,53,172,238,0,val
000714.jpg,153,72,273,378,0,val
000715.jpg,722,507,1149,1591,0,val
000716.jpg,134,104,83,115,0,val
000717.jpg,73,46,948,1422,0,val
000718.jpg,366,376,572,792,0,val
000719.jpg,158,87,130,180,0,val
000720.jpg,90,92,195,270,0,val
000721.jpg,952,252,385,533,0,val
000722.jpg,46,87,244,338,0,val
000723.jpg,345,138,395,547,0,val
000724.jpg,84,54,114,158,0,val
000725.jpg,16,33,140,194,0,val
000726.jpg,205,84,185,256,0,val
000727.jpg,440,99,208,288,0,val
000728.jpg,198,140,445,616,0,val
000729.jpg,61,53,237,328,0,val
000730.jpg,47,35,112,155,0,val
000731.jpg,123,15,65,90,0,val
000732.jpg,50,94,211,292,0,val
000733.jpg,71,131,265,366,0,val
000734.jpg,387,48,208,288,0,val
000735.jpg,38,36,226,313,0,val
000736.jpg,81,58,120,166,0,val
000737.jpg,995,138,367,508,0,val
000738.jpg,131,101,218,302,0,val
000739.jpg,91,60,44,61,0,val
000740.jpg,276,55,83,115,0,val
000741.jpg,138,48,101,140,0,val
000742.jpg,96,42,205,284,0,val
000743.jpg,130,64,130,180,0,val
000744.jpg,32,30,91,126,0,val
000745.jpg,78,55,187,259,0,val
000746.jpg,710,80,117,162,0,val
000747.jpg,106,45,122,169,0,val
000748.jpg,231,7,260,360,0,val
000749.jpg,280,47,88,122,0,val
000750.jpg,18,21,47,65,0,val
000751.jpg,283,102,153,212,0,val
000752.jpg,80,83,159,220,0,val
000753.jpg,165,40,187,259,0,val
000754.jpg,167,93,99,137,0,val
000755.jpg,205,59,239,331,0,val
000756.jpg,313,94,57,79,0,val
000757.jpg,190,50,168,248,0,val
000758.jpg,105,63,153,212,0,val
000759.jpg,154,52,153,212,0,val
000760.jpg,58,37,117,162,0,val
000761.jpg,106,89,205,284,0,val
000762.jpg,91,96,231,320,0,val
000763.jpg,90,93,179,248,0,val
000764.jpg,172,46,203,281,0,val
000765.jpg,283,83,140,194,0,val
000766.jpg,79,34,96,133,0,val
000767.jpg,104,84,200,277,0,val
000768.jpg,73,41,86,119,0,val
000769.jpg,179,142,190,263,0,val
000770.jpg,126,15,117,162,0,val
000771.jpg,621,169,601,832,0,val
000772.jpg,37,82,226,313,0,val
000773.jpg,291,130,421,583,0,val
000774.jpg,237,86,192,266,0,val
000775.jpg,73,107,213,295,0,val
000776.jpg,283,84,452,596,0,val
000777.jpg,49,77,122,169,0,val
000778.jpg,213,94,86,119,0,val
000779.jpg,140,79,164,227,0,val
000780.jpg,106,151,283,392,0,val
000781.jpg,274,94,203,281,0,val
000782.jpg,134,9,200,277,0,val
000783.jpg,123,59,125,173,0,val
000784.jpg,155,42,107,148,0,val
000785.jpg,108,57,148,205,0,val
000786.jpg,104,37,99,137,0,val
000787.jpg,36,74,195,270,0,val
000788.jpg,41,79,120,166,0,val
000789.jpg,51,26,109,151,0,val
000790.jpg,43,103,234,324,0,val
000791.jpg,202,130,369,511,0,val
000792.jpg,71,24,96,133,0,val
000793.jpg,125,57,109,151,0,val
000794.jpg,389,263,208,288,0,val
000795.jpg,189,70,213,291,0,val
000796.jpg,134,83,213,295,0,val
000797.jpg,181,38,153,212,0,val
000798.jpg,102,124,205,284,0,val
000799.jpg,287,129,161,223,0,val
000800.jpg,98,96,198,274,0,val
000801.jpg,73,64,270,374,0,val
000802.jpg,585,144,195,270,0,val
000803.jpg,75,66,166,230,0,val
000804.jpg,65,42,88,122,0,val
000805.jpg,384,83,75,104,0,val
000806.jpg,35,14,112,155,0,val
000807.jpg,243,60,75,104,0,val
000808.jpg,109,49,213,285,0,val
000809.jpg,153,151,588,814,0,val
000810.jpg,122,77,99,137,0,val
000811.jpg,45,67,192,266,0,val
000812.jpg,24,1,278,385,0,val
000813.jpg,72,57,265,367,0,val
000814.jpg,493,1188,1188,1645,0,val
000815.jpg,72,48,143,198,0,val
000816.jpg,95,27,83,115,0,val
000817.jpg,68,43,159,220,0,val
000818.jpg,22,49,135,187,0,val
000819.jpg,120,72,122,169,0,val
000820.jpg,1,62,283,358,0,val
000821.jpg,217,99,185,256,0,val
000822.jpg,616,58,146,202,0,val
000823.jpg,113,50,159,220,0,val
000824.jpg,156,36,96,133,0,val
000825.jpg,137,137,265,367,0,val
000826.jpg,73,74,179,248,0,val
000827.jpg,29,9,52,72,0,val
000828.jpg,172,45,218,302,0,val
000829.jpg,304,145,247,342,0,val
000830.jpg,182,98,125,173,0,val
000831.jpg,155,115,166,230,0,val
000832.jpg,1,106,244,281,0,val
000833.jpg,42,82,179,248,0,val
000834.jpg,109,173,343,475,0,val
000835.jpg,71,104,273,378,0,val
000836.jpg,122,123,359,497,0,val
000837.jpg,78,59,86,119,0,val
000838.jpg,130,78,101,140,0,val
000839.jpg,257,51,133,184,0,val
000840.jpg,144,51,101,140,0,val
000841.jpg,237,104,172,238,0,val
000842.jpg,112,85,229,317,0,val
000843.jpg,189,16,78,108,0,val
000844.jpg,84,77,302,418,0,val
000845.jpg,57,35,146,202,0,val
000846.jpg,98,38,174,241,0,val
000847.jpg,101,49,247,342,0,val
000848.jpg,167,12,286,396,0,val
000849.jpg,333,364,562,778,0,val
000850.jpg,147,50,101,140,0,val
000851.jpg,42,83,255,353,0,val
000852.jpg,5,119,172,238,0,val
000853.jpg,158,8,330,457,0,val
000854.jpg,61,76,114,158,0,val
000855.jpg,116,32,198,274,0,val
000856.jpg,123,107,174,241,0,val
000857.jpg,81,88,255,353,0,val
000858.jpg,91,92,130,180,0,val
000859.jpg,135,22,153,212,0,val
000860.jpg,572,465,1001,1386,0,val
000861.jpg,45,53,172,238,0,val
000862.jpg,349,57,127,176,0,val
000863.jpg,100,42,57,79,0,val
000864.jpg,123,39,78,108,0,val
000865.jpg,489,234,858,1188,0,val
000866.jpg,138,74,107,148,0,val
000867.jpg,123,48,143,198,0,val
000868.jpg,188,127,255,353,0,val
000869.jpg,208,121,130,180,0,val
000870.jpg,178,45,143,198,0,val
000871.jpg,264,30,185,256,0,val
000872.jpg,84,95,247,342,0,val
000873.jpg,43,11,185,256,0,val
000874.jpg,169,116,107,148,0,val
000875.jpg,66,99,179,248,0,val
000876.jpg,136,103,177,245,0,val
000877.jpg,311,200,317,439,0,val
000878.jpg,115,33,70,97,0,val
000879.jpg,125,50,177,245,0,val
000880.jpg,102,65,130,180,0,val
000881.jpg,267,104,174,241,0,val
000882.jpg,211,48,109,151,0,val
000883.jpg,135,126,135,187,0,val
000884.jpg,74,70,190,263,0,val
000885.jpg,700,48,868,1202,0,val
000886.jpg,58,45,224,310,0,val
000887.jpg,34,9,55,76,0,val
000888.jpg,52,13,88,122,0,val
000889.jpg,55,55,104,144,0,val
000890.jpg,377,121,296,410,0,val
000891.jpg,37,47,153,212,0,val
000892.jpg,21,102,257,356,0,val
000893.jpg,155,125,166,230,0,val
000894.jpg,86,85,185,256,0,val
000895.jpg,90,167,148,205,0,val
000896.jpg,299,240,512,709,0,val
000897.jpg,27,72,229,317,0,val
000898.jpg,86,135,192,266,0,val
000899.jpg,124,84,237,328,0,val
000900.jpg,528,154,276,382,0,val
000901.jpg,115,124,333,461,0,val
000902.jpg,51,54,239,331,0,val
000903.jpg,113,105,312,432,0,val
000904.jpg,413,1,400,554,0,val
000905.jpg,131,11,284,400,0,val
000906.jpg,128,20,122,169,0,val
000907.jpg,68,71,289,400,0,val
000908.jpg,313,58,156,216,0,val
000909.jpg,115,159,205,284,0,val
000910.jpg,190,37,96,133,0,val
000911.jpg,93,80,177,245,0,val
000912.jpg,26,54,148,205,0,val
000913.jpg,407,81,224,310,0,val
000914.jpg,151,40,164,227,0,val
000915.jpg,69,30,88,122,0,val
000916.jpg,125,39,146,202,0,val
000917.jpg,294,41,208,288,0,val
000918.jpg,120,74,122,169,0,val
000919.jpg,111,109,169,234,0,val
000920.jpg,56,42,135,187,0,val
000921.jpg,106,61,120,166,0,val
000922.jpg,422,98,325,450,0,val
000923.jpg,132,72,133,184,0,val
000924.jpg,130,85,192,266,0,val
000925.jpg,80,41,91,126,0,val
000926.jpg,96,12,213,295,0,val
000927.jpg,160,79,182,252,0,val
000928.jpg,52,48,104,144,0,val
000929.jpg,121,99,187,259,0,val
000930.jpg,119,105,281,389,0,val
000931.jpg,1,37,182,252,0,val
000932.jpg,206,22,94,130,0,val
000933.jpg,44,1,289,400,0,val
000934.jpg,118,20,156,216,0,val
000935.jpg,62,73,94,130,0,val
000936.jpg,234,203,174,241,0,val
000937.jpg,83,56,99,137,0,val
000938.jpg,76,30,107,148,0,val
000939.jpg,106,36,148,205,0,val
000940.jpg,403,133,299,414,0,val
000941.jpg,97,44,148,205,0,val
000942.jpg,128,202,452,626,0,val
000943.jpg,145,32,81,112,0,val
000944.jpg,23,39,125,173,0,val
000945.jpg,344,61,146,202,0,val
000946.jpg,97,60,179,248,0,val
000947.jpg,148,51,126,180,0,val
000948.jpg,46,43,88,122,0,val
000949.jpg,896,389,437,605,0,val
000950.jpg,76,31,172,238,0,val
000951.jpg,83,37,224,310,0,val
000952.jpg,95,79,174,241,0,val
000953.jpg,18,161,263,336,0,val
000954.jpg,198,98,169,234,0,val
000955.jpg,53,49,104,144,0,val
000956.jpg,149,49,78,108,0,val
000957.jpg,222,64,130,180,0,val
000958.jpg,27,35,130,180,0,val
000959.jpg,48,60,151,209,0,val
000960.jpg,195,88,221,306,0,val
000961.jpg,380,116,146,202,0,val
000962.jpg,82,133,161,223,0,val
000963.jpg,135,113,140,194,0,val
000964.jpg,73,69,166,208,0,val
000965.jpg,76,39,65,90,0,val
000966.jpg,89,96,205,284,0,val
000967.jpg,59,39,109,151,0,val
000968.jpg,92,112,140,194,0,val
000969.jpg,130,84,380,526,0,val
000970.jpg,92,57,127,176,0,val
000971.jpg,88,87,195,270,0,val
000972.jpg,13,53,179,248,0,val
000973.jpg,62,74,114,158,0,val
000974.jpg,42,52,78,108,0,val
000975.jpg,99,47,138,191,0,val
000976.jpg,188,60,112,155,0,val
000977.jpg,22,53,174,239,0,val
000978.jpg,180,53,187,259,0,val
000979.jpg,74,38,103,162,0,val
000980.jpg,74,94,247,342,0,val
000981.jpg,22,106,122,169,0,val
000982.jpg,450,143,289,400,0,val
000983.jpg,48,43,122,169,0,val
000984.jpg,101,99,174,241,0,val
000985.jpg,124,65,83,115,0,val
000986.jpg,508,254,239,331,0,val
000987.jpg,33,55,257,356,0,val
000988.jpg,177,49,55,76,0,val
000989.jpg,60,49,291,403,0,val
000990.jpg,320,194,437,605,0,val
000991.jpg,208,122,299,414,0,val
000992.jpg,198,59,130,180,0,val
000993.jpg,66,64,133,184,0,val
000994.jpg,4,62,203,281,0,val
000995.jpg,128,30,109,151,0,val
000996.jpg,140,50,81,112,0,val
000997.jpg,124,63,101,140,0,val
000998.jpg,164,58,174,241,0,val
000999.jpg,265,65,148,205,0,val
001000.jpg,88,118,101,140,0,val
001001.jpg,94,51,70,97,0,val
001002.jpg,1,108,143,198,0,val
001003.jpg,194,85,91,126,0,val
001004.jpg,25,97,182,252,0,val
001005.jpg,579,5,377,522,0,val
001006.jpg,69,57,195,270,0,val
001007.jpg,72,45,91,126,0,val
001008.jpg,159,1,356,493,0,val
001009.jpg,178,119,229,317,0,val
001010.jpg,136,62,133,184,0,val
001011.jpg,489,417,855,1184,0,val
001012.jpg,605,128,153,212,0,val
001013.jpg,129,128,221,306,0,val
001014.jpg,59,48,75,104,0,val
001015.jpg,81,78,169,234,0,val
001016.jpg,282,71,133,184,0,val
001017.jpg,1,169,460,628,0,val
001018.jpg,96,79,218,302,0,val
001019.jpg,287,78,99,137,0,val
001020.jpg,90,106,291,403,0,val
001021.jpg,687,151,341,472,0,val
001022.jpg,106,8,317,389,0,val
001023.jpg,259,84,112,155,0,val
001024.jpg,81,44,174,241,0,val
001025.jpg,281,313,333,461,0,val
001026.jpg,220,188,91,126,0,val
001027.jpg,176,79,182,215,0,val
001028.jpg,375,155,213,295,0,val
001029.jpg,307,270,302,418,0,val
001030.jpg,48,53,88,122,0,val
001031.jpg,146,69,101,140,0,val
001032.jpg,172,30,143,198,0,val
001033.jpg,64,92,190,263,0,val
001034.jpg,85,159,216,299,0,val
001035.jpg,127,10,174,241,0,val
001036.jpg,97,111,333,461,0,val
001037.jpg,204,32,109,151,0,val
001038.jpg,114,76,216,299,0,val
001039.jpg,81,69,114,158,0,val
001040.jpg,152,14,88,122,0,val
001041.jpg,56,50,185,256,0,val
001042.jpg,116,50,107,148,0,val
001043.jpg,49,38,135,187,0,val
001044.jpg,86,47,130,162,0,val
001045.jpg,46,82,138,191,0,val
001046.jpg,172,59,135,187,0,val
001047.jpg,176,57,195,270,0,val
001048.jpg,71,101,172,238,0,val
001049.jpg,118,82,96,133,0,val
001050.jpg,290,162,400,554,0,val
001051.jpg,223,43,278,381,0,val
001052.jpg,144,98,198,274,0,val
001053.jpg,60,24,83,115,0,val
001054.jpg,112,156,450,551,0,val
001055.jpg,2,103,307,393,0,val
001056.jpg,103,1,283,392,0,val
001057.jpg,54,72,359,497,0,val
001058.jpg,65,34,148,205,0,val
001059.jpg,113,56,164,227,0,val
001060.jpg,187,37,247,323,0,val
001061.jpg,145,84,169,234,0,val
001062.jpg,129,55,125,173,0,val
001063.jpg,242,87,234,324,0,val
001064.jpg,580,87,354,490,0,val
001065.jpg,11,26,91,125,0,val
001066.jpg,106,153,216,299,0,val
001067.jpg,30,18,156,216,0,val
001068.jpg,87,81,208,288,0,val
001069.jpg,144,144,161,223,0,val
001070.jpg,250,43,172,238,0,val
001071.jpg,194,32,112,155,0,val
001072.jpg,77,62,224,310,0,val
001073.jpg,331,21,205,284,0,val
001074.jpg,34,97,268,371,0,val
001075.jpg,571,70,260,360,0,val
001076.jpg,140,105,172,238,0,val
001077.jpg,20,103,250,311,0,val
001078.jpg,73,86,177,245,0,val
001079.jpg,165,33,91,126,0,val
001080.jpg,64,88,182,252,0,val
001081.jpg,126,43,99,137,0,val
001082.jpg,219,7,179,248,0,val
001083.jpg,119,108,231,320,0,val
001084.jpg,168,85,161,223,0,val
001085.jpg,139,52,130,180,0,val
001086.jpg,1054,540,819,1134,0,val
001087.jpg,20,72,169,234,0,val
001088.jpg,201,89,49,68,0,val
001089.jpg,48,69,127,171,0,val
001090.jpg,218,42,86,119,0,val
001091.jpg,25,106,187,259,0,val
001092.jpg,367,64,320,443,0,val
001093.jpg,101,50,107,148,0,val
001094.jpg,64,51,247,342,0,val
001095.jpg,113,91,177,245,0,val
001096.jpg,53,108,198,274,0,val
001097.jpg,510,75,276,382,0,val
001098.jpg,24,228,309,428,0,val
001099.jpg,23,60,192,266,0,val
001100.jpg,3,55,224,310,0,val
001101.jpg,20,17,271,380,0,val
001102.jpg,144,90,146,202,0,val
001103.jpg,141,95,94,130,0,val
001104.jpg,198,53,172,238,0,val
001105.jpg,22,43,283,361,0,val
001106.jpg,101,60,156,216,0,val
001107.jpg,98,43,83,115,0,val
001108.jpg,112,80,200,277,0,val
001109.jpg,74,45,218,302,0,val
001110.jpg,27,39,117,162,0,val
001111.jpg,76,41,143,198,0,val
001112.jpg,50,47,73,101,0,val
001113.jpg,59,42,161,223,0,val
001114.jpg,54,234,159,220,0,val
001115.jpg,33,1,140,194,0,val
001116.jpg,361,87,294,407,0,val
001117.jpg,156,25,146,202,0,val
001118.jpg,119,94,289,377,0,val
001119.jpg,77,42,83,115,0,val
001120.jpg,1,21,125,173,0,val
001121.jpg,120,42,70,97,0,val
001122.jpg,28,40,112,155,0,val
001123.jpg,127,84,140,194,0,val
001124.jpg,227,57,198,274,0,val
001125.jpg,117,1,429,502,0,val
001126.jpg,15,57,278,334,0,val
001127.jpg,30,16,60,83,0,val
001128.jpg,118,106,153,212,0,val
001129.jpg,75,41,88,122,0,val
001130.jpg,244,81,216,299,0,val
001131.jpg,95,144,333,461,0,val
001132.jpg,68,64,143,198,0,val
001133.jpg,124,143,382,529,0,val
001134.jpg,94,243,369,511,0,val
001135.jpg,117,98,133,184,0,val
001136.jpg,94,42,133,184,0,val
001137.jpg,120,15,91,126,0,val
001138.jpg,109,121,278,385,0,val
001139.jpg,36,37,125,173,0,val
001140.jpg,123,49,177,266,0,val
001141.jpg,410,23,367,508,0,val
001142.jpg,109,103,187,259,0,val
001143.jpg,53,83,252,349,0,val
001144.jpg,300,188,534,857,0,val
001145.jpg,87,71,179,248,0,val
001146.jpg,157,46,143,198,0,val
001147.jpg,142,115,185,256,0,val
001148.jpg,744,575,1118,1342,0,val
001149.jpg,64,35,135,187,0,val
001150.jpg,59,55,117,162,0,val
001151.jpg,177,203,211,292,0,val
001152.jpg,88,86,187,259,0,val
001153.jpg,209,37,65,90,0,val
001154.jpg,62,104,226,313,0,val
001155.jpg,49,199,408,565,0,val
001156.jpg,42,45,159,220,0,val
001157.jpg,109,51,109,151,0,val
001158.jpg,27,56,86,119,0,val
001159.jpg,49,30,172,238,0,val
001160.jpg,67,48,200,277,0,val
001161.jpg,33,53,151,209,0,val
001162.jpg,150,60,130,180,0,val
001163.jpg,178,181,164,227,0,val
001164.jpg,56,42,114,158,0,val
001165.jpg,52,134,294,363,0,val
001166.jpg,80,40,203,281,0,val
001167.jpg,85,48,195,270,0,val
001168.jpg,119,76,166,230,0,val
001169.jpg,21,15,83,115,0,val
001170.jpg,89,79,135,187,0,val
001171.jpg,84,16,73,101,0,val
001172.jpg,46,45,47,65,0,val
001173.jpg,125,29,94,130,0,val
001174.jpg,195,145,216,299,0,val
001175.jpg,167,71,190,263,0,val
001176.jpg,564,274,296,410,0,val
001177.jpg,38,33,237,328,0,val
001178.jpg,103,71,177,245,0,val
001179.jpg,81,83,135,187,0,val
001180.jpg,1,103,244,338,0,val
001181.jpg,463,81,252,349,0,val
001182.jpg,149,79,281,389,0,val
001183.jpg,150,101,60,83,0,val
001184.jpg,192,193,99,137,0,val
001185.jpg,34,120,265,367,0,val
001186.jpg,119,76,172,238,0,val
001187.jpg,34,9,109,151,0,val
001188.jpg,157,204,320,393,0,val
001189.jpg,139,132,304,421,0,val
001190.jpg,14,1,75,104,0,val
001191.jpg,106,61,101,140,0,val
001192.jpg,1,38,81,112,0,val
001193.jpg,74,75,185,256,0,val
001194.jpg,107,87,174,241,0,val
001195.jpg,199,309,676,936,0,val
001196.jpg,82,88,146,202,0,val
001197.jpg,106,32,221,306,0,val
001198.jpg,62,45,99,137,0,val
001199.jpg,30,44,99,137,0,val
001200.jpg,186,88,169,234,0,val
001201.jpg,108,104,244,338,0,val
001202.jpg,124,129,153,212,0,val
001203.jpg,117,69,143,198,0,val
001204.jpg,264,42,211,292,0,val
001205.jpg,123,158,257,356,0,val
001206.jpg,362,153,286,396,0,val
001207.jpg,67,17,148,205,0,val
001208.jpg,97,35,187,259,0,val
001209.jpg,129,39,229,317,0,val
001210.jpg,355,477,1477,2045,0,val
001211.jpg,62,88,190,263,0,val
001212.jpg,95,112,127,176,0,val
001213.jpg,246,63,169,234,0,val
001214.jpg,99,147,213,295,0,val
001215.jpg,23,70,172,238,0,val
001216.jpg,16,52,159,220,0,val
001217.jpg,218,29,130,180,0,val
001218.jpg,103,22,73,101,0,val
001219.jpg,221,112,143,198,0,val
001220.jpg,74,71,213,295,0,val
001221.jpg,43,36,83,115,0,val
001222.jpg,40,44,65,90,0,val
001223.jpg,145,97,135,187,0,val
001224.jpg,459,244,117,162,0,val
001225.jpg,180,42,156,216,0,val
001226.jpg,29,49,164,227,0,val
001227.jpg,141,1,200,277,0,val
001228.jpg,127,62,143,198,0,val
001229.jpg,109,116,159,220,0,val
001230.jpg,82,81,182,252,0,val
001231.jpg,125,28,104,144,0,val
001232.jpg,112,66,125,173,0,val
001233.jpg,38,44,130,180,0,val
001234.jpg,117,120,273,378,0,val
001235.jpg,111,118,169,234,0,val
001236.jpg,109,115,234,324,0,val
001237.jpg,102,92,161,223,0,val
001238.jpg,116,51,109,151,0,val
001239.jpg,59,75,187,259,0,val
001240.jpg,204,84,81,112,0,val
001241.jpg,56,114,257,356,0,val
001242.jpg,567,300,702,972,0,val
001243.jpg,139,90,133,184,0,val
001244.jpg,88,38,143,198,0,val
001245.jpg,149,77,161,223,0,val
001246.jpg,44,63,112,155,0,val
001247.jpg,63,106,244,338,0,val
001248.jpg,209,78,192,266,0,val
001249.jpg,72,76,187,259,0,val
001250.jpg,116,55,179,248,0,val
001251.jpg,481,138,252,349,0,val
001252.jpg,25,84,185,241,0,val
001253.jpg,86,103,172,238,0,val
001254.jpg,193,45,68,94,0,val
001255.jpg,47,72,140,194,0,val
001256.jpg,143,106,237,328,0,val
001257.jpg,91,64,130,180,0,val
001258.jpg,111,91,146,202,0,val
001259.jpg,71,34,57,79,0,val
001260.jpg,73,110,231,320,0,val
001261.jpg,101,27,107,148,0,val
001262.jpg,515,1,330,457,0,val
001263.jpg,89,27,81,112,0,val
001264.jpg,60,28,91,126,0,val
001265.jpg,158,76,125,173,0,val
001266.jpg,83,24,57,79,0,val
001267.jpg,58,304,845,1161,0,val
001268.jpg,178,22,112,155,0,val
001269.jpg,290,19,247,342,0,val
001270.jpg,266,136,239,330,0,val
001271.jpg,92,38,101,140,0,val
001272.jpg,77,80,78,108,0,val
001273.jpg,271,59,156,216,0,val
001274.jpg,122,53,185,256,0,val
001275.jpg,389,56,166,230,0,val
001276.jpg,106,1,146,202,0,val
001277.jpg,50,70,133,184,0,val
001278.jpg,96,100,151,209,0,val
001279.jpg,106,50,221,306,0,val
001280.jpg,125,159,88,122,0,val
001281.jpg,33,43,247,333,0,val
001282.jpg,21,45,120,166,0,val
001283.jpg,152,17,83,115,0,val
001284.jpg,512,514,907,1256,0,val
001285.jpg,187,37,221,306,0,val
001286.jpg,81,45,83,115,0,val
001287.jpg,196,30,125,173,0,val
001288.jpg,59,38,133,184,0,val
001289.jpg,93,79,198,274,0,val
001290.jpg,265,37,151,209,0,val
001291.jpg,60,117,265,367,0,val
001292.jpg,227,34,114,158,0,val
001293.jpg,166,75,86,119,0,val
001294.jpg,430,101,218,302,0,val
001295.jpg,109,34,109,151,0,val
001296.jpg,69,110,146,202,0,val
001297.jpg,108,51,114,158,0,val
001298.jpg,260,214,309,428,0,val
001299.jpg,337,173,450,623,0,val
001300.jpg,120,118,218,302,0,val
001301.jpg,109,85,148,205,0,val
001302.jpg,74,37,86,119,0,val
001303.jpg,171,102,146,202,0,val
001304.jpg,88,28,83,115,0,val
001305.jpg,124,139,177,245,0,val
001306.jpg,56,4,99,137,0,val
001307.jpg,7,68,146,202,0,val
001308.jpg,167,44,187,259,0,val
001309.jpg,70,26,96,133,0,val
001310.jpg,51,31,117,162,0,val
001311.jpg,120,107,174,241,0,val
001312.jpg,101,154,229,317,0,val
001313.jpg,16,69,198,274,0,val
001314.jpg,68,73,140,194,0,val
001315.jpg,81,96,156,216,0,val
001316.jpg,447,415,723,1001,0,val
001317.jpg,245,73,286,396,0,val
001318.jpg,89,83,234,324,0,val
001319.jpg,186,66,213,295,0,val
001320.jpg,17,24,195,270,0,val
001321.jpg,84,99,148,205,0,val
001322.jpg,9,10,89,123,0,val
001323.jpg,74,33,112,155,0,val
001324.jpg,31,8,216,299,0,val
001325.jpg,122,62,174,241,0,val
001326.jpg,370,73,156,216,0,val
001327.jpg,86,104,198,274,0,val
001328.jpg,84,29,86,119,0,val
001329.jpg,24,127,146,202,0,val
001330.jpg,436,154,572,792,0,val
001331.jpg,88,83,138,191,0,val
001332.jpg,557,159,380,526,0,val
001333.jpg,260,83,252,349,0,val
001334.jpg,71,88,122,169,0,val
001335.jpg,49,34,91,126,0,val
001336.jpg,73,355,593,821,0,val
001337.jpg,64,99,294,398,0,val
001338.jpg,168,77,200,277,0,val
001339.jpg,86,93,213,295,0,val
001340.jpg,6,57,109,151,0,val
001341.jpg,123,25,107,148,0,val
001342.jpg,35,87,341,472,0,val
001343.jpg,47,88,257,356,0,val
001344.jpg,20,34,239,331,0,val
001345.jpg,49,110,192,266,0,val
001346.jpg,528,206,270,374,0,val
001347.jpg,80,136,174,241,0,val
001348.jpg,170,79,169,234,0,val
001349.jpg,272,1,1518,2102,0,val
001350.jpg,64,130,380,526,0,val
001351.jpg,113,59,153,212,0,val
001352.jpg,76,125,221,306,0,val
001353.jpg,249,78,172,238,0,val
001354.jpg,342,88,276,382,0,val
001355.jpg,95,43,192,266,0,val
001356.jpg,15,67,333,430,0,val
001357.jpg,26,29,107,148,0,val
001358.jpg,107,71,146,202,0,val
001359.jpg,154,47,120,166,0,val
001360.jpg,102,77,174,241,0,val
001361.jpg,77,86,138,191,0,val
001362.jpg,153,48,138,191,0,val
001363.jpg,94,27,151,209,0,val
001364.jpg,160,42,120,166,0,val
001365.jpg,306,107,320,443,0,val
001366.jpg,52,32,148,205,0,val
001367.jpg,51,125,268,371,0,val
001368.jpg,101,49,112,155,0,val
001369.jpg,228,84,125,173,0,val
001370.jpg,74,59,190,263,0,val
001371.jpg,25,31,190,263,0,val
001372.jpg,198,41,120,166,0,val
001373.jpg,98,84,138,191,0,val
001374.jpg,108,70,130,180,0,val
001375.jpg,102,69,151,209,0,val
001376.jpg,191,59,117,162,0,val
001377.jpg,42,50,203,281,0,val
001378.jpg,260,59,192,266,0,val
001379.jpg,199,1,660,764,0,val
001380.jpg,529,92,231,320,0,val
001381.jpg,70,59,226,313,0,val
001382.jpg,544,194,528,731,0,val
001383.jpg,90,50,252,349,0,val
001384.jpg,286,56,114,158,0,val
001385.jpg,1,143,346,479,0,val
001386.jpg,81,54,104,144,0,val
001387.jpg,434,551,660,914,0,val
001388.jpg,157,160,263,364,0,val
001389.jpg,193,54,94,130,0,val
001390.jpg,24,25,62,86,0,val
001391.jpg,45,55,159,220,0,val
001392.jpg,127,67,78,108,0,val
001393.jpg,62,14,91,126,0,val
001394.jpg,392,285,382,529,0,val
001395.jpg,762,399,585,810,0,val
001396.jpg,101,84,187,259,0,val
001397.jpg,164,73,159,220,0,val
001398.jpg,103,39,138,191,0,val
001399.jpg,90,91,151,209,0,val
001400.jpg,87,19,153,212,0,val
001401.jpg,239,55,117,162,0,val
001402.jpg,101,87,221,306,0,val
001403.jpg,324,68,133,184,0,val
001404.jpg,452,103,133,184,0,val
001405.jpg,193,80,140,194,0,val
001406.jpg,463,149,234,324,0,val
001407.jpg,132,63,179,248,0,val
001408.jpg,189,50,156,216,0,val
001409.jpg,268,295,369,511,0,val
001410.jpg,28,213,413,572,0,val
001411.jpg,203,144,320,443,0,val
001412.jpg,48,118,177,245,0,val
001413.jpg,220,83,216,299,0,val
001414.jpg,63,94,190,263,0,val
001415.jpg,201,55,172,238,0,val
001416.jpg,106,109,179,248,0,val
001417.jpg,131,76,182,252,0,val
001418.jpg,109,16,330,371,0,val
001419.jpg,160,83,156,216,0,val
001420.jpg,215,158,320,443,0,val
001421.jpg,108,16,75,104,0,val
001422.jpg,101,100,208,288,0,val
001423.jpg,51,63,133,184,0,val
001424.jpg,71,28,135,187,0,val
001425.jpg,118,88,156,216,0,val
001426.jpg,187,44,62,86,0,val
001427.jpg,91,91,179,248,0,val
001428.jpg,598,34,338,468,0,val
001429.jpg,62,132,190,263,0,val
001430.jpg,299,72,78,108,0,val
001431.jpg,100,48,406,562,0,val
001432.jpg,99,64,96,133,0,val
001433.jpg,128,26,101,140,0,val
001434.jpg,295,152,325,450,0,val
001435.jpg,94,85,294,407,0,val
001436.jpg,61,80,213,295,0,val
001437.jpg,109,53,231,320,0,val
001438.jpg,151,43,200,277,0,val
001439.jpg,42,38,87,122,0,val
001440.jpg,149,39,127,176,0,val
001441.jpg,1,53,198,274,0,val
001442.jpg,346,209,499,691,0,val
001443.jpg,146,61,218,302,0,val
001444.jpg,89,64,179,248,0,val
001445.jpg,79,121,177,245,0,val
001446.jpg,61,68,265,329,0,val
001447.jpg,132,25,213,295,0,val
001448.jpg,45,111,291,386,0,val
001449.jpg,484,202,281,389,0,val
001450.jpg,66,47,153,212,0,val
001451.jpg,92,96,302,418,0,val
001452.jpg,62,40,143,198,0,val
001453.jpg,100,118,159,220,0,val
001454.jpg,102,75,156,216,0,val
001455.jpg,111,107,133,184,0,val
001456.jpg,80,91,286,396,0,val
001457.jpg,97,192,434,601,0,val
001458.jpg,247,63,94,130,0,val
001459.jpg,507,100,224,310,0,val
001460.jpg,120,72,130,180,0,val
001461.jpg,19,43,88,122,0,val
001462.jpg,106,94,135,187,0,val
001463.jpg,38,86,265,322,0,val
001464.jpg,137,66,99,137,0,val
001465.jpg,106,51,55,76,0,val
001466.jpg,163,154,122,169,0,val
001467.jpg,34,96,221,306,0,val
001468.jpg,16,15,148,205,0,val
001469.jpg,54,24,96,133,0,val
001470.jpg,75,34,96,133,0,val
001471.jpg,116,28,109,151,0,val
001472.jpg,173,117,250,346,0,val
001473.jpg,173,14,112,155,0,val
001474.jpg,37,43,99,137,0,val
001475.jpg,193,54,237,328,0,val
001476.jpg,63,63,127,176,0,val
001477.jpg,44,113,213,295,0,val
001478.jpg,1007,453,452,626,0,val
001479.jpg,50,64,148,205,0,val
001480.jpg,37,78,83,115,0,val
001481.jpg,46,92,190,263,0,val
001482.jpg,142,191,81,112,0,val
001483.jpg,24,50,125,173,0,val
001484.jpg,143,53,247,342,0,val
001485.jpg,117,88,172,238,0,val
001486.jpg,780,76,333,461,0,val
001487.jpg,160,134,520,720,0,val
001488.jpg,354,44,263,364,0,val
001489.jpg,93,74,140,194,0,val
001490.jpg,126,68,169,234,0,val
001491.jpg,86,151,221,306,0,val
001492.jpg,180,122,130,180,0,val
001493.jpg,232,102,156,216,0,val
001494.jpg,340,144,242,335,0,val
001495.jpg,220,77,263,364,0,val
001496.jpg,47,56,174,241,0,val
001497.jpg,147,25,169,234,0,val
001498.jpg,30,43,86,119,0,val
001499.jpg,120,61,86,119,0,val
001500.jpg,475,147,203,281,0,val
001501.jpg,63,53,198,274,0,val
001502.jpg,566,125,348,482,0,val
001503.jpg,310,160,338,468,0,val
001504.jpg,69,47,130,180,0,val
001505.jpg,175,68,112,155,0,val
001506.jpg,262,54,114,158,0,val
001507.jpg,331,115,205,284,0,val
001508.jpg,70,63,172,238,0,val
001509.jpg,116,57,99,137,0,val
001510.jpg,180,89,151,209,0,val
001511.jpg,89,84,172,238,0,val
001512.jpg,176,44,109,151,0,val
001513.jpg,60,66,244,338,0,val
001514.jpg,79,58,91,126,0,val
001515.jpg,13,23,120,166,0,val
001516.jpg,221,102,161,223,0,val
001517.jpg,276,43,138,191,0,val
001518.jpg,85,103,174,241,0,val
001519.jpg,46,84,182,252,0,val
001520.jpg,93,29,47,65,0,val
001521.jpg,86,107,130,180,0,val
001522.jpg,366,260,138,191,0,val
001523.jpg,60,79,109,151,0,val
001524.jpg,113,98,221,306,0,val
001525.jpg,160,76,169,234,0,val
001526.jpg,152,68,224,310,0,val
001527.jpg,293,103,208,288,0,val
001528.jpg,163,43,49,68,0,val
001529.jpg,174,61,120,166,0,val
001530.jpg,61,73,198,274,0,val
001531.jpg,30,28,107,148,0,val
001532.jpg,110,60,122,169,0,val
001533.jpg,215,49,153,212,0,val
001534.jpg,3,39,117,146,0,val
001535.jpg,61,48,112,155,0,val
001536.jpg,113,53,164,227,0,val
001537.jpg,95,43,117,162,0,val
001538.jpg,62,90,224,310,0,val
001539.jpg,5,45,122,169,0,val
001540.jpg,57,45,130,180,0,val
001541.jpg,94,21,164,227,0,val
001542.jpg,506,334,900,1246,0,val
001543.jpg,178,78,307,425,0,val
001544.jpg,62,27,62,86,0,val
001545.jpg,92,157,515,713,0,val
001546.jpg,59,51,211,292,0,val
001547.jpg,69,38,179,248,0,val
001548.jpg,1,43,81,112,0,val
001549.jpg,75,51,234,324,0,val
001550.jpg,72,146,239,331,0,val
001551.jpg,259,178,374,518,0,val
001552.jpg,102,91,169,234,0,val
001553.jpg,258,129,174,241,0,val
001554.jpg,144,70,133,184,0,val
001555.jpg,64,64,125,173,0,val
001556.jpg,75,62,211,292,0,val
001557.jpg,58,24,125,173,0,val
001558.jpg,536,138,315,436,0,val
001559.jpg,87,51,83,115,0,val
001560.jpg,529,189,354,490,0,val
001561.jpg,48,85,101,140,0,val
001562.jpg,54,48,112,155,0,val
001563.jpg,80,88,211,292,0,val
001564.jpg,177,34,99,137,0,val
001565.jpg,141,55,107,148,0,val
001566.jpg,40,81,57,79,0,val
001567.jpg,112,19,143,198,0,val
001568.jpg,417,430,783,1084,0,val
001569.jpg,243,53,224,310,0,val
001570.jpg,141,83,159,220,0,val
001571.jpg,85,43,91,126,0,val
001572.jpg,114,52,156,216,0,val
001573.jpg,25,28,62,86,0,val
001574.jpg,191,135,341,472,0,val
001575.jpg,110,47,138,191,0,val
001576.jpg,210,94,156,216,0,val
001577.jpg,48,62,229,317,0,val
001578.jpg,128,89,112,155,0,val
001579.jpg,123,62,198,274,0,val
001580.jpg,136,76,161,223,0,val
001581.jpg,33,77,190,263,0,val
001582.jpg,47,67,273,378,0,val
001583.jpg,87,49,91,126,0,val
001584.jpg,267,58,333,461,0,val
001585.jpg,120,40,283,392,0,val
001586.jpg,11,21,109,151,0,val
001587.jpg,75,57,229,317,0,val
001588.jpg,33,120,177,245,0,val
001589.jpg,80,60,125,173,0,val
001590.jpg,292,1,666,922,0,val
001591.jpg,1,59,172,238,0,val
001592.jpg,205,67,234,324,0,val
001593.jpg,381,359,413,572,0,val
001594.jpg,230,71,164,227,0,val
001595.jpg,483,131,146,202,0,val
001596.jpg,11,39,192,266,0,val
001597.jpg,157,77,291,403,0,val
001598.jpg,141,73,182,252,0,val
001599.jpg,74,47,172,238,0,val
001600.jpg,193,119,218,302,0,val
001601.jpg,51,38,107,148,0,val
001602.jpg,175,99,265,367,0,val
001603.jpg,173,52,117,162,0,val
001604.jpg,147,140,330,457,0,val
001605.jpg,59,59,250,346,0,val
001606.jpg,125,36,107,148,0,val
001607.jpg,67,85,140,194,0,val
001608.jpg,62,58,317,439,0,val
001609.jpg,609,156,263,364,0,val
001610.jpg,113,80,255,353,0,val
001611.jpg,290,52,205,284,0,val
001612.jpg,165,69,231,320,0,val
001613.jpg,211,55,127,176,0,val
001614.jpg,96,32,104,144,0,val
001615.jpg,59,41,127,176,0,val
001616.jpg,65,59,205,284,0,val
001617.jpg,68,94,153,212,0,val
001618.jpg,119,5,226,253,0,val
001619.jpg,115,79,205,284,0,val
001620.jpg,131,59,266,392,0,val
001621.jpg,105,90,140,194,0,val
001622.jpg,194,21,91,126,0,val
001623.jpg,116,77,322,446,0,val
001624.jpg,157,169,166,230,0,val
001625.jpg,108,85,125,173,0,val
001626.jpg,76,96,109,151,0,val
001627.jpg,47,91,185,256,0,val
001628.jpg,114,48,94,130,0,val
001629.jpg,74,42,151,209,0,val
001630.jpg,137,25,229,314,0,val
001631.jpg,455,238,445,616,0,val
001632.jpg,246,41,101,140,0,val
001633.jpg,59,26,62,86,0,val
001634.jpg,77,100,179,248,0,val
001635.jpg,68,63,151,209,0,val
001636.jpg,103,93,138,191,0,val
001637.jpg,494,95,380,526,0,val
001638.jpg,128,33,99,137,0,val
001639.jpg,65,87,127,176,0,val
001640.jpg,114,95,226,313,0,val
001641.jpg,262,93,117,162,0,val
001642.jpg,303,189,122,169,0,val
001643.jpg,353,725,21,29,0,val
001644.jpg,153,262,250,346,0,val
001645.jpg,82,112,239,331,0,val
001646.jpg,110,52,120,166,0,val
001647.jpg,49,68,185,256,0,val
001648.jpg,74,63,169,234,0,val
001649.jpg,93,59,81,112,0,val
001650.jpg,230,200,198,274,0,val
001651.jpg,55,33,122,169,0,val
001652.jpg,184,40,130,180,0,val
001653.jpg,65,103,133,184,0,val
001654.jpg,123,46,88,122,0,val
001655.jpg,63,63,192,266,0,val
001656.jpg,23,21,75,104,0,val
001657.jpg,4,30,427,571,0,val
001658.jpg,371,633,1030,1426,0,val
001659.jpg,70,110,211,276,0,val
001660.jpg,64,103,205,284,0,val
001661.jpg,245,7,140,194,0,val
001662.jpg,104,38,91,126,0,val
001663.jpg,211,315,627,868,0,val
001664.jpg,676,228,567,785,0,val
001665.jpg,165,59,138,191,0,val
001666.jpg,93,98,161,223,0,val
001667.jpg,163,53,151,209,0,val
001668.jpg,374,291,512,709,0,val
001669.jpg,209,53,107,148,0,val
001670.jpg,274,19,96,133,0,val
001671.jpg,112,47,224,310,0,val
001672.jpg,140,89,140,194,0,val
001673.jpg,355,206,569,788,0,val
001674.jpg,94,101,140,194,0,val
001675.jpg,109,83,143,198,0,val
001676.jpg,131,34,148,205,0,val
001677.jpg,70,40,320,443,0,val
001678.jpg,3,21,120,166,0,val
001679.jpg,139,39,130,180,0,val
001680.jpg,119,120,192,266,0,val
001681.jpg,202,196,351,486,0,val
001682.jpg,246,44,143,198,0,val
001683.jpg,73,105,164,227,0,val
001684.jpg,94,74,177,245,0,val
001685.jpg,286,24,187,259,0,val
001686.jpg,38,36,99,137,0,val
001687.jpg,111,100,211,274,0,val
001688.jpg,111,24,206,328,0,val
001689.jpg,119,33,117,169,0,val
001690.jpg,6,33,143,198,0,val
001691.jpg,177,43,99,137,0,val
001692.jpg,126,10,104,144,0,val
001693.jpg,106,104,296,410,0,val
001694.jpg,48,74,159,220,0,val
001695.jpg,88,105,159,220,0,val
001696.jpg,196,60,161,223,0,val
001697.jpg,117,106,195,270,0,val
001698.jpg,24,92,229,317,0,val
001699.jpg,211,109,146,202,0,val
001700.jpg,42,53,55,76,0,val
001701.jpg,71,90,203,281,0,val
001702.jpg,152,47,91,126,0,val
001703.jpg,48,22,304,377,0,val
001704.jpg,220,38,127,176,0,val
001705.jpg,317,54,169,234,0,val
001706.jpg,206,45,122,169,0,val
001707.jpg,241,138,192,266,0,val
001708.jpg,101,68,107,148,0,val
001709.jpg,154,97,177,245,0,val
001710.jpg,34,65,229,317,0,val
001711.jpg,91,67,133,194,0,val
001712.jpg,620,100,325,450,0,val
001713.jpg,80,21,86,119,0,val
001714.jpg,880,234,489,677,0,val
001715.jpg,50,95,177,245,0,val
001716.jpg,53,44,255,353,0,val
001717.jpg,77,48,135,187,0,val
001718.jpg,140,48,179,248,0,val
001719.jpg,136,38,114,158,0,val
001720.jpg,148,49,278,368,0,val
001721.jpg,48,49,213,280,0,val
001722.jpg,95,78,182,252,0,val
001723.jpg,193,79,133,184,0,val
001724.jpg,66,124,187,259,0,val
001725.jpg,337,160,159,220,0,val
001726.jpg,30,76,190,263,0,val
001727.jpg,43,57,86,119,0,val
001728.jpg,141,7,166,230,0,val
001729.jpg,49,39,101,140,0,val
001730.jpg,111,148,185,256,0,val
001731.jpg,160,22,70,97,0,val
001732.jpg,61,69,213,295,0,val
001733.jpg,125,85,127,176,0,val
001734.jpg,680,490,240,260,0,val
001735.jpg,163,65,185,256,0,val
001736.jpg,234,76,169,234,0,val
001737.jpg,276,48,109,151,0,val
001738.jpg,185,171,335,464,0,val
001739.jpg,167,69,117,162,0,val
001740.jpg,261,25,187,259,0,val
001741.jpg,74,2,205,284,0,val
001742.jpg,78,75,169,234,0,val
001743.jpg,895,685,728,1008,0,val
001744.jpg,446,37,291,403,0,val
001745.jpg,55,17,47,65,0,val
001746.jpg,195,51,179,248,0,val
001747.jpg,146,46,125,173,0,val
001748.jpg,399,370,468,648,0,val
001749.jpg,146,65,88,122,0,val
001750.jpg,106,118,213,295,0,val
001751.jpg,75,28,49,68,0,val
001752.jpg,663,107,351,486,0,val
001753.jpg,67,25,109,151,0,val
001754.jpg,112,53,224,310,0,val
001755.jpg,179,29,211,292,0,val
001756.jpg,54,39,234,309,0,val
001757.jpg,146,66,153,207,0,val
001758.jpg,53,81,229,317,0,val
001759.jpg,91,42,86,119,0,val
001760.jpg,169,151,234,324,0,val
001761.jpg,28,88,143,198,0,val
001762.jpg,172,55,143,198,0,val
001763.jpg,378,57,164,227,0,val
001764.jpg,225,51,94,130,0,val
001765.jpg,258,38,62,86,0,val
001766.jpg,124,27,91,126,0,val
001767.jpg,714,738,603,835,0,val
001768.jpg,118,83,190,263,0,val
001769.jpg,114,55,151,209,0,val
001770.jpg,8,110,312,432,0,val
001771.jpg,106,64,125,173,0,val
001772.jpg,136,65,148,205,0,val
001773.jpg,21,52,112,155,0,val
001774.jpg,168,22,120,166,0,val
001775.jpg,70,51,208,288,0,val
001776.jpg,54,64,177,245,0,val
001777.jpg,222,150,187,259,0,val
001778.jpg,470,165,302,418,0,val
001779.jpg,702,262,252,349,0,val
001780.jpg,114,127,198,274,0,val
001781.jpg,85,114,177,245,0,val
001782.jpg,126,90,156,207,0,val
001783.jpg,73,110,195,270,0,val
001784.jpg,87,151,143,198,0,val
001785.jpg,192,70,242,335,0,val
001786.jpg,29,69,112,155,0,val
001787.jpg,75,29,112,155,0,val
001788.jpg,60,13,274,414,0,val
001789.jpg,113,86,88,122,0,val
001790.jpg,98,113,198,274,0,val
001791.jpg,81,35,86,119,0,val
001792.jpg,17,56,416,576,0,val
001793.jpg,245,72,101,140,0,val
001794.jpg,224,51,96,133,0,val
001795.jpg,100,72,192,266,0,val
001796.jpg,204,101,107,148,0,val
001797.jpg,72,57,195,270,0,val
001798.jpg,261,41,166,230,0,val
001799.jpg,56,32,55,76,0,val
001800.jpg,73,71,153,212,0,val
001801.jpg,46,40,133,184,0,val
001802.jpg,6,110,231,320,0,val
001803.jpg,140,45,117,162,0,val
001804.jpg,168,158,315,436,0,val
001805.jpg,33,1,60,83,0,val
001806.jpg,186,41,101,140,0,val
001807.jpg,86,37,73,101,0,val
001808.jpg,197,95,117,162,0,val
001809.jpg,58,47,70,97,0,val
001810.jpg,97,67,229,317,0,val
001811.jpg,339,111,356,493,0,val
001812.jpg,178,73,171,259,0,val
001813.jpg,31,51,216,299,0,val
001814.jpg,68,24,72,104,0,val
001815.jpg,119,61,99,137,0,val
001816.jpg,191,25,86,119,0,val
001817.jpg,157,89,122,169,0,val
001818.jpg,184,313,452,626,0,val
001819.jpg,86,72,151,209,0,val
001820.jpg,90,70,107,148,0,val
001821.jpg,192,15,268,371,0,val
001822.jpg,166,81,224,310,0,val
001823.jpg,1,33,179,248,0,val
001824.jpg,28,41,73,101,0,val
001825.jpg,61,84,143,198,0,val
001826.jpg,80,72,159,220,0,val
001827.jpg,134,90,94,130,0,val
001828.jpg,137,80,146,202,0,val
001829.jpg,180,57,224,310,0,val
001830.jpg,116,144,299,414,0,val
001831.jpg,39,54,242,335,0,val
001832.jpg,304,33,268,371,0,val
001833.jpg,46,38,153,212,0,val
001834.jpg,165,188,255,353,0,val
001835.jpg,31,49,273,329,0,val
001836.jpg,96,82,117,162,0,val
001837.jpg,62,14,159,220,0,val
001838.jpg,73,57,169,234,0,val
001839.jpg,227,550,967,1339,0,val
001840.jpg,64,107,88,122,0,val
001841.jpg,138,32,81,112,0,val
001842.jpg,209,96,177,245,0,val
001843.jpg,99,60,218,302,0,val
001844.jpg,113,247,640,886,0,val
001845.jpg,201,49,86,119,0,val
001846.jpg,148,62,117,162,0,val
001847.jpg,73,88,208,288,0,val
001848.jpg,56,208,367,508,0,val
001849.jpg,1118,85,346,479,0,val
001850.jpg,163,127,252,349,0,val
001851.jpg,510,113,156,216,0,val
001852.jpg,14,39,122,158,0,val
001853.jpg,124,96,200,277,0,val
001854.jpg,37,109,195,270,0,val
001855.jpg,182,44,94,130,0,val
001856.jpg,257,204,372,515,0,val
001857.jpg,36,39,101,140,0,val
001858.jpg,37,61,177,245,0,val
001859.jpg,158,121,140,194,0,val
001860.jpg,113,80,148,205,0,val
001861.jpg,153,61,96,133,0,val
001862.jpg,140,22,94,130,0,val
001863.jpg,177,39,120,166,0,val
001864.jpg,121,42,179,248,0,val
001865.jpg,405,162,510,706,0,val
001866.jpg,294,144,185,256,0,val
001867.jpg,71,99,187,259,0,val
001868.jpg,47,9,151,209,0,val
001869.jpg,81,122,143,198,0,val
001870.jpg,146,59,120,166,0,val
001871.jpg,238,83,138,191,0,val
001872.jpg,95,82,125,173,0,val
001873.jpg,6,26,164,227,0,val
001874.jpg,103,98,151,209,0,val
001875.jpg,340,76,130,180,0,val
001876.jpg,110,34,112,155,0,val
001877.jpg,119,41,143,198,0,val
001878.jpg,63,26,76,126,0,val
001879.jpg,18,21,44,61,0,val
001880.jpg,87,137,99,137,0,val
001881.jpg,303,232,429,594,0,val
001882.jpg,38,32,88,122,0,val
001883.jpg,76,78,224,310,0,val
001884.jpg,84,15,73,101,0,val
001885.jpg,71,72,120,166,0,val
001886.jpg,78,68,140,194,0,val
001887.jpg,124,74,200,277,0,val
001888.jpg,98,37,200,277,0,val
001889.jpg,17,38,75,104,0,val
001890.jpg,427,39,68,94,0,val
001891.jpg,216,1,889,1231,0,val
001892.jpg,207,75,60,83,0,val
001893.jpg,71,57,96,133,0,val
001894.jpg,184,106,120,166,0,val
001895.jpg,155,125,99,137,0,val
001896.jpg,61,70,99,137,0,val
001897.jpg,75,97,185,256,0,val
001898.jpg,49,64,122,169,0,val
001899.jpg,220,66,143,198,0,val
001900.jpg,269,52,224,310,0,val
001901.jpg,144,66,81,112,0,val
001902.jpg,63,62,187,259,0,val
001903.jpg,114,68,177,245,0,val
001904.jpg,132,105,164,227,0,val
001905.jpg,1,108,455,603,0,val
001906.jpg,244,181,385,533,0,val
001907.jpg,47,101,190,263,0,val
001908.jpg,152,100,117,162,0,val
001909.jpg,139,85,153,212,0,val
001910.jpg,137,63,107,148,0,val
001911.jpg,103,34,205,284,0,val
001912.jpg,26,18,60,83,0,val
001913.jpg,93,58,169,230,0,val
001914.jpg,73,78,146,202,0,val
001915.jpg,348,331,551,763,0,val
001916.jpg,202,18,133,184,0,val
001917.jpg,190,14,133,184,0,val
001918.jpg,78,35,96,133,0,val
001919.jpg,53,49,126,187,0,val
001920.jpg,168,52,125,173,0,val
001921.jpg,24,45,73,101,0,val
001922.jpg,156,14,127,176,0,val
001923.jpg,462,51,151,209,0,val
001924.jpg,223,35,182,252,0,val
001925.jpg,53,48,166,223,0,val
001926.jpg,40,42,109,151,0,val
001927.jpg,848,542,530,734,0,val
001928.jpg,167,46,120,166,0,val
001929.jpg,118,61,172,238,0,val
001930.jpg,32,31,62,86,0,val
001931.jpg,306,161,247,342,0,val
001932.jpg,1,71,112,155,0,val
001933.jpg,131,69,148,205,0,val
001934.jpg,100,42,104,144,0,val
001935.jpg,26,42,127,176,0,val
001936.jpg,57,18,65,90,0,val
001937.jpg,358,162,203,281,0,val
001938.jpg,207,31,81,112,0,val
001939.jpg,75,98,177,245,0,val
001940.jpg,141,29,107,148,0,val
001941.jpg,401,110,182,252,0,val
001942.jpg,91,75,143,198,0,val
001943.jpg,164,13,101,140,0,val
001944.jpg,205,153,187,259,0,val
001945.jpg,412,369,572,792,0,val
001946.jpg,176,39,42,58,0,val
001947.jpg,108,50,117,162,0,val
001948.jpg,61,78,234,324,0,val
001949.jpg,44,47,159,215,0,val
001950.jpg,119,124,172,238,0,val
001951.jpg,154,83,104,144,0,val
001952.jpg,114,110,91,126,0,val
001953.jpg,45,67,127,176,0,val
001954.jpg,212,97,200,277,0,val
001955.jpg,143,17,91,126,0,val
001956.jpg,136,29,88,122,0,val
001957.jpg,1327,1264,965,1336,0,val
001958.jpg,353,173,338,468,0,val
001959.jpg,143,51,112,155,0,val
001960.jpg,372,92,211,292,0,val
001961.jpg,89,116,153,212,0,val
001962.jpg,45,43,73,101,0,val
001963.jpg,99,63,143,198,0,val
001964.jpg,81,53,114,158,0,val
001965.jpg,33,83,96,133,0,val
001966.jpg,339,48,153,212,0,val
001967.jpg,137,43,117,162,0,val
001968.jpg,33,84,252,349,0,val
001969.jpg,416,93,242,335,0,val
001970.jpg,127,34,112,155,0,val
001971.jpg,153,48,172,238,0,val
001972.jpg,150,116,255,353,0,val
001973.jpg,28,80,296,410,0,val
001974.jpg,208,185,133,184,0,val
001975.jpg,69,45,135,187,0,val
001976.jpg,139,92,138,191,0,val
001977.jpg,155,57,101,140,0,val
001978.jpg,134,20,101,140,0,val
001979.jpg,95,59,198,274,0,val
001980.jpg,226,100,166,230,0,val
001981.jpg,175,66,133,184,0,val
001982.jpg,37,25,109,143,0,val
001983.jpg,101,69,192,266,0,val
001984.jpg,155,65,153,212,0,val
001985.jpg,84,83,187,259,0,val
001986.jpg,26,62,211,292,0,val
001987.jpg,106,72,177,245,0,val
001988.jpg,67,74,192,266,0,val
001989.jpg,567,396,827,1145,0,val
001990.jpg,127,60,133,184,0,val
001991.jpg,256,64,172,238,0,val
001992.jpg,248,54,211,292,0,val
001993.jpg,181,111,62,86,0,val
001994.jpg,161,83,104,144,0,val
001995.jpg,160,98,192,295,0,val
001996.jpg,71,77,205,284,0,val
001997.jpg,93,67,179,248,0,val
001998.jpg,193,62,138,191,0,val
001999.jpg,122,46,135,187,0,val
002000.jpg,82,44,107,148,0,val
002001.jpg,271,86,114,158,0,val
002002.jpg,223,518,679,940,0,val
002003.jpg,115,53,221,306,0,val
002004.jpg,401,73,117,162,0,val
002005.jpg,122,90,138,191,0,val
002006.jpg,182,233,380,526,0,val
002007.jpg,408,188,424,587,0,val
002008.jpg,128,95,120,166,0,val
002009.jpg,175,141,91,126,0,val
002010.jpg,73,49,218,302,0,val
002011.jpg,494,301,328,454,0,val
002012.jpg,112,38,179,248,0,val
002013.jpg,147,85,374,518,0,val
002014.jpg,81,46,170,259,0,val
002015.jpg,99,88,187,259,0,val
002016.jpg,66,160,281,389,0,val
002017.jpg,324,15,94,130,0,val
002018.jpg,150,163,361,500,0,val
002019.jpg,271,160,530,734,0,val
002020.jpg,150,92,239,331,0,val
002021.jpg,337,217,239,331,0,val
002022.jpg,107,122,234,324,0,val
002023.jpg,39,21,57,79,0,val
002024.jpg,306,202,273,378,0,val
002025.jpg,228,34,133,184,0,val
002026.jpg,103,63,143,198,0,val
002027.jpg,174,108,151,209,0,val
002028.jpg,159,65,205,284,0,val
002029.jpg,101,88,169,234,0,val
002030.jpg,37,42,179,248,0,val
002031.jpg,41,102,94,130,0,val
002032.jpg,86,23,177,245,0,val
002033.jpg,95,84,161,223,0,val
002034.jpg,244,45,73,101,0,val
002035.jpg,56,72,166,230,0,val
002036.jpg,109,43,55,76,0,val
002037.jpg,275,40,133,184,0,val
002038.jpg,94,95,117,162,0,val
002039.jpg,92,114,330,383,0,val
002040.jpg,83,93,122,169,0,val
002041.jpg,153,84,213,273,0,val
002042.jpg,90,59,143,198,0,val
002043.jpg,314,76,281,389,0,val
002044.jpg,46,24,75,104,0,val
002045.jpg,131,46,117,162,0,val
002046.jpg,619,90,328,454,0,val
002047.jpg,574,84,250,346,0,val
002048.jpg,97,80,393,544,0,val
002049.jpg,31,81,146,202,0,val
002050.jpg,37,44,135,187,0,val
002051.jpg,127,116,153,212,0,val
002052.jpg,82,82,159,220,0,val
002053.jpg,136,9,286,396,0,val
002054.jpg,18,49,107,148,0,val
002055.jpg,150,10,333,461,0,val
002056.jpg,253,21,364,504,0,val
002057.jpg,176,95,166,230,0,val
002058.jpg,266,110,151,209,0,val
002059.jpg,126,64,387,536,0,val
002060.jpg,204,38,83,115,0,val
002061.jpg,64,177,265,367,0,val
002062.jpg,93,60,159,220,0,val
002063.jpg,125,17,203,281,0,val
002064.jpg,232,153,307,425,0,val
002065.jpg,87,68,138,191,0,val
002066.jpg,253,142,294,407,0,val
002067.jpg,130,100,231,320,0,val
002068.jpg,28,66,62,86,0,val
002069.jpg,142,130,112,155,0,val
002070.jpg,140,44,174,241,0,val
002071.jpg,489,261,354,490,0,val
002072.jpg,21,108,208,282,0,val
002073.jpg,49,77,187,259,0,val
002074.jpg,154,63,276,382,0,val
002075.jpg,82,96,205,284,0,val
002076.jpg,73,84,195,270,0,val
002077.jpg,143,53,91,126,0,val
002078.jpg,16,36,140,194,0,val
002079.jpg,154,54,117,162,0,val
002080.jpg,367,231,421,583,0,val
002081.jpg,1056,163,657,914,0,val
002082.jpg,45,71,221,306,0,val
002083.jpg,97,213,335,464,0,val
002084.jpg,218,80,195,270,0,val
002085.jpg,114,174,203,281,0,val
002086.jpg,123,132,322,446,0,val
002087.jpg,89,26,75,104,0,val
002088.jpg,138,90,255,353,0,val
002089.jpg,169,39,164,227,0,val
002090.jpg,66,69,151,209,0,val
002091.jpg,28,82,187,259,0,val
002092.jpg,80,56,109,151,0,val
002093.jpg,234,108,330,457,0,val
002094.jpg,88,62,156,216,0,val
002095.jpg,12,41,138,185,0,val
002096.jpg,167,212,364,504,0,val
002097.jpg,69,54,101,140,0,val
002098.jpg,257,86,104,144,0,val
002099.jpg,37,59,78,108,0,val
002100.jpg,42,47,133,184,0,val
002101.jpg,107,75,304,421,0,val
002102.jpg,75,110,242,335,0,val
002103.jpg,98,44,135,187,0,val
002104.jpg,124,106,75,104,0,val
002105.jpg,61,49,112,148,0,val
002106.jpg,171,61,161,223,0,val
002107.jpg,33,75,290,410,0,val
002108.jpg,186,184,395,547,0,val
002109.jpg,65,88,192,266,0,val
002110.jpg,526,35,458,634,0,val
002111.jpg,11,49,192,252,0,val
002112.jpg,143,1,159,220,0,val
002113.jpg,63,13,153,209,0,val
002114.jpg,108,78,164,227,0,val
002115.jpg,72,78,109,151,0,val
002116.jpg,104,93,164,227,0,val
002117.jpg,143,63,96,133,0,val
002118.jpg,72,17,83,115,0,val
002119.jpg,78,66,177,245,0,val
002120.jpg,85,77,161,223,0,val
002121.jpg,90,54,169,212,0,val
002122.jpg,1,46,130,180,0,val
002123.jpg,99,132,257,356,0,val
002124.jpg,130,50,109,151,0,val
002125.jpg,73,47,179,248,0,val
002126.jpg,94,36,133,184,0,val
002127.jpg,65,101,192,266,0,val
002128.jpg,81,114,273,378,0,val
002129.jpg,169,54,94,130,0,val
002130.jpg,70,95,172,238,0,val
002131.jpg,74,25,208,282,0,val
002132.jpg,67,23,133,184,0,val
002133.jpg,247,73,135,187,0,val
002134.jpg,203,32,159,220,0,val
002135.jpg,1894,304,549,760,0,val
002136.jpg,54,71,221,306,0,val
002137.jpg,186,70,161,223,0,val
002138.jpg,111,84,125,173,0,val
002139.jpg,162,67,203,281,0,val
002140.jpg,125,110,213,295,0,val
002141.jpg,1,90,234,287,0,val
002142.jpg,30,120,281,389,0,val
002143.jpg,63,92,205,284,0,val
002144.jpg,431,9,299,414,0,val
002145.jpg,239,10,143,198,0,val
002146.jpg,145,89,117,162,0,val
002147.jpg,315,58,135,187,0,val
002148.jpg,233,25,107,148,0,val
002149.jpg,216,59,70,97,0,val
002150.jpg,244,91,239,331,0,val
002151.jpg,178,194,96,133,0,val
002152.jpg,98,61,114,158,0,val
002153.jpg,87,54,96,133,0,val
002154.jpg,84,100,286,396,0,val
002155.jpg,3,43,151,195,0,val
002156.jpg,154,65,159,220,0,val
002157.jpg,219,91,189,266,0,val
002158.jpg,52,40,172,238,0,val
002159.jpg,117,71,177,245,0,val
002160.jpg,41,88,237,328,0,val
002161.jpg,161,60,135,187,0,val
002162.jpg,353,180,281,389,0,val
002163.jpg,148,100,133,184,0,val
002164.jpg,86,42,94,130,0,val
002165.jpg,39,96,291,402,0,val
002166.jpg,34,49,153,212,0,val
002167.jpg,65,158,177,245,0,val
002168.jpg,37,110,226,313,0,val
002169.jpg,204,64,221,306,0,val
002170.jpg,104,120,229,317,0,val
002171.jpg,177,56,120,166,0,val
002172.jpg,46,71,130,180,0,val
002173.jpg,48,110,153,212,0,val
002174.jpg,233,100,203,281,0,val
002175.jpg,371,50,101,140,0,val
002176.jpg,55,40,94,130,0,val
002177.jpg,77,109,164,227,0,val
002178.jpg,80,66,182,252,0,val
002179.jpg,129,55,94,130,0,val
002180.jpg,89,110,151,209,0,val
002181.jpg,74,62,190,263,0,val
002182.jpg,104,51,127,176,0,val
002183.jpg,227,125,179,248,0,val
002184.jpg,329,72,140,194,0,val
002185.jpg,90,41,101,140,0,val
002186.jpg,488,123,133,184,0,val
002187.jpg,54,36,96,133,0,val
002188.jpg,40,44,153,212,0,val
002189.jpg,40,15,49,68,0,val
002190.jpg,106,81,143,198,0,val
002191.jpg,23,68,112,155,0,val
002192.jpg,90,65,107,148,0,val
002193.jpg,771,56,268,371,0,val
002194.jpg,166,106,146,202,0,val
002195.jpg,274,41,86,119,0,val
002196.jpg,127,36,153,212,0,val
002197.jpg,261,101,224,310,0,val
002198.jpg,85,82,169,234,0,val
002199.jpg,225,90,114,158,0,val
002200.jpg,79,92,192,266,0,val
002201.jpg,192,60,161,223,0,val
002202.jpg,49,35,140,194,0,val
002203.jpg,133,155,237,328,0,val
002204.jpg,77,43,73,101,0,val
002205.jpg,26,36,133,184,0,val
002206.jpg,275,40,104,144,0,val
002207.jpg,429,86,270,374,0,val
002208.jpg,202,68,166,230,0,val
002209.jpg,46,89,244,338,0,val
002210.jpg,21,19,140,198,0,val
002211.jpg,168,65,86,119,0,val
002212.jpg,287,94,286,396,0,val
002213.jpg,86,57,177,245,0,val
002214.jpg,77,36,122,169,0,val
002215.jpg,82,63,234,324,0,val
002216.jpg,111,49,75,104,0,val
002217.jpg,76,29,47,65,0,val
002218.jpg,159,56,138,191,0,val
002219.jpg,126,82,325,450,0,val
002220.jpg,1,25,117,162,0,val
002221.jpg,128,28,57,79,0,val
002222.jpg,55,62,86,119,0,val
002223.jpg,99,103,315,436,0,val
002224.jpg,22,31,88,122,0,val
002225.jpg,150,28,201,317,0,val
002226.jpg,146,71,138,191,0,val
002227.jpg,46,44,94,130,0,val
002228.jpg,153,61,164,259,0,val
002229.jpg,245,105,302,418,0,val
002230.jpg,367,10,151,209,0,val
002231.jpg,78,79,114,158,0,val
002232.jpg,34,59,127,176,0,val
002233.jpg,103,47,86,119,0,val
002234.jpg,349,220,252,349,0,val
002235.jpg,157,50,62,86,0,val
002236.jpg,245,171,460,637,0,val
002237.jpg,38,72,242,335,0,val
002238.jpg,80,138,208,288,0,val
002239.jpg,9,28,70,97,0,val
002240.jpg,169,127,190,263,0,val
002241.jpg,273,67,231,320,0,val
002242.jpg,72,54,133,184,0,val
002243.jpg,244,74,182,252,0,val
002244.jpg,124,100,114,158,0,val
002245.jpg,129,16,146,202,0,val
002246.jpg,9,35,200,230,0,val
002247.jpg,33,97,234,308,0,val
002248.jpg,18,28,120,166,0,val
002249.jpg,195,103,88,122,0,val
002250.jpg,86,77,138,191,0,val
002251.jpg,83,94,164,227,0,val
002252.jpg,79,93,250,306,0,val
002253.jpg,119,95,244,338,0,val
002254.jpg,169,143,161,223,0,val
002255.jpg,73,52,289,400,0,val
002256.jpg,108,25,120,166,0,val
002257.jpg,62,124,216,299,0,val
002258.jpg,80,49,122,169,0,val
002259.jpg,158,39,83,115,0,val
002260.jpg,72,57,190,263,0,val
002261.jpg,136,153,299,414,0,val
002262.jpg,109,106,185,256,0,val
002263.jpg,101,44,127,176,0,val
002264.jpg,1118,1213,970,1343,0,val
002265.jpg,54,37,49,68,0,val
002266.jpg,18,23,83,114,0,val
002267.jpg,166,50,239,331,0,val
002268.jpg,153,112,83,115,0,val
002269.jpg,475,73,182,252,0,val
002270.jpg,4,11,86,109,0,val
002271.jpg,127,116,187,259,0,val
002272.jpg,1,49,247,310,0,val
002273.jpg,90,49,133,184,0,val
002274.jpg,120,118,166,230,0,val
002275.jpg,53,32,91,126,0,val
002276.jpg,113,14,117,162,0,val
002277.jpg,91,52,227,328,0,val
002278.jpg,174,88,567,785,0,val
002279.jpg,133,62,148,205,0,val
002280.jpg,161,38,456,641,0,val
002281.jpg,152,160,317,439,0,val
002282.jpg,105,77,151,209,0,val
002283.jpg,43,23,265,367,0,val
002284.jpg,111,59,211,292,0,val
002285.jpg,295,89,138,191,0,val
002286.jpg,232,63,104,144,0,val
002287.jpg,117,84,153,212,0,val
002288.jpg,56,19,122,169,0,val
002289.jpg,26,44,135,141,0,val
002290.jpg,133,129,257,356,0,val
002291.jpg,15,47,70,97,0,val
002292.jpg,859,215,608,842,0,val
002293.jpg,57,54,257,309,0,val
002294.jpg,85,51,68,94,0,val
002295.jpg,22,70,75,104,0,val
002296.jpg,433,27,146,202,0,val
002297.jpg,62,114,187,259,0,val
002298.jpg,114,92,237,328,0,val
002299.jpg,34,41,198,274,0,val
002300.jpg,130,87,213,295,0,val
002301.jpg,35,57,151,175,0,val
002302.jpg,285,72,369,511,0,val
002303.jpg,159,151,73,101,0,val
002304.jpg,73,110,143,198,0,val
002305.jpg,67,76,211,292,0,val
002306.jpg,457,103,312,432,0,val
002307.jpg,96,93,153,212,0,val
002308.jpg,164,66,52,72,0,val
002309.jpg,68,87,244,338,0,val
002310.jpg,40,29,114,147,0,val
002311.jpg,96,78,187,259,0,val
002312.jpg,111,42,91,126,0,val
002313.jpg,114,49,96,133,0,val
002314.jpg,240,63,83,115,0,val
002315.jpg,238,75,132,258,0,val
002316.jpg,95,43,107,148,0,val
002317.jpg,244,178,385,533,0,val
002318.jpg,233,108,151,209,0,val
002319.jpg,30,62,283,392,0,val
002320.jpg,219,40,120,166,0,val
002321.jpg,196,71,190,263,0,val
002322.jpg,138,105,231,320,0,val
002323.jpg,330,35,94,130,0,val
002324.jpg,246,50,203,281,0,val
002325.jpg,55,40,88,122,0,val
002326.jpg,113,63,237,328,0,val
002327.jpg,42,43,207,295,0,val
002328.jpg,106,73,177,245,0,val
002329.jpg,173,173,109,151,0,val
002330.jpg,95,48,109,151,0,val
002331.jpg,279,179,263,364,0,val
002332.jpg,580,154,86,119,0,val
002333.jpg,123,79,55,76,0,val
002334.jpg,59,214,169,234,0,val
002335.jpg,191,50,226,313,0,val
002336.jpg,171,138,109,151,0,val
002337.jpg,47,39,127,176,0,val
002338.jpg,208,34,190,263,0,val
002339.jpg,96,39,218,302,0,val
002340.jpg,101,94,195,270,0,val
002341.jpg,77,91,231,320,0,val
002342.jpg,936,403,884,1224,0,val
002343.jpg,359,172,127,176,0,val
002344.jpg,16,34,88,122,0,val
002345.jpg,208,45,91,126,0,val
002346.jpg,146,42,143,198,0,val
002347.jpg,128,36,109,151,0,val
002348.jpg,80,41,88,122,0,val
002349.jpg,65,39,130,180,0,val
002350.jpg,47,37,96,133,0,val
002351.jpg,197,38,86,119,0,val
002352.jpg,45,38,94,130,0,val
002353.jpg,177,104,156,216,0,val
002354.jpg,123,105,172,238,0,val
002355.jpg,105,153,489,677,0,val
002356.jpg,146,62,99,137,0,val
002357.jpg,335,46,218,302,0,val
002358.jpg,72,162,270,374,0,val
002359.jpg,30,46,195,270,0,val
002360.jpg,152,58,81,112,0,val
002361.jpg,108,10,268,325,0,val
002362.jpg,156,148,260,360,0,val
002363.jpg,187,74,161,223,0,val
002364.jpg,122,132,177,245,0,val
002365.jpg,46,95,114,158,0,val
002366.jpg,93,73,190,263,0,val
002367.jpg,494,79,242,335,0,val
002368.jpg,111,72,146,202,0,val
002369.jpg,153,90,99,137,0,val
002370.jpg,47,103,195,270,0,val
002371.jpg,199,68,164,227,0,val
002372.jpg,64,65,166,230,0,val
002373.jpg,206,62,211,292,0,val
002374.jpg,26,39,107,148,0,val
002375.jpg,72,46,192,266,0,val
002376.jpg,281,96,204,342,0,val
002377.jpg,337,112,304,421,0,val
002378.jpg,176,91,216,299,0,val
002379.jpg,248,43,127,176,0,val
002380.jpg,183,96,130,180,0,val
002381.jpg,83,69,161,223,0,val
002382.jpg,111,83,166,230,0,val
002383.jpg,51,78,182,252,0,val
002384.jpg,111,104,221,306,0,val
002385.jpg,212,24,140,194,0,val
002386.jpg,12,1,174,241,0,val
002387.jpg,118,84,177,245,0,val
002388.jpg,29,43,112,155,0,val
002389.jpg,97,59,153,212,0,val
002390.jpg,257,84,104,144,0,val
002391.jpg,265,132,94,130,0,val
002392.jpg,56,110,231,320,0,val
002393.jpg,158,164,182,252,0,val
002394.jpg,65,51,135,187,0,val
002395.jpg,219,82,195,270,0,val
002396.jpg,159,188,393,544,0,val
002397.jpg,65,35,101,140,0,val
002398.jpg,34,89,330,408,0,val
002399.jpg,129,77,133,184,0,val
002400.jpg,20,55,213,262,0,val
002401.jpg,232,56,203,281,0,val
002402.jpg,250,17,94,130,0,val
002403.jpg,84,65,161,223,0,val
002404.jpg,239,1,485,702,0,val
002405.jpg,8,85,237,328,0,val
002406.jpg,201,57,117,162,0,val
002407.jpg,103,80,120,166,0,val
002408.jpg,145,109,213,295,0,val
002409.jpg,192,45,96,133,0,val
002410.jpg,222,128,187,259,0,val
002411.jpg,268,109,148,205,0,val
002412.jpg,64,51,91,126,0,val
002413.jpg,130,28,96,133,0,val
002414.jpg,50,10,117,162,0,val
002415.jpg,134,244,169,234,0,val
002416.jpg,51,108,237,328,0,val
002417.jpg,79,102,172,238,0,val
002418.jpg,141,76,179,248,0,val
002419.jpg,171,77,330,457,0,val
002420.jpg,475,101,247,342,0,val
002421.jpg,69,50,187,259,0,val
002422.jpg,61,70,125,173,0,val
002423.jpg,90,80,237,328,0,val
002424.jpg,220,21,174,241,0,val
002425.jpg,61,44,112,155,0,val
002426.jpg,172,44,125,173,0,val
002427.jpg,322,73,166,230,0,val
002428.jpg,146,61,107,148,0,val
002429.jpg,61,72,270,374,0,val
002430.jpg,221,100,198,274,0,val
002431.jpg,73,49,133,184,0,val
002432.jpg,308,122,81,112,0,val
002433.jpg,89,81,83,115,0,val
002434.jpg,903,104,140,194,0,val
002435.jpg,80,81,182,252,0,val
002436.jpg,175,99,86,119,0,val
002437.jpg,15,46,78,108,0,val
002438.jpg,83,109,174,241,0,val
002439.jpg,46,68,143,198,0,val
002440.jpg,241,135,164,227,0,val
002441.jpg,216,61,200,277,0,val
002442.jpg,132,37,179,248,0,val
002443.jpg,153,58,120,166,0,val
002444.jpg,137,74,179,248,0,val
002445.jpg,233,51,164,227,0,val
002446.jpg,79,54,42,58,0,val
002447.jpg,318,154,369,511,0,val
002448.jpg,201,106,83,115,0,val
002449.jpg,21,21,78,108,0,val
002450.jpg,130,73,117,162,0,val
002451.jpg,227,145,135,187,0,val
002452.jpg,63,97,296,410,0,val
002453.jpg,242,13,166,230,0,val
002454.jpg,104,79,125,173,0,val
002455.jpg,128,84,202,292,0,val
002456.jpg,118,107,206,291,0,val
002457.jpg,197,126,83,115,0,val
002458.jpg,100,61,153,212,0,val
002459.jpg,10,32,125,157,0,val
002460.jpg,165,49,174,241,0,val
002461.jpg,53,33,146,195,0,val
002462.jpg,165,29,99,137,0,val
002463.jpg,77,102,203,281,0,val
002464.jpg,75,88,164,227,0,val
002465.jpg,507,252,546,756,0,val
002466.jpg,53,83,229,317,0,val
002467.jpg,109,39,75,104,0,val
002468.jpg,67,1,296,410,0,val
002469.jpg,463,75,762,1055,0,val
002470.jpg,113,35,138,191,0,val
002471.jpg,110,26,86,119,0,val
002472.jpg,117,39,109,151,0,val
002473.jpg,154,91,198,274,0,val
002474.jpg,156,46,239,331,0,val
002475.jpg,46,23,255,353,0,val
002476.jpg,415,135,140,194,0,val
002477.jpg,172,19,109,151,0,val
002478.jpg,481,80,525,717,0,val
002479.jpg,197,47,125,173,0,val
002480.jpg,231,92,130,180,0,val
002481.jpg,95,32,88,122,0,val
002482.jpg,75,107,283,392,0,val
002483.jpg,384,31,125,173,0,val
002484.jpg,104,87,242,335,0,val
002485.jpg,165,72,291,403,0,val
002486.jpg,28,137,237,289,0,val
002487.jpg,106,66,68,94,0,val
002488.jpg,20,105,185,256,0,val
002489.jpg,439,70,65,90,0,val
002490.jpg,389,263,161,223,0,val
002491.jpg,86,77,143,198,0,val
002492.jpg,117,66,185,256,0,val
002493.jpg,310,146,465,644,0,val
002494.jpg,59,80,127,176,0,val
002495.jpg,155,29,159,220,0,val
002496.jpg,92,60,109,151,0,val
002497.jpg,18,25,83,112,0,val
002498.jpg,157,33,68,94,0,val
002499.jpg,83,108,177,245,0,val
002500.jpg,259,96,270,374,0,val
002501.jpg,78,1,195,270,0,val
002502.jpg,171,46,146,202,0,val
002503.jpg,183,44,78,108,0,val
002504.jpg,56,1,255,226,0,val
002505.jpg,221,51,182,252,0,val
002506.jpg,108,60,122,169,0,val
002507.jpg,209,37,161,223,0,val
002508.jpg,264,119,148,205,0,val
002509.jpg,131,32,101,140,0,val
002510.jpg,237,80,127,176,0,val
002511.jpg,59,52,99,137,0,val
002512.jpg,37,36,164,227,0,val
002513.jpg,100,52,161,223,0,val
002514.jpg,323,130,481,666,0,val
002515.jpg,98,43,88,122,0,val
002516.jpg,39,21,114,158,0,val
002517.jpg,33,39,104,144,0,val
002518.jpg,154,97,338,468,0,val
002519.jpg,104,82,244,338,0,val
002520.jpg,216,60,120,166,0,val
002521.jpg,365,318,611,846,0,val
002522.jpg,179,187,164,227,0,val
002523.jpg,136,83,146,202,0,val
002524.jpg,189,93,125,173,0,val
002525.jpg,78,132,226,313,0,val
002526.jpg,335,52,94,130,0,val
002527.jpg,11,75,133,184,0,val
002528.jpg,74,59,250,346,0,val
002529.jpg,87,37,218,302,0,val
002530.jpg,175,81,203,281,0,val
002531.jpg,117,40,122,169,0,val
002532.jpg,77,77,179,248,0,val
002533.jpg,137,68,200,277,0,val
002534.jpg,144,1,325,450,0,val
002535.jpg,72,58,143,198,0,val
002536.jpg,117,55,112,155,0,val
002537.jpg,84,70,94,130,0,val
002538.jpg,435,224,390,540,0,val
002539.jpg,95,116,190,263,0,val
002540.jpg,228,71,439,608,0,val
002541.jpg,116,41,75,104,0,val
002542.jpg,105,89,146,202,0,val
002543.jpg,50,95,161,223,0,val
002544.jpg,70,53,322,446,0,val
002545.jpg,235,304,468,648,0,val
002546.jpg,123,71,125,173,0,val
002547.jpg,129,38,135,187,0,val
002548.jpg,233,194,260,360,0,val
002549.jpg,61,53,125,173,0,val
002550.jpg,76,21,116,187,0,val
002551.jpg,36,107,213,295,0,val
002552.jpg,76,77,229,317,0,val
002553.jpg,30,37,109,151,0,val
002554.jpg,39,147,216,299,0,val
002555.jpg,767,154,486,673,0,val
002556.jpg,93,54,78,108,0,val
002557.jpg,40,69,153,212,0,val
002558.jpg,471,244,395,547,0,val
002559.jpg,32,62,153,212,0,val
002560.jpg,156,67,198,274,0,val
002561.jpg,89,89,388,548,0,val
002562.jpg,386,33,250,346,0,val
002563.jpg,77,61,135,187,0,val
002564.jpg,282,20,198,274,0,val
002565.jpg,106,99,153,212,0,val
002566.jpg,108,62,143,198,0,val
002567.jpg,8,25,130,180,0,val
002568.jpg,125,146,205,284,0,val
002569.jpg,329,228,320,443,0,val
002570.jpg,83,63,166,230,0,val
002571.jpg,58,61,86,119,0,val
002572.jpg,212,344,520,720,0,val
002573.jpg,36,39,148,205,0,val
002574.jpg,83,46,127,176,0,val
002575.jpg,632,270,387,536,0,val
002576.jpg,133,121,271,365,0,val
002577.jpg,164,86,182,252,0,val
002578.jpg,74,151,195,270,0,val
002579.jpg,67,60,151,209,0,val
002580.jpg,128,192,419,580,0,val
002581.jpg,101,52,109,151,0,val
002582.jpg,108,23,73,101,0,val
002583.jpg,111,29,94,130,0,val
002584.jpg,180,46,211,292,0,val
002585.jpg,97,72,83,115,0,val
002586.jpg,68,92,133,184,0,val
002587.jpg,78,86,140,194,0,val
002588.jpg,209,263,81,112,0,val
002589.jpg,79,67,203,281,0,val
002590.jpg,117,36,107,148,0,val
002591.jpg,62,67,169,234,0,val
002592.jpg,200,5,164,227,0,val
002593.jpg,94,31,94,130,0,val
002594.jpg,91,42,127,176,0,val
002595.jpg,31,26,179,248,0,val
002596.jpg,196,92,148,205,0,val
002597.jpg,75,107,177,245,0,val
002598.jpg,87,39,127,176,0,val
002599.jpg,108,21,109,151,0,val
002600.jpg,518,203,164,227,0,val
002601.jpg,121,101,86,119,0,val
002602.jpg,72,53,174,241,0,val
002603.jpg,49,88,244,338,0,val
002604.jpg,162,104,390,540,0,val
002605.jpg,128,118,164,227,0,val
002606.jpg,166,82,96,133,0,val
002607.jpg,169,74,112,155,0,val
002608.jpg,69,101,265,367,0,val
002609.jpg,127,34,101,140,0,val
002610.jpg,51,77,200,256,0,val
002611.jpg,471,59,161,223,0,val
002612.jpg,64,123,268,371,0,val
002613.jpg,71,11,107,148,0,val
002614.jpg,121,78,99,137,0,val
002615.jpg,59,50,117,162,0,val
002616.jpg,82,94,153,212,0,val
002617.jpg,110,26,125,173,0,val
002618.jpg,119,55,91,126,0,val
002619.jpg,373,47,125,173,0,val
002620.jpg,69,118,182,252,0,val
002621.jpg,68,87,208,288,0,val
002622.jpg,69,91,224,310,0,val
002623.jpg,89,60,148,205,0,val
002624.jpg,104,104,182,252,0,val
002625.jpg,59,103,276,382,0,val
002626.jpg,117,50,135,187,0,val
002627.jpg,68,66,174,241,0,val
002628.jpg,376,83,270,374,0,val
002629.jpg,106,50,125,173,0,val
002630.jpg,31,55,135,187,0,val
002631.jpg,44,53,143,198,0,val
002632.jpg,15,153,270,344,0,val
002633.jpg,231,99,49,68,0,val
002634.jpg,94,56,224,310,0,val
002635.jpg,159,72,198,274,0,val
002636.jpg,66,105,192,266,0,val
002637.jpg,274,83,265,367,0,val
002638.jpg,90,37,73,101,0,val
002639.jpg,235,57,299,414,0,val
002640.jpg,28,86,257,348,0,val
002641.jpg,177,31,174,241,0,val
002642.jpg,96,65,172,238,0,val
002643.jpg,103,76,164,227,0,val
002644.jpg,86,86,190,263,0,val
002645.jpg,147,26,278,385,0,val
002646.jpg,194,51,148,205,0,val
002647.jpg,28,58,190,263,0,val
002648.jpg,74,19,94,130,0,val
002649.jpg,561,133,117,162,0,val
002650.jpg,96,80,169,234,0,val
002651.jpg,107,67,216,280,0,val
002652.jpg,40,55,107,147,0,val
002653.jpg,98,198,309,428,0,val
002654.jpg,61,173,221,306,0,val
002655.jpg,33,68,211,292,0,val
002656.jpg,82,18,205,284,0,val
002657.jpg,266,157,229,317,0,val
002658.jpg,78,68,99,137,0,val
002659.jpg,104,111,164,227,0,val
002660.jpg,91,109,169,234,0,val
002661.jpg,66,110,164,227,0,val
002662.jpg,163,103,239,331,0,val
002663.jpg,738,180,385,533,0,val
002664.jpg,100,100,229,317,0,val
002665.jpg,92,110,283,367,0,val
002666.jpg,285,310,637,882,0,val
002667.jpg,100,67,218,302,0,val
002668.jpg,135,115,270,374,0,val
002669.jpg,55,60,200,277,0,val
002670.jpg,28,74,114,158,0,val
002671.jpg,47,70,140,194,0,val
002672.jpg,308,221,338,468,0,val
002673.jpg,65,103,234,324,0,val
002674.jpg,113,79,195,270,0,val
002675.jpg,227,190,151,209,0,val
002676.jpg,122,65,156,216,0,val
002677.jpg,64,55,191,256,0,val
002678.jpg,119,13,112,155,0,val
002679.jpg,66,31,146,202,0,val
002680.jpg,235,74,239,308,0,val
002681.jpg,607,161,346,479,0,val
002682.jpg,69,39,229,317,0,val
002683.jpg,94,53,135,187,0,val
002684.jpg,17,95,211,291,0,val
002685.jpg,165,168,304,421,0,val
002686.jpg,163,20,135,187,0,val
002687.jpg,47,53,164,227,0,val
002688.jpg,248,36,161,223,0,val
002689.jpg,132,24,114,158,0,val
002690.jpg,151,22,91,126,0,val
002691.jpg,103,85,205,284,0,val
002692.jpg,264,100,140,194,0,val
002693.jpg,105,55,146,202,0,val
002694.jpg,210,74,120,166,0,val
002695.jpg,162,66,96,133,0,val
002696.jpg,95,38,164,227,0,val
002697.jpg,285,85,133,147,0,val
002698.jpg,15,53,75,104,0,val
002699.jpg,18,105,231,320,0,val
002700.jpg,61,100,265,367,0,val
002701.jpg,615,122,252,349,0,val
002702.jpg,78,61,198,274,0,val
002703.jpg,90,53,198,274,0,val
002704.jpg,78,76,179,248,0,val
002705.jpg,595,303,780,1080,0,val
002706.jpg,251,34,229,317,0,val
002707.jpg,90,89,174,241,0,val
002708.jpg,295,232,463,641,0,val
002709.jpg,107,119,161,223,0,val
002710.jpg,408,286,359,497,0,val
002711.jpg,140,30,94,130,0,val
002712.jpg,200,111,140,194,0,val
002713.jpg,299,36,164,227,0,val
002714.jpg,84,20,172,238,0,val
002715.jpg,166,35,125,173,0,val
002716.jpg,453,4,133,184,0,val
002717.jpg,198,45,190,263,0,val
002718.jpg,90,93,348,482,0,val
002719.jpg,40,105,125,173,0,val
002720.jpg,133,64,122,169,0,val
002721.jpg,164,136,413,572,0,val
002722.jpg,183,106,242,335,0,val
002723.jpg,53,28,205,269,0,val
002724.jpg,119,65,161,223,0,val
002725.jpg,27,32,135,172,0,val
002726.jpg,83,23,114,174,0,val
002727.jpg,149,68,86,119,0,val
002728.jpg,184,69,213,295,0,val
002729.jpg,127,28,153,212,0,val
002730.jpg,72,76,229,317,0,val
002731.jpg,222,97,198,274,0,val
002732.jpg,97,82,260,360,0,val
002733.jpg,93,40,260,360,0,val
002734.jpg,171,80,86,119,0,val
002735.jpg,95,51,78,108,0,val
002736.jpg,336,94,541,749,0,val
002737.jpg,156,93,99,137,0,val
002738.jpg,242,89,187,259,0,val
002739.jpg,50,100,229,317,0,val
002740.jpg,95,31,179,248,0,val
002741.jpg,145,34,109,151,0,val
002742.jpg,91,49,112,155,0,val
002743.jpg,100,61,125,173,0,val
002744.jpg,59,66,198,274,0,val
002745.jpg,68,83,138,191,0,val
002746.jpg,78,36,416,576,0,val
002747.jpg,108,69,260,360,0,val
002748.jpg,35,35,73,101,0,val
002749.jpg,120,48,101,140,0,val
002750.jpg,37,41,112,155,0,val
002751.jpg,107,63,151,209,0,val
002752.jpg,256,24,125,173,0,val
002753.jpg,115,68,151,209,0,val
002754.jpg,107,136,255,353,0,val
002755.jpg,252,129,151,209,0,val
002756.jpg,117,116,211,292,0,val
002757.jpg,75,50,127,176,0,val
002758.jpg,122,116,125,173,0,val
002759.jpg,91,84,179,248,0,val
002760.jpg,89,76,198,274,0,val
002761.jpg,147,97,187,259,0,val
002762.jpg,90,96,190,263,0,val
002763.jpg,61,81,187,259,0,val
002764.jpg,103,118,442,612,0,val
002765.jpg,162,106,239,331,0,val
002766.jpg,78,51,250,346,0,val
002767.jpg,103,103,182,252,0,val
002768.jpg,92,47,244,338,0,val
002769.jpg,363,123,273,378,0,val
002770.jpg,121,179,231,320,0,val
002771.jpg,87,72,169,234,0,val
002772.jpg,84,47,182,252,0,val
002773.jpg,134,55,172,238,0,val
002774.jpg,104,114,172,238,0,val
002775.jpg,5,106,229,317,0,val
002776.jpg,29,134,291,403,0,val
002777.jpg,110,252,195,270,0,val
002778.jpg,228,64,52,72,0,val
002779.jpg,218,16,151,209,0,val
002780.jpg,156,44,151,209,0,val
002781.jpg,155,75,281,387,0,val
002782.jpg,41,79,299,414,0,val
002783.jpg,128,102,177,245,0,val
002784.jpg,184,22,91,126,0,val
002785.jpg,127,74,135,187,0,val
002786.jpg,137,151,333,461,0,val
002787.jpg,33,52,101,140,0,val
002788.jpg,68,58,203,281,0,val
002789.jpg,76,72,179,248,0,val
002790.jpg,156,60,88,122,0,val
002791.jpg,162,62,218,302,0,val
002792.jpg,172,5,268,371,0,val
002793.jpg,172,1,174,241,0,val
002794.jpg,86,69,168,252,0,val
002795.jpg,518,112,239,331,0,val
002796.jpg,68,59,302,418,0,val
002797.jpg,189,81,156,216,0,val
002798.jpg,59,95,208,288,0,val
002799.jpg,193,82,200,277,0,val
002800.jpg,205,44,107,148,0,val
002801.jpg,222,163,520,720,0,val
002802.jpg,52,86,192,266,0,val
002803.jpg,112,242,608,842,0,val
002804.jpg,212,30,159,220,0,val
002805.jpg,87,50,252,349,0,val
002806.jpg,90,215,110,105,0,val
002807.jpg,175,62,109,151,0,val
002808.jpg,174,83,68,94,0,val
002809.jpg,104,76,205,284,0,val
002810.jpg,67,52,276,382,0,val
002811.jpg,121,54,135,187,0,val
002812.jpg,117,135,374,518,0,val
002813.jpg,103,75,172,238,0,val
002814.jpg,223,73,133,184,0,val
002815.jpg,83,79,174,241,0,val
002816.jpg,48,35,122,169,0,val
002817.jpg,112,173,166,230,0,val
002818.jpg,124,65,140,194,0,val
002819.jpg,68,67,218,302,0,val
002820.jpg,51,14,94,130,0,val
002821.jpg,95,67,216,299,0,val
002822.jpg,480,245,588,814,0,val
002823.jpg,345,93,135,187,0,val
002824.jpg,52,66,146,202,0,val
002825.jpg,72,86,172,238,0,val
002826.jpg,188,115,250,346,0,val
002827.jpg,99,110,156,216,0,val
002828.jpg,181,20,91,126,0,val
002829.jpg,74,59,229,297,0,val
002830.jpg,15,61,130,180,0,val
002831.jpg,121,51,99,137,0,val
002832.jpg,105,84,174,241,0,val
002833.jpg,190,59,101,140,0,val
002834.jpg,93,81,218,302,0,val
002835.jpg,97,60,156,216,0,val
002836.jpg,69,72,159,220,0,val
002837.jpg,52,21,78,108,0,val
002838.jpg,69,43,148,205,0,val
002839.jpg,31,20,78,108,0,val
002840.jpg,66,91,143,198,0,val
002841.jpg,95,30,146,202,0,val
002842.jpg,656,27,172,238,0,val
002843.jpg,311,112,494,684,0,val
002844.jpg,37,96,307,401,0,val
002845.jpg,242,8,166,230,0,val
002846.jpg,68,53,99,137,0,val
002847.jpg,132,29,107,148,0,val
002848.jpg,121,59,146,202,0,val
002849.jpg,73,53,216,299,0,val
002850.jpg,13,60,250,335,0,val
002851.jpg,76,64,156,200,0,val
002852.jpg,15,56,273,378,0,val
002853.jpg,53,34,140,186,0,val
002854.jpg,259,80,218,302,0,val
002855.jpg,987,227,478,662,0,val
002856.jpg,100,82,273,378,0,val
002857.jpg,694,40,151,209,0,val
002858.jpg,87,85,208,288,0,val
002859.jpg,75,113,263,364,0,val
002860.jpg,18,72,255,353,0,val
002861.jpg,232,95,229,317,0,val
002862.jpg,108,99,208,288,0,val
002863.jpg,369,112,346,479,0,val
002864.jpg,162,71,96,133,0,val
002865.jpg,36,64,138,191,0,val
002866.jpg,108,67,78,108,0,val
002867.jpg,90,59,156,216,0,val
002868.jpg,198,82,286,396,0,val
002869.jpg,78,78,270,374,0,val
002870.jpg,36,48,159,191,0,val
002871.jpg,368,81,83,115,0,val
002872.jpg,63,46,130,180,0,val
002873.jpg,91,50,190,263,0,val
002874.jpg,69,18,83,115,0,val
002875.jpg,216,64,114,158,0,val
002876.jpg,105,45,91,126,0,val
002877.jpg,973,144,283,392,0,val
002878.jpg,32,56,68,94,0,val
002879.jpg,92,72,143,198,0,val
002880.jpg,50,48,73,101,0,val
002881.jpg,49,74,270,374,0,val
002882.jpg,15,78,242,335,0,val
002883.jpg,141,29,140,194,0,val
002884.jpg,79,52,104,144,0,val
002885.jpg,109,34,75,104,0,val
002886.jpg,200,64,70,97,0,val
002887.jpg,137,95,166,230,0,val
002888.jpg,114,21,120,166,0,val
002889.jpg,112,83,187,259,0,val
002890.jpg,92,76,148,205,0,val
002891.jpg,99,66,200,277,0,val
002892.jpg,268,59,140,194,0,val
002893.jpg,111,64,174,241,0,val
002894.jpg,47,86,153,212,0,val
002895.jpg,237,6,140,194,0,val
002896.jpg,89,38,99,137,0,val
002897.jpg,48,35,112,155,0,val
002898.jpg,72,72,148,205,0,val
002899.jpg,66,32,94,130,0,val
002900.jpg,120,36,244,338,0,val
002901.jpg,25,56,148,205,0,val
002902.jpg,26,55,231,320,0,val
002903.jpg,279,4,135,187,0,val
002904.jpg,133,51,120,166,0,val
002905.jpg,120,87,221,306,0,val
002906.jpg,199,130,231,320,0,val
002907.jpg,133,92,218,302,0,val
002908.jpg,35,112,213,295,0,val
002909.jpg,548,428,780,1080,0,val
002910.jpg,119,109,112,155,0,val
002911.jpg,70,7,49,68,0,val
002912.jpg,442,335,335,464,0,val
002913.jpg,140,115,140,194,0,val
002914.jpg,153,153,153,212,0,val
002915.jpg,132,16,538,745,0,val
002916.jpg,232,104,195,270,0,val
002917.jpg,87,42,151,209,0,val
002918.jpg,93,64,164,227,0,val
002919.jpg,348,70,174,241,0,val
002920.jpg,47,73,88,111,0,val
002921.jpg,33,33,166,230,0,val
002922.jpg,238,144,312,432,0,val
002923.jpg,113,47,68,94,0,val
002924.jpg,251,165,244,338,0,val
002925.jpg,108,71,192,266,0,val
002926.jpg,76,62,138,191,0,val
002927.jpg,133,100,122,169,0,val
002928.jpg,697,138,348,482,0,val
002929.jpg,113,111,231,320,0,val
002930.jpg,143,56,156,225,0,val
002931.jpg,48,120,229,317,0,val
002932.jpg,310,75,250,346,0,val
002933.jpg,98,107,195,270,0,val
002934.jpg,361,33,278,385,0,val
002935.jpg,30,29,101,140,0,val
002936.jpg,695,134,325,450,0,val
002937.jpg,98,170,250,310,0,val
002938.jpg,232,45,161,223,0,val
002939.jpg,27,44,179,248,0,val
002940.jpg,179,39,88,122,0,val
002941.jpg,247,46,244,338,0,val
002942.jpg,74,91,213,295,0,val
002943.jpg,55,63,244,338,0,val
002944.jpg,207,67,94,130,0,val
002945.jpg,70,47,88,122,0,val
002946.jpg,39,68,107,148,0,val
002947.jpg,20,111,187,259,0,val
002948.jpg,201,66,203,281,0,val
002949.jpg,90,58,200,261,0,val
002950.jpg,222,66,117,162,0,val
002951.jpg,138,43,169,234,0,val
002952.jpg,144,46,127,176,0,val
002953.jpg,106,85,226,313,0,val
002954.jpg,41,48,125,173,0,val
002955.jpg,50,56,107,148,0,val
002956.jpg,115,32,125,173,0,val
002957.jpg,85,34,101,140,0,val
002958.jpg,98,110,117,162,0,val
002959.jpg,54,10,78,108,0,val
002960.jpg,224,26,140,194,0,val
002961.jpg,48,27,270,374,0,val
002962.jpg,167,59,156,216,0,val
002963.jpg,69,52,250,346,0,val
002964.jpg,100,76,159,220,0,val
002965.jpg,54,56,159,220,0,val
002966.jpg,672,154,593,821,0,val
002967.jpg,88,75,164,227,0,val
002968.jpg,14,70,55,76,0,val
002969.jpg,150,55,62,86,0,val
002970.jpg,46,84,198,274,0,val
002971.jpg,120,81,237,328,0,val
002972.jpg,791,385,1798,2689,0,val
002973.jpg,187,38,146,202,0,val
002974.jpg,43,71,192,266,0,val
002975.jpg,85,76,203,281,0,val
002976.jpg,777,200,881,1220,0,val
002977.jpg,59,131,226,313,0,val
002978.jpg,233,106,218,302,0,val
002979.jpg,133,97,190,263,0,val
002980.jpg,126,68,229,317,0,val
002981.jpg,169,24,159,220,0,val
002982.jpg,115,97,200,277,0,val
002983.jpg,156,62,96,133,0,val
002984.jpg,25,38,94,130,0,val
002985.jpg,143,84,143,198,0,val
002986.jpg,347,183,166,230,0,val
002987.jpg,87,65,216,299,0,val
002988.jpg,61,46,73,101,0,val
002989.jpg,79,57,130,180,0,val
002990.jpg,132,41,122,169,0,val
002991.jpg,259,382,1139,1577,0,val
002992.jpg,193,95,120,166,0,val
002993.jpg,142,31,211,292,0,val
002994.jpg,26,54,147,218,0,val
002995.jpg,361,242,328,454,0,val
002996.jpg,59,104,187,259,0,val
002997.jpg,62,120,177,245,0,val
002998.jpg,80,91,179,248,0,val
002999.jpg,106,35,73,101,0,val
003000.jpg,104,50,153,212,0,val
003001.jpg,24,27,57,79,0,val
003002.jpg,80,25,91,126,0,val
003003.jpg,76,160,588,794,0,val
003004.jpg,142,133,304,421,0,val
003005.jpg,115,40,104,144,0,val
003006.jpg,81,28,172,238,0,val
003007.jpg,60,70,169,234,0,val
003008.jpg,220,60,218,302,0,val
003009.jpg,85,60,112,155,0,val
003010.jpg,93,73,221,306,0,val
003011.jpg,48,24,65,90,0,val
003012.jpg,71,108,198,274,0,val
003013.jpg,87,35,60,83,0,val
003014.jpg,145,42,133,184,0,val
003015.jpg,161,31,151,209,0,val
003016.jpg,82,81,273,378,0,val
003017.jpg,65,41,242,326,0,val
003018.jpg,183,97,205,284,0,val
003019.jpg,102,89,367,508,0,val
003020.jpg,97,103,229,317,0,val
003021.jpg,50,108,148,205,0,val
003022.jpg,36,31,161,230,0,val
003023.jpg,12,62,86,119,0,val
003024.jpg,41,69,224,293,0,val
003025.jpg,119,33,192,266,0,val
003026.jpg,189,314,385,533,0,val
003027.jpg,47,29,151,209,0,val
003028.jpg,61,86,218,302,0,val
003029.jpg,128,66,169,234,0,val
003030.jpg,749,66,148,205,0,val
003031.jpg,119,75,135,187,0,val
003032.jpg,273,142,393,544,0,val
003033.jpg,116,49,213,295,0,val
003034.jpg,706,40,122,169,0,val
003035.jpg,521,139,16,22,0,val
003036.jpg,100,79,156,216,0,val
003037.jpg,34,27,78,108,0,val
003038.jpg,521,110,348,482,0,val
003039.jpg,175,49,130,180,0,val
003040.jpg,38,27,229,317,0,val
003041.jpg,54,56,91,126,0,val
003042.jpg,29,31,73,101,0,val
003043.jpg,78,22,88,122,0,val
003044.jpg,21,35,309,428,0,val
003045.jpg,816,193,593,821,0,val
003046.jpg,6,31,83,115,0,val
003047.jpg,63,31,109,151,0,val
003048.jpg,267,88,260,360,0,val
003049.jpg,82,25,68,94,0,val
003050.jpg,66,61,120,166,0,val
003051.jpg,61,55,164,227,0,val
003052.jpg,52,58,117,162,0,val
003053.jpg,163,51,57,79,0,val
003054.jpg,350,38,161,223,0,val
003055.jpg,205,44,146,202,0,val
003056.jpg,98,60,99,137,0,val
003057.jpg,131,42,179,248,0,val
003058.jpg,146,101,125,173,0,val
003059.jpg,85,62,94,130,0,val
003060.jpg,339,65,445,616,0,val
003061.jpg,175,21,122,169,0,val
003062.jpg,119,72,83,115,0,val
003063.jpg,84,53,185,254,0,val
003064.jpg,74,61,244,338,0,val
003065.jpg,86,84,205,284,0,val
003066.jpg,105,71,185,256,0,val
003067.jpg,98,29,91,126,0,val
003068.jpg,125,53,125,173,0,val
003069.jpg,38,55,75,104,0,val
003070.jpg,103,42,117,162,0,val
003071.jpg,70,68,231,320,0,val
003072.jpg,76,86,182,252,0,val
003073.jpg,128,20,62,86,0,val
003074.jpg,160,84,260,360,0,val
003075.jpg,75,55,161,223,0,val
003076.jpg,104,92,226,313,0,val
003077.jpg,96,76,130,180,0,val
003078.jpg,131,49,86,119,0,val
003079.jpg,61,83,224,310,0,val
003080.jpg,551,152,372,515,0,val
003081.jpg,39,82,86,119,0,val
003082.jpg,115,107,156,216,0,val
003083.jpg,106,89,94,130,0,val
003084.jpg,112,80,138,191,0,val
003085.jpg,148,71,250,326,0,val
003086.jpg,123,120,330,457,0,val
003087.jpg,294,148,361,500,0,val
003088.jpg,129,97,182,252,0,val
003089.jpg,78,60,226,313,0,val
003090.jpg,132,50,91,126,0,val
003091.jpg,82,57,166,230,0,val
003092.jpg,206,59,153,212,0,val
003093.jpg,162,68,218,302,0,val
003094.jpg,141,19,91,126,0,val
003095.jpg,152,50,101,140,0,val
003096.jpg,115,36,68,94,0,val
003097.jpg,359,191,325,450,0,val
003098.jpg,166,41,143,198,0,val
003099.jpg,83,157,174,241,0,val
003100.jpg,101,56,135,187,0,val
003101.jpg,6,81,166,230,0,val
003102.jpg,101,24,65,90,0,val
003103.jpg,89,11,130,180,0,val
003104.jpg,371,74,169,234,0,val
003105.jpg,610,333,923,1278,0,val
003106.jpg,557,253,1024,1418,0,val
003107.jpg,139,72,159,220,0,val
003108.jpg,219,63,114,158,0,val
003109.jpg,145,61,107,148,0,val
003110.jpg,63,38,252,349,0,val
003111.jpg,17,60,192,266,0,val
003112.jpg,92,92,182,252,0,val
003113.jpg,67,65,122,169,0,val
003114.jpg,99,99,208,288,0,val
003115.jpg,153,60,104,144,0,val
003116.jpg,160,99,146,202,0,val
003117.jpg,316,149,380,526,0,val
003118.jpg,39,49,159,220,0,val
003119.jpg,62,92,151,209,0,val
003120.jpg,136,64,216,299,0,val
003121.jpg,57,44,161,223,0,val
003122.jpg,62,59,200,277,0,val
003123.jpg,786,359,502,695,0,val
003124.jpg,69,101,237,328,0,val
003125.jpg,91,94,174,241,0,val
003126.jpg,90,85,161,223,0,val
003127.jpg,151,110,143,198,0,val
003128.jpg,96,45,325,450,0,val
003129.jpg,152,49,156,216,0,val
003130.jpg,127,90,122,169,0,val
003131.jpg,917,75,218,302,0,val
003132.jpg,520,159,369,511,0,val
003133.jpg,473,40,143,198,0,val
003134.jpg,504,142,385,533,0,val
003135.jpg,15,21,75,104,0,val
003136.jpg,25,57,101,140,0,val
003137.jpg,194,91,257,356,0,val
003138.jpg,303,34,107,148,0,val
003139.jpg,93,78,140,194,0,val
003140.jpg,121,46,60,83,0,val
003141.jpg,125,149,224,310,0,val
003142.jpg,329,88,218,302,0,val
003143.jpg,218,51,317,439,0,val
003144.jpg,92,8,224,310,0,val
003145.jpg,377,38,122,169,0,val
003146.jpg,72,29,265,367,0,val
003147.jpg,72,102,226,313,0,val
003148.jpg,373,49,114,158,0,val
003149.jpg,18,47,156,216,0,val
003150.jpg,64,124,265,367,0,val
003151.jpg,143,67,81,112,0,val
003152.jpg,366,113,156,216,0,val
003153.jpg,101,78,226,313,0,val
003154.jpg,95,32,124,191,0,val
003155.jpg,706,195,307,425,0,val
003156.jpg,206,29,148,205,0,val
003157.jpg,29,50,138,191,0,val
003158.jpg,47,51,47,65,0,val
003159.jpg,112,78,117,162,0,val
003160.jpg,73,65,161,223,0,val
003161.jpg,84,113,250,346,0,val
003162.jpg,232,47,211,292,0,val
003163.jpg,92,65,161,223,0,val
003164.jpg,672,24,159,220,0,val
003165.jpg,137,62,159,220,0,val
003166.jpg,193,61,185,256,0,val
003167.jpg,196,60,62,86,0,val
003168.jpg,555,206,172,238,0,val
003169.jpg,438,131,161,223,0,val
003170.jpg,21,68,114,158,0,val
003171.jpg,111,81,198,274,0,val
003172.jpg,97,1,143,198,0,val
003173.jpg,73,74,187,259,0,val
003174.jpg,117,55,169,234,0,val
003175.jpg,88,22,260,360,0,val
003176.jpg,176,66,385,531,0,val
003177.jpg,12,22,73,101,0,val
003178.jpg,81,121,174,241,0,val
003179.jpg,737,89,161,223,0,val
003180.jpg,308,1,200,277,0,val
003181.jpg,238,42,221,306,0,val
003182.jpg,56,54,221,306,0,val
003183.jpg,413,223,390,540,0,val
003184.jpg,204,176,205,284,0,val
003185.jpg,133,107,187,259,0,val
003186.jpg,101,65,125,173,0,val
003187.jpg,100,66,140,194,0,val
003188.jpg,94,34,112,155,0,val
003189.jpg,120,28,148,205,0,val
003190.jpg,44,66,143,198,0,val
003191.jpg,128,57,122,169,0,val
003192.jpg,107,55,166,230,0,val
003193.jpg,161,37,94,130,0,val
003194.jpg,156,96,81,112,0,val
003195.jpg,141,89,135,187,0,val
003196.jpg,82,81,133,184,0,val
003197.jpg,69,57,96,133,0,val
003198.jpg,12,35,107,148,0,val
003199.jpg,95,81,140,194,0,val
003200.jpg,199,35,166,230,0,val
003201.jpg,66,138,179,248,0,val
003202.jpg,84,60,190,263,0,val
003203.jpg,72,172,177,245,0,val
003204.jpg,93,70,289,400,0,val
003205.jpg,123,11,140,194,0,val
003206.jpg,98,49,104,144,0,val
003207.jpg,79,100,268,371,0,val
003208.jpg,119,48,88,122,0,val
003209.jpg,86,160,213,295,0,val
003210.jpg,62,21,195,270,0,val
003211.jpg,11,18,164,227,0,val
003212.jpg,306,33,315,436,0,val
003213.jpg,77,32,237,328,0,val
003214.jpg,51,49,125,173,0,val
003215.jpg,76,71,187,259,0,val
003216.jpg,110,79,148,205,0,val
003217.jpg,86,79,117,162,0,val
003218.jpg,262,53,120,166,0,val
003219.jpg,189,59,198,274,0,val
003220.jpg,187,50,138,191,0,val
003221.jpg,24,30,107,148,0,val
003222.jpg,572,126,372,515,0,val
003223.jpg,92,125,153,212,0,val
003224.jpg,720,288,702,972,0,val
003225.jpg,139,116,177,245,0,val
003226.jpg,254,109,177,245,0,val
003227.jpg,44,13,68,94,0,val
003228.jpg,116,119,172,238,0,val
003229.jpg,6,77,325,421,0,val
003230.jpg,59,35,146,202,0,val
003231.jpg,175,90,146,202,0,val
003232.jpg,120,107,164,227,0,val
003233.jpg,119,81,159,220,0,val
003234.jpg,353,81,122,169,0,val
003235.jpg,63,52,252,349,0,val
003236.jpg,235,120,83,115,0,val
003237.jpg,117,52,133,184,0,val
003238.jpg,173,124,237,328,0,val
003239.jpg,183,72,133,184,0,val
003240.jpg,347,36,348,482,0,val
003241.jpg,144,71,125,173,0,val
003242.jpg,171,21,148,205,0,val
003243.jpg,84,57,114,158,0,val
003244.jpg,459,70,190,263,0,val
003245.jpg,110,50,107,148,0,val
003246.jpg,918,115,546,756,0,val
003247.jpg,495,315,426,590,0,val
003248.jpg,174,93,73,101,0,val
003249.jpg,188,358,757,1048,0,val
003250.jpg,93,37,257,356,0,val
003251.jpg,335,133,437,605,0,val
003252.jpg,199,25,187,259,0,val
003253.jpg,65,35,151,209,0,val
003254.jpg,13,112,270,374,0,val
003255.jpg,45,39,302,418,0,val
003256.jpg,123,67,224,310,0,val
003257.jpg,127,52,156,216,0,val
003258.jpg,184,31,213,295,0,val
003259.jpg,131,143,83,115,0,val
003260.jpg,23,53,146,178,0,val
003261.jpg,161,101,320,443,0,val
003262.jpg,214,20,96,133,0,val
003263.jpg,152,86,159,220,0,val
003264.jpg,291,25,138,191,0,val
003265.jpg,75,59,192,266,0,val
003266.jpg,34,83,211,292,0,val
003267.jpg,119,100,247,318,0,val
003268.jpg,584,426,861,1192,0,val
003269.jpg,79,60,169,234,0,val
003270.jpg,30,34,86,119,0,val
003271.jpg,165,40,195,270,0,val
003272.jpg,81,61,159,220,0,val
003273.jpg,465,352,411,569,0,val
003274.jpg,45,61,231,320,0,val
003275.jpg,240,50,94,130,0,val
003276.jpg,321,91,161,223,0,val
003277.jpg,118,130,263,364,0,val
003278.jpg,64,71,81,112,0,val
003279.jpg,226,56,138,191,0,val
003280.jpg,115,134,159,220,0,val
003281.jpg,78,83,153,212,0,val
003282.jpg,71,83,182,252,0,val
003283.jpg,186,43,148,205,0,val
003284.jpg,98,63,78,108,0,val
003285.jpg,81,97,268,371,0,val
003286.jpg,95,61,166,230,0,val
003287.jpg,263,136,234,324,0,val
003288.jpg,167,126,172,238,0,val
003289.jpg,45,36,140,194,0,val
003290.jpg,390,139,361,500,0,val
003291.jpg,215,45,174,241,0,val
003292.jpg,80,24,161,196,0,val
003293.jpg,171,33,104,144,0,val
003294.jpg,92,80,198,274,0,val
003295.jpg,150,78,208,288,0,val
003296.jpg,72,127,341,472,0,val
003297.jpg,132,79,166,230,0,val
003298.jpg,46,26,112,155,0,val
003299.jpg,82,91,190,263,0,val
003300.jpg,129,62,104,144,0,val
003301.jpg,111,171,291,403,0,val
003302.jpg,87,43,237,318,0,val
003303.jpg,232,46,114,158,0,val
003304.jpg,526,406,697,965,0,val
003305.jpg,78,82,200,277,0,val
003306.jpg,176,52,135,187,0,val
003307.jpg,116,25,68,94,0,val
003308.jpg,89,88,208,288,0,val
003309.jpg,13,28,270,374,0,val
003310.jpg,60,68,195,270,0,val
003311.jpg,258,48,346,479,0,val
003312.jpg,180,106,190,263,0,val
003313.jpg,226,145,140,194,0,val
003314.jpg,237,43,101,140,0,val
003315.jpg,194,144,247,342,0,val
003316.jpg,133,44,153,212,0,val
003317.jpg,207,192,88,122,0,val
003318.jpg,150,55,114,158,0,val
003319.jpg,181,124,205,284,0,val
003320.jpg,31,74,133,183,0,val
003321.jpg,163,67,192,266,0,val
003322.jpg,318,209,536,742,0,val
003323.jpg,237,94,187,259,0,val
003324.jpg,96,79,208,288,0,val
003325.jpg,170,11,205,284,0,val
003326.jpg,357,339,471,652,0,val
003327.jpg,16,53,200,277,0,val
003328.jpg,170,32,127,176,0,val
003329.jpg,81,88,146,202,0,val
003330.jpg,67,119,242,335,0,val
003331.jpg,924,332,499,691,0,val
003332.jpg,186,6,117,162,0,val
003333.jpg,101,56,138,191,0,val
003334.jpg,147,38,153,212,0,val
003335.jpg,1064,421,1422,1969,0,val
003336.jpg,121,85,169,234,0,val
003337.jpg,139,79,166,230,0,val
003338.jpg,134,148,169,234,0,val
003339.jpg,394,490,632,875,0,val
003340.jpg,83,75,218,302,0,val
003341.jpg,313,58,86,119,0,val
003342.jpg,242,59,91,126,0,val
003343.jpg,138,44,104,144,0,val
003344.jpg,91,57,140,194,0,val
003345.jpg,30,101,187,259,0,val
003346.jpg,129,62,94,130,0,val
003347.jpg,255,51,120,166,0,val
003348.jpg,78,65,182,252,0,val
003349.jpg,156,72,127,176,0,val
003350.jpg,96,40,109,151,0,val
003351.jpg,141,95,127,176,0,val
003352.jpg,468,35,117,162,0,val
003353.jpg,194,212,205,284,0,val
003354.jpg,379,323,770,1066,0,val
003355.jpg,80,47,135,187,0,val
003356.jpg,139,80,122,169,0,val
003357.jpg,137,39,109,151,0,val
003358.jpg,47,59,140,194,0,val
003359.jpg,81,77,190,263,0,val
003360.jpg,478,108,187,259,0,val
003361.jpg,190,10,237,328,0,val
003362.jpg,142,62,78,108,0,val
003363.jpg,31,50,159,220,0,val
003364.jpg,63,14,153,212,0,val
003365.jpg,177,229,161,223,0,val
003366.jpg,138,20,159,220,0,val
003367.jpg,136,66,161,223,0,val
003368.jpg,174,26,104,144,0,val
003369.jpg,22,79,172,238,0,val
003370.jpg,41,28,114,158,0,val
003371.jpg,54,105,218,302,0,val
003372.jpg,66,37,125,173,0,val
003373.jpg,187,163,169,234,0,val
003374.jpg,118,72,257,356,0,val
003375.jpg,375,65,109,151,0,val
003376.jpg,187,147,161,223,0,val
003377.jpg,156,98,146,202,0,val
003378.jpg,108,154,257,356,0,val
003379.jpg,75,68,226,313,0,val
003380.jpg,65,50,125,173,0,val
003381.jpg,95,71,83,115,0,val
003382.jpg,127,197,512,709,0,val
003383.jpg,519,39,273,378,0,val
003384.jpg,245,3,237,328,0,val
003385.jpg,175,15,78,108,0,val
003386.jpg,66,98,192,266,0,val
003387.jpg,83,102,177,245,0,val
003388.jpg,213,68,161,223,0,val
003389.jpg,133,73,172,238,0,val
003390.jpg,29,32,117,162,0,val
003391.jpg,170,55,153,212,0,val
003392.jpg,82,57,203,281,0,val
003393.jpg,1,26,153,206,0,val
003394.jpg,85,56,187,259,0,val
003395.jpg,102,28,86,119,0,val
003396.jpg,124,36,94,130,0,val
003397.jpg,55,67,229,317,0,val
003398.jpg,340,29,83,115,0,val
003399.jpg,62,41,169,234,0,val
003400.jpg,193,57,164,227,0,val
003401.jpg,131,140,255,353,0,val
003402.jpg,86,53,148,205,0,val
003403.jpg,172,120,91,126,0,val
003404.jpg,105,118,151,209,0,val
003405.jpg,89,105,203,281,0,val
003406.jpg,82,72,174,241,0,val
003407.jpg,114,91,198,274,0,val
003408.jpg,20,14,75,104,0,val
003409.jpg,194,74,101,140,0,val
003410.jpg,677,116,374,518,0,val
003411.jpg,220,160,348,482,0,val
003412.jpg,108,85,187,259,0,val
003413.jpg,327,36,133,184,0,val
003414.jpg,90,71,224,310,0,val
003415.jpg,83,64,112,155,0,val
003416.jpg,421,182,255,353,0,val
003417.jpg,45,50,96,133,0,val
003418.jpg,202,128,112,155,0,val
003419.jpg,197,46,133,184,0,val
003420.jpg,96,89,224,310,0,val
003421.jpg,191,22,94,130,0,val
003422.jpg,119,68,159,220,0,val
003423.jpg,42,41,190,263,0,val
003424.jpg,148,50,73,101,0,val
003425.jpg,164,89,143,198,0,val
003426.jpg,67,43,140,194,0,val
003427.jpg,166,78,143,198,0,val
003428.jpg,63,84,200,277,0,val
003429.jpg,82,80,148,205,0,val
003430.jpg,151,79,224,310,0,val
003431.jpg,211,106,140,194,0,val
003432.jpg,145,104,198,274,0,val
003433.jpg,210,83,88,122,0,val
003434.jpg,20,45,276,382,0,val
003435.jpg,118,119,177,245,0,val
003436.jpg,166,50,156,216,0,val
003437.jpg,172,83,255,353,0,val
003438.jpg,121,86,130,180,0,val
003439.jpg,79,73,247,342,0,val
003440.jpg,175,105,138,191,0,val
003441.jpg,198,115,307,425,0,val
003442.jpg,166,67,190,263,0,val
003443.jpg,275,33,125,173,0,val
003444.jpg,116,32,94,130,0,val
003445.jpg,29,87,161,223,0,val
003446.jpg,51,68,283,392,0,val
003447.jpg,170,56,169,234,0,val
003448.jpg,107,89,122,169,0,val
003449.jpg,61,68,125,173,0,val
003450.jpg,83,41,218,302,0,val
003451.jpg,212,62,88,122,0,val
003452.jpg,36,112,185,256,0,val
003453.jpg,96,83,164,227,0,val
003454.jpg,59,41,138,191,0,val
003455.jpg,127,258,52,72,0,val
003456.jpg,88,63,156,216,0,val
003457.jpg,31,79,218,302,0,val
003458.jpg,658,155,361,500,0,val
003459.jpg,91,64,213,295,0,val
003460.jpg,66,52,109,151,0,val
003461.jpg,238,19,153,212,0,val
003462.jpg,339,224,369,511,0,val
003463.jpg,99,14,120,166,0,val
003464.jpg,69,91,247,342,0,val
003465.jpg,42,40,192,266,0,val
003466.jpg,256,123,255,353,0,val
003467.jpg,31,114,198,274,0,val
003468.jpg,31,39,83,115,0,val
003469.jpg,334,58,125,173,0,val
003470.jpg,524,139,299,414,0,val
003471.jpg,16,70,125,173,0,val
003472.jpg,131,73,283,392,0,val
003473.jpg,67,48,81,112,0,val
003474.jpg,233,44,122,169,0,val
003475.jpg,11,47,187,259,0,val
003476.jpg,62,105,226,313,0,val
003477.jpg,199,40,153,212,0,val
003478.jpg,77,100,166,230,0,val
003479.jpg,129,64,135,187,0,val
003480.jpg,169,86,166,230,0,val
003481.jpg,69,62,153,212,0,val
003482.jpg,113,74,117,162,0,val
003483.jpg,25,71,104,144,0,val
003484.jpg,360,273,218,302,0,val
003485.jpg,109,45,138,191,0,val
003486.jpg,79,222,213,295,0,val
003487.jpg,123,80,107,148,0,val
003488.jpg,107,47,177,245,0,val
003489.jpg,196,153,270,374,0,val
003490.jpg,94,112,195,270,0,val
003491.jpg,190,46,182,252,0,val
003492.jpg,61,36,130,180,0,val
003493.jpg,181,57,182,252,0,val
003494.jpg,79,42,161,223,0,val
003495.jpg,229,16,120,166,0,val
003496.jpg,52,90,270,374,0,val
003497.jpg,176,60,151,209,0,val
003498.jpg,223,31,62,86,0,val
003499.jpg,280,277,281,389,0,val
003500.jpg,106,69,208,288,0,val
003501.jpg,127,177,91,126,0,val
003502.jpg,224,45,107,148,0,val
003503.jpg,58,30,49,68,0,val
003504.jpg,87,95,297,402,0,val
003505.jpg,79,73,164,227,0,val
003506.jpg,26,38,73,101,0,val
003507.jpg,95,25,185,256,0,val
003508.jpg,388,85,192,266,0,val
003509.jpg,104,92,120,166,0,val
003510.jpg,66,42,203,281,0,val
003511.jpg,82,28,107,148,0,val
003512.jpg,275,148,523,724,0,val
003513.jpg,11,65,242,298,0,val
003514.jpg,174,62,177,245,0,val
003515.jpg,20,58,88,122,0,val
003516.jpg,51,58,151,209,0,val
003517.jpg,207,71,153,212,0,val
003518.jpg,40,51,94,130,0,val
003519.jpg,185,106,86,119,0,val
003520.jpg,54,77,179,248,0,val
003521.jpg,114,66,117,162,0,val
003522.jpg,25,70,218,302,0,val
003523.jpg,56,96,166,230,0,val
003524.jpg,71,118,252,349,0,val
003525.jpg,114,103,148,205,0,val
003526.jpg,58,48,231,309,0,val
003527.jpg,75,1,203,281,0,val
003528.jpg,83,15,164,200,0,val
003529.jpg,186,5,135,187,0,val
003530.jpg,92,55,146,202,0,val
003531.jpg,73,139,239,331,0,val
003532.jpg,47,50,127,176,0,val
003533.jpg,263,219,312,432,0,val
003534.jpg,260,43,133,184,0,val
003535.jpg,115,120,244,338,0,val
003536.jpg,82,108,239,331,0,val
003537.jpg,73,29,125,173,0,val
003538.jpg,72,28,122,169,0,val
003539.jpg,89,63,101,140,0,val
003540.jpg,35,54,49,68,0,val
003541.jpg,95,96,169,234,0,val
003542.jpg,112,99,195,270,0,val
003543.jpg,280,55,172,238,0,val
003544.jpg,28,40,159,220,0,val
003545.jpg,735,252,546,756,0,val
003546.jpg,265,181,322,446,0,val
003547.jpg,49,87,234,324,0,val
003548.jpg,110,67,91,126,0,val
003549.jpg,69,86,255,353,0,val
003550.jpg,169,46,65,90,0,val
003551.jpg,482,321,705,976,0,val
003552.jpg,131,62,104,144,0,val
003553.jpg,157,45,143,198,0,val
003554.jpg,107,97,263,364,0,val
003555.jpg,87,62,107,148,0,val
003556.jpg,84,68,122,169,0,val
003557.jpg,61,85,174,241,0,val
003558.jpg,161,48,229,317,0,val
003559.jpg,37,6,94,137,0,val
003560.jpg,169,17,122,169,0,val
003561.jpg,463,49,434,601,0,val
003562.jpg,66,108,187,259,0,val
003563.jpg,63,29,86,119,0,val
003564.jpg,519,31,234,324,0,val
003565.jpg,170,76,151,209,0,val
003566.jpg,106,73,164,227,0,val
003567.jpg,153,109,260,360,0,val
003568.jpg,355,86,127,176,0,val
003569.jpg,197,191,426,590,0,val
003570.jpg,85,115,151,209,0,val
003571.jpg,153,199,312,432,0,val
003572.jpg,90,36,172,238,0,val
003573.jpg,127,62,91,126,0,val
003574.jpg,67,56,205,284,0,val
003575.jpg,168,117,455,630,0,val
003576.jpg,113,82,208,288,0,val
003577.jpg,362,199,372,515,0,val
003578.jpg,304,31,151,209,0,val
003579.jpg,770,1,382,529,0,val
003580.jpg,24,55,78,108,0,val
003581.jpg,116,75,120,166,0,val
003582.jpg,126,58,187,259,0,val
003583.jpg,87,63,179,248,0,val
003584.jpg,107,101,372,496,0,val
003585.jpg,46,63,231,320,0,val
003586.jpg,223,100,140,194,0,val
003587.jpg,105,109,239,331,0,val
003588.jpg,107,92,205,284,0,val
003589.jpg,143,66,133,184,0,val
003590.jpg,69,59,135,187,0,val
003591.jpg,116,171,205,284,0,val
003592.jpg,41,23,104,141,0,val
003593.jpg,188,42,130,180,0,val
003594.jpg,370,47,182,252,0,val
003595.jpg,60,101,335,396,0,val
003596.jpg,87,69,200,277,0,val
003597.jpg,132,83,78,108,0,val
003598.jpg,742,72,489,677,0,val
003599.jpg,103,90,127,176,0,val
003600.jpg,142,60,164,227,0,val
003601.jpg,54,38,57,79,0,val
003602.jpg,15,37,109,134,0,val
003603.jpg,148,107,226,313,0,val
003604.jpg,76,79,130,180,0,val
003605.jpg,141,94,151,209,0,val
003606.jpg,68,74,156,216,0,val
003607.jpg,103,38,88,122,0,val
003608.jpg,45,10,148,205,0,val
003609.jpg,91,21,138,191,0,val
003610.jpg,171,120,211,292,0,val
003611.jpg,622,56,148,205,0,val
003612.jpg,110,82,166,230,0,val
003613.jpg,541,123,491,680,0,val
003614.jpg,109,53,156,216,0,val
003615.jpg,102,132,200,277,0,val
003616.jpg,164,75,112,155,0,val
003617.jpg,48,129,192,266,0,val
003618.jpg,90,117,229,317,0,val
003619.jpg,229,35,99,137,0,val
003620.jpg,74,87,190,263,0,val
003621.jpg,72,73,231,320,0,val
003622.jpg,963,419,627,868,0,val
003623.jpg,65,60,166,230,0,val
003624.jpg,113,114,156,216,0,val
003625.jpg,663,10,244,338,0,val
003626.jpg,352,195,294,407,0,val
003627.jpg,86,24,226,313,0,val
003628.jpg,56,115,309,382,0,val
003629.jpg,97,59,104,144,0,val
003630.jpg,114,48,567,669,0,val
003631.jpg,54,130,156,216,0,val
003632.jpg,112,71,114,158,0,val
003633.jpg,133,67,140,194,0,val
003634.jpg,467,136,430,713,0,val
003635.jpg,135,71,185,256,0,val
003636.jpg,1,9,159,220,0,val
003637.jpg,104,74,114,158,0,val
003638.jpg,38,24,86,119,0,val
003639.jpg,70,102,299,373,0,val
003640.jpg,146,271,294,407,0,val
003641.jpg,198,61,117,162,0,val
003642.jpg,138,85,208,288,0,val
003643.jpg,193,121,274,443,0,val
003644.jpg,52,73,226,313,0,val
003645.jpg,86,41,218,302,0,val
003646.jpg,128,78,164,227,0,val
003647.jpg,346,88,569,788,0,val
003648.jpg,46,61,161,217,0,val
003649.jpg,313,181,364,504,0,val
003650.jpg,10,19,120,166,0,val
003651.jpg,159,47,88,122,0,val
003652.jpg,189,239,692,958,0,val
003653.jpg,256,151,148,205,0,val
003654.jpg,74,104,156,216,0,val
003655.jpg,217,111,281,389,0,val
003656.jpg,209,22,120,166,0,val
003657.jpg,27,25,120,165,0,val
003658.jpg,108,82,138,191,0,val
003659.jpg,100,81,169,234,0,val
003660.jpg,22,23,156,216,0,val
003661.jpg,162,55,140,194,0,val
003662.jpg,106,67,218,302,0,val
003663.jpg,111,1,171,335,0,val
003664.jpg,136,32,354,490,0,val
003665.jpg,161,178,250,346,0,val
003666.jpg,184,66,159,220,0,val
003667.jpg,80,47,120,166,0,val
003668.jpg,149,180,458,634,0,val
003669.jpg,247,53,133,184,0,val
003670.jpg,1164,69,302,418,0,val
003671.jpg,246,256,676,936,0,val
003672.jpg,122,54,130,180,0,val
003673.jpg,471,49,127,176,0,val
003674.jpg,159,86,190,263,0,val
003675.jpg,165,20,289,400,0,val
003676.jpg,71,47,101,140,0,val
003677.jpg,134,194,151,209,0,val
003678.jpg,33,13,68,94,0,val
003679.jpg,114,69,135,187,0,val
003680.jpg,52,20,65,90,0,val
003681.jpg,76,65,156,216,0,val
003682.jpg,108,24,161,223,0,val
003683.jpg,127,96,286,396,0,val
003684.jpg,29,93,296,404,0,val
003685.jpg,146,57,205,284,0,val
003686.jpg,25,19,70,97,0,val
003687.jpg,106,74,130,180,0,val
003688.jpg,172,40,62,86,0,val
003689.jpg,176,71,130,180,0,val
003690.jpg,135,91,179,248,0,val
003691.jpg,120,80,140,194,0,val
003692.jpg,303,121,164,227,0,val
003693.jpg,598,34,252,349,0,val
003694.jpg,62,48,132,191,0,val
003695.jpg,47,48,86,119,0,val
003696.jpg,88,103,359,497,0,val
003697.jpg,154,101,208,288,0,val
003698.jpg,217,211,359,497,0,val
003699.jpg,15,29,122,157,0,val
003700.jpg,2,37,146,192,0,val
003701.jpg,84,46,99,137,0,val
003702.jpg,92,20,143,220,0,val
003703.jpg,155,72,99,137,0,val
003704.jpg,83,124,198,274,0,val
003705.jpg,48,36,122,169,0,val
003706.jpg,44,91,140,194,0,val
003707.jpg,123,76,274,432,0,val
003708.jpg,88,64,195,270,0,val
003709.jpg,171,38,190,263,0,val
003710.jpg,73,57,211,292,0,val
003711.jpg,121,71,133,184,0,val
003712.jpg,130,54,156,216,0,val
003713.jpg,58,80,135,187,0,val
003714.jpg,19,54,101,140,0,val
003715.jpg,94,47,148,205,0,val
003716.jpg,234,137,489,677,0,val
003717.jpg,98,71,127,176,0,val
003718.jpg,107,109,299,414,0,val
003719.jpg,110,132,325,450,0,val
003720.jpg,44,39,78,108,0,val
003721.jpg,41,51,130,180,0,val
003722.jpg,119,98,101,140,0,val
003723.jpg,90,93,229,317,0,val
003724.jpg,79,84,166,230,0,val
003725.jpg,38,71,143,172,0,val
003726.jpg,144,46,122,169,0,val
003727.jpg,195,114,153,212,0,val
003728.jpg,257,109,109,151,0,val
003729.jpg,179,44,117,162,0,val
003730.jpg,97,208,159,220,0,val
003731.jpg,401,75,190,263,0,val
003732.jpg,105,72,55,76,0,val
003733.jpg,116,13,117,162,0,val
003734.jpg,47,58,127,176,0,val
003735.jpg,56,53,151,209,0,val
003736.jpg,288,95,231,320,0,val
003737.jpg,32,29,91,126,0,val
003738.jpg,191,45,172,238,0,val
003739.jpg,371,70,187,259,0,val
003740.jpg,121,103,96,133,0,val
003741.jpg,1061,332,260,360,0,val
003742.jpg,98,82,348,482,0,val
003743.jpg,94,89,187,259,0,val
003744.jpg,141,35,68,94,0,val
003745.jpg,581,236,523,724,0,val
003746.jpg,54,19,135,187,0,val
003747.jpg,233,265,580,803,0,val
003748.jpg,77,49,83,115,0,val
003749.jpg,719,718,754,1044,0,val
003750.jpg,46,60,133,184,0,val
003751.jpg,113,57,114,158,0,val
003752.jpg,131,46,140,194,0,val
003753.jpg,136,108,166,230,0,val
003754.jpg,308,64,104,144,0,val
003755.jpg,84,59,185,256,0,val
003756.jpg,1163,434,481,666,0,val
003757.jpg,151,36,156,216,0,val
003758.jpg,246,75,70,97,0,val
003759.jpg,69,61,195,270,0,val
003760.jpg,107,51,151,209,0,val
003761.jpg,86,70,307,425,0,val
003762.jpg,38,53,83,115,0,val
003763.jpg,1,58,161,223,0,val
003764.jpg,91,42,91,126,0,val
003765.jpg,75,44,143,198,0,val
003766.jpg,36,46,99,137,0,val
003767.jpg,498,187,1061,1469,0,val
003768.jpg,304,135,367,508,0,val
003769.jpg,202,41,91,126,0,val
003770.jpg,18,50,112,155,0,val
003771.jpg,873,134,543,752,0,val
003772.jpg,125,104,133,184,0,val
003773.jpg,52,61,229,317,0,val
003774.jpg,285,36,200,277,0,val
003775.jpg,485,351,572,792,0,val
003776.jpg,90,104,159,220,0,val
003777.jpg,46,62,117,162,0,val
003778.jpg,165,44,78,108,0,val
003779.jpg,102,65,153,212,0,val
003780.jpg,108,92,247,342,0,val
003781.jpg,74,111,200,277,0,val
003782.jpg,95,70,153,212,0,val
003783.jpg,58,33,146,202,0,val
003784.jpg,32,26,140,194,0,val
003785.jpg,259,53,164,227,0,val
003786.jpg,1,58,146,202,0,val
003787.jpg,79,76,112,155,0,val
003788.jpg,208,36,138,191,0,val
003789.jpg,1742,220,939,1300,0,val
003790.jpg,60,155,203,281,0,val
003791.jpg,94,85,156,216,0,val
003792.jpg,164,179,179,248,0,val
003793.jpg,192,140,395,547,0,val
003794.jpg,66,31,208,281,0,val
003795.jpg,203,109,421,583,0,val
003796.jpg,268,65,91,126,0,val
003797.jpg,101,57,185,245,0,val
003798.jpg,192,22,138,191,0,val
003799.jpg,126,70,161,223,0,val
003800.jpg,67,102,211,292,0,val
003801.jpg,107,84,203,281,0,val
003802.jpg,279,18,179,248,0,val
003803.jpg,91,104,169,234,0,val
003804.jpg,86,101,130,180,0,val
003805.jpg,100,45,146,202,0,val
003806.jpg,65,94,218,302,0,val
003807.jpg,44,68,179,248,0,val
003808.jpg,104,28,78,108,0,val
003809.jpg,172,39,75,104,0,val
003810.jpg,87,69,203,281,0,val
003811.jpg,213,124,224,310,0,val
003812.jpg,100,93,281,389,0,val
003813.jpg,20,102,263,364,0,val
003814.jpg,341,176,226,313,0,val
003815.jpg,1,70,211,265,0,val
003816.jpg,111,69,182,252,0,val
003817.jpg,50,63,81,112,0,val
003818.jpg,79,63,156,216,0,val
003819.jpg,107,41,101,140,0,val
003820.jpg,152,69,185,256,0,val
003821.jpg,432,436,741,1026,0,val
003822.jpg,53,34,195,270,0,val
003823.jpg,190,88,117,162,0,val
003824.jpg,84,112,255,353,0,val
003825.jpg,188,76,224,310,0,val
003826.jpg,72,42,88,122,0,val
003827.jpg,118,46,127,176,0,val
003828.jpg,266,108,174,241,0,val
003829.jpg,76,87,244,338,0,val
003830.jpg,112,168,179,248,0,val
003831.jpg,206,106,177,236,0,val
003832.jpg,236,88,192,266,0,val
003833.jpg,189,41,86,119,0,val
003834.jpg,83,71,81,112,0,val
003835.jpg,110,85,107,148,0,val
003836.jpg,272,44,148,205,0,val
003837.jpg,340,123,250,346,0,val
003838.jpg,128,85,187,259,0,val
003839.jpg,75,42,122,169,0,val
003840.jpg,56,25,156,212,0,val
003841.jpg,140,138,94,130,0,val
003842.jpg,84,78,135,187,0,val
003843.jpg,116,64,107,148,0,val
003844.jpg,400,201,340,605,0,val
003845.jpg,55,26,195,270,0,val
003846.jpg,106,78,268,320,0,val
003847.jpg,85,26,161,223,0,val
003848.jpg,184,104,130,180,0,val
003849.jpg,24,41,125,173,0,val
003850.jpg,1,50,169,222,0,val
003851.jpg,185,37,101,140,0,val
003852.jpg,211,34,47,65,0,val
003853.jpg,75,86,166,230,0,val
003854.jpg,119,3,187,259,0,val
003855.jpg,129,46,179,248,0,val
003856.jpg,66,45,81,112,0,val
003857.jpg,171,44,174,241,0,val
003858.jpg,108,100,226,313,0,val
003859.jpg,33,78,278,352,0,val
003860.jpg,49,57,140,194,0,val
003861.jpg,381,208,208,288,0,val
003862.jpg,58,96,205,284,0,val
003863.jpg,92,37,177,245,0,val
003864.jpg,94,95,231,320,0,val
003865.jpg,20,59,211,262,0,val
003866.jpg,64,1,135,187,0,val
003867.jpg,182,157,140,194,0,val
003868.jpg,34,34,104,144,0,val
003869.jpg,260,32,94,130,0,val
003870.jpg,90,70,122,169,0,val
003871.jpg,156,47,125,173,0,val
003872.jpg,97,78,125,173,0,val
003873.jpg,91,53,135,187,0,val
003874.jpg,120,64,138,191,0,val
003875.jpg,86,22,270,374,0,val
003876.jpg,65,16,309,380,0,val
003877.jpg,63,68,169,234,0,val
003878.jpg,191,29,101,140,0,val
003879.jpg,133,68,263,364,0,val
003880.jpg,172,79,133,184,0,val
003881.jpg,41,78,127,176,0,val
003882.jpg,104,96,156,216,0,val
003883.jpg,38,49,101,140,0,val
003884.jpg,67,52,242,335,0,val
003885.jpg,80,92,218,302,0,val
003886.jpg,111,57,179,248,0,val
003887.jpg,49,15,81,122,0,val
003888.jpg,54,42,109,151,0,val
003889.jpg,84,51,265,367,0,val
003890.jpg,22,87,278,385,0,val
003891.jpg,65,45,133,184,0,val
003892.jpg,321,94,354,490,0,val
003893.jpg,251,70,174,241,0,val
003894.jpg,94,19,65,90,0,val
003895.jpg,97,64,161,223,0,val
003896.jpg,63,44,130,180,0,val
003897.jpg,192,81,244,338,0,val
003898.jpg,42,153,257,344,0,val
003899.jpg,314,89,380,526,0,val
003900.jpg,207,61,185,256,0,val
003901.jpg,146,85,247,342,0,val
003902.jpg,54,28,114,158,0,val
003903.jpg,169,102,112,155,0,val
003904.jpg,146,119,75,104,0,val
003905.jpg,79,65,70,97,0,val
003906.jpg,46,37,112,155,0,val
003907.jpg,260,144,169,234,0,val
003908.jpg,37,14,148,205,0,val
003909.jpg,75,106,208,288,0,val
003910.jpg,182,78,146,202,0,val
003911.jpg,110,181,244,338,0,val
003912.jpg,13,19,99,137,0,val
003913.jpg,52,33,65,90,0,val
003914.jpg,211,67,172,238,0,val
003915.jpg,42,22,86,119,0,val
003916.jpg,273,272,447,619,0,val
003917.jpg,176,39,122,169,0,val
003918.jpg,216,94,164,227,0,val
003919.jpg,181,108,99,137,0,val
003920.jpg,69,117,78,108,0,val
003921.jpg,120,74,198,274,0,val
003922.jpg,70,35,101,140,0,val
003923.jpg,141,39,127,176,0,val
003924.jpg,211,112,198,274,0,val
003925.jpg,111,86,148,205,0,val
003926.jpg,458,395,351,486,0,val
003927.jpg,416,173,213,295,0,val
003928.jpg,60,75,122,169,0,val
003929.jpg,109,53,247,342,0,val
003930.jpg,46,36,114,158,0,val
003931.jpg,73,89,192,266,0,val
003932.jpg,127,59,257,356,0,val
003933.jpg,301,236,575,796,0,val
003934.jpg,111,210,322,446,0,val
003935.jpg,113,129,172,238,0,val
003936.jpg,98,117,190,263,0,val
003937.jpg,403,75,252,349,0,val
003938.jpg,331,17,208,288,0,val
003939.jpg,395,73,315,436,0,val
003940.jpg,22,81,281,370,0,val
003941.jpg,66,59,242,335,0,val
003942.jpg,145,57,88,122,0,val
003943.jpg,159,24,153,212,0,val
003944.jpg,78,37,185,256,0,val
003945.jpg,71,65,101,140,0,val
003946.jpg,143,17,112,155,0,val
003947.jpg,559,30,138,191,0,val
003948.jpg,92,64,133,184,0,val
003949.jpg,96,138,291,403,0,val
003950.jpg,349,129,320,443,0,val
003951.jpg,82,82,179,248,0,val
003952.jpg,323,83,416,576,0,val
003953.jpg,190,14,60,83,0,val
003954.jpg,185,113,169,234,0,val
003955.jpg,34,55,281,389,0,val
003956.jpg,60,75,270,374,0,val
003957.jpg,128,33,78,108,0,val
003958.jpg,45,50,70,97,0,val
003959.jpg,104,41,312,432,0,val
003960.jpg,261,245,481,666,0,val
003961.jpg,63,31,143,198,0,val
003962.jpg,71,85,161,223,0,val
003963.jpg,90,49,140,194,0,val
003964.jpg,177,89,94,130,0,val
003965.jpg,128,70,205,284,0,val
003966.jpg,184,106,172,238,0,val
003967.jpg,158,72,190,263,0,val
003968.jpg,150,31,122,169,0,val
003969.jpg,150,49,169,234,0,val
003970.jpg,36,28,190,263,0,val
003971.jpg,359,100,203,281,0,val
003972.jpg,61,36,107,148,0,val
003973.jpg,6,66,161,201,0,val
003974.jpg,43,72,104,141,0,val
003975.jpg,49,79,255,353,0,val
003976.jpg,6,78,205,284,0,val
003977.jpg,46,15,305,439,0,val
003978.jpg,156,74,122,169,0,val
003979.jpg,329,33,112,155,0,val
003980.jpg,6,46,200,277,0,val
003981.jpg,52,140,257,356,0,val
003982.jpg,283,100,109,151,0,val
003983.jpg,258,172,697,965,0,val
003984.jpg,70,94,200,277,0,val
003985.jpg,118,165,273,378,0,val
003986.jpg,49,65,190,263,0,val
003987.jpg,35,56,125,173,0,val
003988.jpg,56,77,133,183,0,val
003989.jpg,115,70,120,166,0,val
003990.jpg,88,30,187,259,0,val
003991.jpg,12,45,169,234,0,val
003992.jpg,70,44,91,126,0,val
003993.jpg,65,80,255,353,0,val
003994.jpg,45,62,47,65,0,val
003995.jpg,74,74,200,277,0,val
003996.jpg,52,25,70,97,0,val
003997.jpg,105,55,169,234,0,val
003998.jpg,66,2,317,439,0,val
003999.jpg,145,93,195,270,0,val
004000.jpg,53,15,127,176,0,val
004001.jpg,50,59,91,126,0,val
004002.jpg,100,41,117,162,0,val
004003.jpg,110,71,166,230,0,val
004004.jpg,30,56,330,441,0,val
004005.jpg,215,67,122,169,0,val
004006.jpg,70,56,250,346,0,val
004007.jpg,138,77,151,209,0,val
004008.jpg,228,39,164,227,0,val
004009.jpg,34,61,265,367,0,val
004010.jpg,179,74,75,104,0,val
004011.jpg,33,23,73,101,0,val
004012.jpg,182,31,143,198,0,val
004013.jpg,295,63,86,119,0,val
004014.jpg,492,216,393,544,0,val
004015.jpg,170,37,166,230,0,val
004016.jpg,187,64,216,299,0,val
004017.jpg,326,182,117,162,0,val
004018.jpg,101,71,164,227,0,val
004019.jpg,159,34,99,137,0,val
004020.jpg,38,73,221,306,0,val
004021.jpg,52,48,83,115,0,val
004022.jpg,144,67,143,198,0,val
004023.jpg,3,68,153,168,0,val
004024.jpg,139,210,309,428,0,val
004025.jpg,65,75,109,151,0,val
004026.jpg,222,44,83,115,0,val
004027.jpg,152,89,161,223,0,val
004028.jpg,17,61,237,302,0,val
004029.jpg,32,38,116,169,0,val
004030.jpg,62,63,213,295,0,val
004031.jpg,46,89,237,328,0,val
004032.jpg,83,54,216,299,0,val
004033.jpg,338,60,333,461,0,val
004034.jpg,257,191,338,468,0,val
004035.jpg,135,22,151,209,0,val
004036.jpg,108,29,122,169,0,val
004037.jpg,7,29,169,234,0,val
004038.jpg,57,79,151,209,0,val
004039.jpg,91,67,140,194,0,val
004040.jpg,23,29,294,407,0,val
004041.jpg,175,45,44,61,0,val
004042.jpg,97,75,216,299,0,val
004043.jpg,113,53,187,259,0,val
004044.jpg,73,80,164,227,0,val
004045.jpg,353,133,312,432,0,val
004046.jpg,39,52,143,198,0,val
004047.jpg,50,30,94,130,0,val
004048.jpg,58,103,185,256,0,val
004049.jpg,176,76,96,133,0,val
004050.jpg,88,77,229,317,0,val
004051.jpg,583,78,346,479,0,val
004052.jpg,80,70,174,241,0,val
004053.jpg,113,136,179,248,0,val
004054.jpg,97,64,112,155,0,val
004055.jpg,193,57,135,187,0,val
004056.jpg,184,191,572,792,0,val
004057.jpg,66,50,200,277,0,val
004058.jpg,116,61,166,230,0,val
004059.jpg,42,52,81,112,0,val
004060.jpg,265,113,122,169,0,val
004061.jpg,265,142,182,252,0,val
004062.jpg,94,30,187,259,0,val
004063.jpg,60,25,94,130,0,val
004064.jpg,260,123,101,140,0,val
004065.jpg,163,128,299,414,0,val
004066.jpg,69,68,138,191,0,val
004067.jpg,115,284,705,976,0,val
004068.jpg,166,60,177,245,0,val
004069.jpg,121,24,127,176,0,val
004070.jpg,78,79,455,630,0,val
004071.jpg,216,54,148,205,0,val
004072.jpg,113,54,172,238,0,val
004073.jpg,201,94,208,306,0,val
004074.jpg,104,135,198,274,0,val
004075.jpg,226,198,265,367,0,val
004076.jpg,712,170,281,389,0,val
004077.jpg,102,58,164,227,0,val
004078.jpg,269,26,140,194,0,val
004079.jpg,41,150,242,335,0,val
004080.jpg,51,54,252,333,0,val
004081.jpg,35,30,122,169,0,val
004082.jpg,208,106,151,209,0,val
004083.jpg,61,39,117,162,0,val
004084.jpg,107,37,101,140,0,val
004085.jpg,170,51,140,194,0,val
004086.jpg,24,54,88,122,0,val
004087.jpg,95,26,130,180,0,val
004088.jpg,90,98,179,248,0,val
004089.jpg,184,37,55,76,0,val
004090.jpg,101,63,104,144,0,val
004091.jpg,300,17,68,94,0,val
004092.jpg,166,259,325,450,0,val
004093.jpg,264,222,465,644,0,val
004094.jpg,85,79,177,245,0,val
004095.jpg,223,84,140,194,0,val
004096.jpg,99,75,185,256,0,val
004097.jpg,72,78,205,284,0,val
004098.jpg,85,13,117,162,0,val
004099.jpg,84,42,135,187,0,val
004100.jpg,101,41,198,274,0,val
004101.jpg,101,84,218,302,0,val
004102.jpg,200,35,130,180,0,val
004103.jpg,458,16,216,299,0,val
004104.jpg,133,36,158,266,0,val
004105.jpg,462,67,208,288,0,val
004106.jpg,72,127,335,404,0,val
004107.jpg,172,119,200,277,0,val
004108.jpg,122,68,127,176,0,val
004109.jpg,206,54,179,248,0,val
004110.jpg,162,72,86,119,0,val
004111.jpg,166,39,156,216,0,val
004112.jpg,56,56,140,194,0,val
004113.jpg,138,51,117,162,0,val
004114.jpg,176,161,164,227,0,val
004115.jpg,47,44,130,180,0,val
004116.jpg,225,59,299,414,0,val
004117.jpg,106,36,133,184,0,val
004118.jpg,448,184,980,1357,0,val
004119.jpg,88,71,140,194,0,val
004120.jpg,101,78,159,220,0,val
004121.jpg,63,105,208,288,0,val
004122.jpg,120,58,104,144,0,val
004123.jpg,208,130,127,176,0,val
004124.jpg,98,53,125,173,0,val
004125.jpg,85,106,143,198,0,val
004126.jpg,188,93,286,396,0,val
004127.jpg,43,88,224,310,0,val
004128.jpg,102,100,205,284,0,val
004129.jpg,94,80,146,202,0,val
004130.jpg,118,51,57,79,0,val
004131.jpg,110,78,216,299,0,val
004132.jpg,92,70,200,277,0,val
004133.jpg,220,51,174,241,0,val
004134.jpg,137,71,125,173,0,val
004135.jpg,86,25,60,83,0,val
004136.jpg,617,579,933,1292,0,val
004137.jpg,161,60,88,122,0,val
004138.jpg,120,89,187,259,0,val
004139.jpg,112,53,47,65,0,val
004140.jpg,135,67,135,187,0,val
004141.jpg,212,112,122,169,0,val
004142.jpg,96,27,130,180,0,val
004143.jpg,49,77,138,191,0,val
004144.jpg,482,120,224,310,0,val
004145.jpg,96,96,190,263,0,val
004146.jpg,73,27,344,471,0,val
004147.jpg,108,57,78,108,0,val
004148.jpg,11,88,218,266,0,val
004149.jpg,206,88,218,302,0,val
004150.jpg,86,47,164,227,0,val
004151.jpg,438,139,192,266,0,val
004152.jpg,9,34,208,288,0,val
004153.jpg,75,35,148,205,0,val
004154.jpg,227,227,450,623,0,val
004155.jpg,32,29,151,209,0,val
004156.jpg,103,79,143,198,0,val
004157.jpg,45,82,68,94,0,val
004158.jpg,42,33,65,90,0,val
004159.jpg,80,70,159,220,0,val
004160.jpg,91,49,135,187,0,val
004161.jpg,386,78,268,371,0,val
004162.jpg,43,32,140,194,0,val
004163.jpg,938,233,387,536,0,val
004164.jpg,266,49,88,122,0,val
004165.jpg,264,49,86,119,0,val
004166.jpg,32,70,187,259,0,val
004167.jpg,46,59,81,112,0,val
004168.jpg,70,25,205,284,0,val
004169.jpg,121,55,151,209,0,val
004170.jpg,87,63,112,155,0,val
004171.jpg,52,150,213,295,0,val
004172.jpg,12,70,229,317,0,val
004173.jpg,110,20,156,216,0,val
004174.jpg,56,41,104,144,0,val
004175.jpg,145,76,205,284,0,val
004176.jpg,199,63,192,266,0,val
004177.jpg,104,61,224,310,0,val
004178.jpg,118,108,239,306,0,val
004179.jpg,84,46,169,234,0,val
004180.jpg,84,93,182,252,0,val
004181.jpg,26,85,242,335,0,val
004182.jpg,160,48,130,180,0,val
004183.jpg,194,65,244,338,0,val
004184.jpg,45,57,244,338,0,val
004185.jpg,127,41,117,162,0,val
004186.jpg,170,61,143,198,0,val
004187.jpg,35,101,231,320,0,val
004188.jpg,362,397,289,400,0,val
004189.jpg,358,211,276,382,0,val
004190.jpg,108,113,166,230,0,val
004191.jpg,228,77,179,248,0,val
004192.jpg,98,7,112,155,0,val
004193.jpg,79,64,81,112,0,val
004194.jpg,81,49,117,162,0,val
004195.jpg,179,80,166,230,0,val
004196.jpg,239,150,172,238,0,val
004197.jpg,48,23,203,271,0,val
004198.jpg,1,25,143,198,0,val
004199.jpg,65,44,83,115,0,val
004200.jpg,89,72,208,295,0,val
004201.jpg,78,145,338,468,0,val
004202.jpg,148,51,122,169,0,val
004203.jpg,245,85,99,137,0,val
004204.jpg,151,58,104,144,0,val
004205.jpg,82,73,140,194,0,val
004206.jpg,44,36,112,143,0,val
004207.jpg,117,24,47,65,0,val
004208.jpg,147,37,65,90,0,val
004209.jpg,184,43,104,144,0,val
004210.jpg,128,57,224,310,0,val
004211.jpg,38,113,244,338,0,val
004212.jpg,69,102,218,302,0,val
004213.jpg,77,66,151,209,0,val
004214.jpg,132,26,140,194,0,val
004215.jpg,89,122,198,274,0,val
004216.jpg,89,109,229,317,0,val
004217.jpg,136,101,146,202,0,val
004218.jpg,132,12,70,97,0,val
004219.jpg,80,39,146,202,0,val
004220.jpg,116,84,127,176,0,val
004221.jpg,58,75,140,194,0,val
004222.jpg,242,79,140,194,0,val
004223.jpg,17,17,114,158,0,val
004224.jpg,203,58,208,288,0,val
004225.jpg,98,89,148,205,0,val
004226.jpg,62,100,205,284,0,val
004227.jpg,32,103,281,389,0,val
004228.jpg,15,73,185,256,0,val
004229.jpg,63,102,127,176,0,val
004230.jpg,99,105,195,270,0,val
004231.jpg,7,52,203,252,0,val
004232.jpg,81,71,252,349,0,val
004233.jpg,48,51,263,364,0,val
004234.jpg,156,102,99,137,0,val
004235.jpg,331,132,645,893,0,val
004236.jpg,70,68,221,306,0,val
004237.jpg,30,69,257,356,0,val
004238.jpg,123,47,94,130,0,val
004239.jpg,94,66,107,148,0,val
004240.jpg,4,29,104,144,0,val
004241.jpg,30,90,138,191,0,val
004242.jpg,242,45,216,299,0,val
004243.jpg,75,68,185,256,0,val
004244.jpg,52,105,260,360,0,val
004245.jpg,65,36,57,79,0,val
004246.jpg,338,241,863,1195,0,val
004247.jpg,65,105,260,360,0,val
004248.jpg,9,57,300,440,0,val
004249.jpg,98,55,143,198,0,val
004250.jpg,149,76,257,356,0,val
004251.jpg,41,52,91,126,0,val
004252.jpg,45,236,491,680,0,val
004253.jpg,430,4,551,763,0,val
004254.jpg,145,115,148,205,0,val
004255.jpg,93,68,135,187,0,val
004256.jpg,138,71,99,137,0,val
004257.jpg,182,45,104,144,0,val
004258.jpg,222,117,411,569,0,val
004259.jpg,383,102,130,180,0,val
004260.jpg,14,78,153,212,0,val
004261.jpg,121,31,104,144,0,val
004262.jpg,212,38,101,140,0,val
004263.jpg,316,107,200,277,0,val
004264.jpg,165,188,151,189,0,val
004265.jpg,95,81,239,331,0,val
004266.jpg,58,18,226,313,0,val
004267.jpg,114,127,185,256,0,val
004268.jpg,179,103,190,263,0,val
004269.jpg,74,30,182,252,0,val
004270.jpg,1,25,96,133,0,val
004271.jpg,118,45,133,184,0,val
004272.jpg,230,40,166,230,0,val
004273.jpg,233,38,164,227,0,val
004274.jpg,58,111,182,252,0,val
004275.jpg,119,87,218,302,0,val
004276.jpg,107,70,101,140,0,val
004277.jpg,282,79,268,371,0,val
004278.jpg,127,39,94,130,0,val
004279.jpg,25,72,289,400,0,val
004280.jpg,92,49,99,137,0,val
004281.jpg,52,33,86,119,0,val
004282.jpg,1938,231,278,385,0,val
004283.jpg,98,78,203,281,0,val
004284.jpg,175,31,122,169,0,val
004285.jpg,60,63,221,306,0,val
004286.jpg,890,402,491,680,0,val
004287.jpg,59,56,138,191,0,val
004288.jpg,210,117,382,529,0,val
004289.jpg,121,32,57,79,0,val
004290.jpg,31,79,270,374,0,val
004291.jpg,31,104,283,392,0,val
004292.jpg,202,25,395,547,0,val
004293.jpg,50,13,75,104,0,val
004294.jpg,37,126,187,259,0,val
004295.jpg,87,162,299,414,0,val
004296.jpg,435,96,138,191,0,val
004297.jpg,91,94,307,425,0,val
004298.jpg,109,58,161,223,0,val
004299.jpg,460,159,380,526,0,val
004300.jpg,96,33,109,151,0,val
004301.jpg,126,131,315,436,0,val
004302.jpg,182,83,166,230,0,val
004303.jpg,359,297,364,504,0,val
004304.jpg,93,18,192,239,0,val
004305.jpg,111,59,208,288,0,val
004306.jpg,38,57,127,176,0,val
004307.jpg,177,65,187,259,0,val
004308.jpg,149,55,122,169,0,val
004309.jpg,101,71,133,184,0,val
004310.jpg,177,43,127,176,0,val
004311.jpg,195,65,177,245,0,val
004312.jpg,235,94,190,263,0,val
004313.jpg,8,90,276,382,0,val
004314.jpg,37,103,221,306,0,val
004315.jpg,157,72,330,457,0,val
004316.jpg,234,97,88,122,0,val
004317.jpg,84,19,101,140,0,val
004318.jpg,60,123,283,392,0,val
004319.jpg,220,141,88,122,0,val
004320.jpg,135,91,153,212,0,val
004321.jpg,115,103,234,324,0,val
004322.jpg,1296,497,525,727,0,val
004323.jpg,22,61,104,144,0,val
004324.jpg,284,60,164,227,0,val
004325.jpg,169,53,164,227,0,val
004326.jpg,41,62,260,360,0,val
004327.jpg,178,77,133,184,0,val
004328.jpg,460,50,81,112,0,val
004329.jpg,464,554,998,1382,0,val
004330.jpg,144,47,166,230,0,val
004331.jpg,87,11,211,292,0,val
004332.jpg,59,88,198,274,0,val
004333.jpg,502,388,1030,1426,0,val
004334.jpg,127,27,153,212,0,val
004335.jpg,147,71,65,90,0,val
004336.jpg,244,43,169,234,0,val
004337.jpg,155,34,83,115,0,val
004338.jpg,53,33,109,151,0,val
004339.jpg,102,75,143,198,0,val
004340.jpg,540,100,250,346,0,val
004341.jpg,103,48,86,119,0,val
004342.jpg,135,49,156,216,0,val
004343.jpg,155,81,187,259,0,val
004344.jpg,146,59,153,212,0,val
004345.jpg,106,33,127,176,0,val
004346.jpg,83,105,146,202,0,val
004347.jpg,245,34,114,158,0,val
004348.jpg,126,144,156,216,0,val
004349.jpg,204,233,455,630,0,val
004350.jpg,36,24,164,227,0,val
004351.jpg,216,52,125,173,0,val
004352.jpg,41,32,78,108,0,val
004353.jpg,19,33,166,230,0,val
004354.jpg,85,134,268,363,0,val
004355.jpg,314,374,1079,1494,0,val
004356.jpg,87,45,133,184,0,val
004357.jpg,79,58,99,137,0,val
004358.jpg,327,91,315,436,0,val
004359.jpg,121,88,172,238,0,val
004360.jpg,199,70,159,220,0,val
004361.jpg,184,43,213,270,0,val
004362.jpg,95,63,172,238,0,val
004363.jpg,82,58,195,270,0,val
004364.jpg,74,30,52,72,0,val
004365.jpg,160,76,94,130,0,val
004366.jpg,69,86,140,194,0,val
004367.jpg,51,60,120,166,0,val
004368.jpg,15,35,148,205,0,val
004369.jpg,102,115,250,346,0,val
004370.jpg,186,52,101,140,0,val
004371.jpg,87,36,127,176,0,val
004372.jpg,108,36,156,216,0,val
004373.jpg,116,66,135,187,0,val
004374.jpg,683,209,255,353,0,val
004375.jpg,66,66,159,205,0,val
004376.jpg,90,45,57,79,0,val
004377.jpg,574,60,299,414,0,val
004378.jpg,786,595,991,1372,0,val
004379.jpg,88,18,159,220,0,val
004380.jpg,56,36,78,102,0,val
004381.jpg,142,8,185,256,0,val
004382.jpg,96,50,198,274,0,val
004383.jpg,90,74,151,209,0,val
004384.jpg,59,81,185,256,0,val
004385.jpg,43,50,127,176,0,val
004386.jpg,321,413,1027,1422,0,val
004387.jpg,248,55,156,216,0,val
004388.jpg,227,19,112,155,0,val
004389.jpg,224,18,133,184,0,val
004390.jpg,148,46,138,191,0,val
004391.jpg,113,50,169,234,0,val
004392.jpg,808,574,725,1004,0,val
004393.jpg,97,67,166,230,0,val
004394.jpg,130,46,138,191,0,val
004395.jpg,135,104,179,248,0,val
004396.jpg,155,96,179,248,0,val
004397.jpg,70,83,234,324,0,val
004398.jpg,132,26,70,97,0,val
004399.jpg,89,51,286,396,0,val
004400.jpg,103,132,195,270,0,val
004401.jpg,96,19,49,68,0,val
004402.jpg,42,37,117,162,0,val
004403.jpg,649,254,1139,1577,0,val
004404.jpg,123,124,195,270,0,val
004405.jpg,410,298,497,688,0,val
004406.jpg,146,35,52,72,0,val
004407.jpg,98,83,120,166,0,val
004408.jpg,116,53,211,292,0,val
004409.jpg,52,12,44,61,0,val
004410.jpg,11,167,174,241,0,val
004411.jpg,159,70,122,169,0,val
004412.jpg,82,1,367,508,0,val
004413.jpg,63,47,146,202,0,val
004414.jpg,86,89,283,392,0,val
004415.jpg,48,45,91,126,0,val
004416.jpg,213,76,109,151,0,val
004417.jpg,108,62,172,238,0,val
004418.jpg,324,257,224,310,0,val
004419.jpg,101,62,200,277,0,val
004420.jpg,45,82,187,259,0,val
004421.jpg,52,46,34,47,0,val
004422.jpg,28,66,252,349,0,val
004423.jpg,96,63,177,245,0,val
004424.jpg,483,93,252,349,0,val
004425.jpg,78,76,122,169,0,val
004426.jpg,125,88,159,220,0,val
004427.jpg,76,92,153,212,0,val
004428.jpg,19,25,44,61,0,val
004429.jpg,77,44,161,223,0,val
004430.jpg,28,32,70,97,0,val
004431.jpg,176,50,109,151,0,val
004432.jpg,98,21,226,313,0,val
004433.jpg,124,36,177,245,0,val
004434.jpg,48,85,273,378,0,val
004435.jpg,200,49,88,122,0,val
004436.jpg,89,77,177,245,0,val
004437.jpg,740,410,686,950,0,val
004438.jpg,119,37,107,148,0,val
004439.jpg,173,63,164,227,0,val
004440.jpg,37,53,250,344,0,val
004441.jpg,52,17,81,112,0,val
004442.jpg,26,66,153,212,0,val
004443.jpg,702,60,169,234,0,val
004444.jpg,97,27,88,122,0,val
004445.jpg,106,108,133,184,0,val
004446.jpg,156,30,104,144,0,val
004447.jpg,47,35,99,137,0,val
004448.jpg,184,54,260,360,0,val
004449.jpg,96,21,224,310,0,val
004450.jpg,36,73,338,424,0,val
004451.jpg,39,53,146,202,0,val
004452.jpg,176,61,104,144,0,val
004453.jpg,308,79,159,220,0,val
004454.jpg,264,74,153,212,0,val
004455.jpg,75,36,226,313,0,val
004456.jpg,97,35,127,176,0,val
004457.jpg,90,37,55,76,0,val
004458.jpg,215,34,83,115,0,val
004459.jpg,305,41,125,173,0,val
004460.jpg,74,66,195,270,0,val
004461.jpg,57,71,153,212,0,val
004462.jpg,101,47,75,104,0,val
004463.jpg,56,34,159,220,0,val
004464.jpg,40,40,83,115,0,val
004465.jpg,50,88,205,280,0,val
004466.jpg,132,101,117,162,0,val
004467.jpg,327,49,174,241,0,val
004468.jpg,178,57,361,500,0,val
004469.jpg,133,91,192,266,0,val
004470.jpg,115,83,185,256,0,val
004471.jpg,13,28,70,97,0,val
004472.jpg,96,50,198,274,0,val
004473.jpg,21,17,99,137,0,val
004474.jpg,191,94,104,144,0,val
004475.jpg,924,233,520,720,0,val
004476.jpg,98,78,169,234,0,val
004477.jpg,159,93,205,284,0,val
004478.jpg,43,46,151,209,0,val
004479.jpg,146,44,70,97,0,val
004480.jpg,295,348,666,922,0,val
004481.jpg,105,101,185,256,0,val
004482.jpg,105,28,70,97,0,val
004483.jpg,192,205,419,580,0,val
004484.jpg,128,57,153,212,0,val
004485.jpg,128,33,91,126,0,val
004486.jpg,418,53,203,281,0,val
004487.jpg,249,246,450,623,0,val
004488.jpg,206,90,367,508,0,val
004489.jpg,126,40,114,158,0,val
004490.jpg,184,129,224,310,0,val
004491.jpg,11,50,146,202,0,val
004492.jpg,55,46,187,259,0,val
004493.jpg,35,26,96,133,0,val
004494.jpg,233,149,257,356,0,val
004495.jpg,38,78,130,180,0,val
004496.jpg,91,71,169,234,0,val
004497.jpg,384,225,666,922,0,val
004498.jpg,35,40,117,162,0,val
004499.jpg,1,5,138,191,0,val
004500.jpg,132,62,190,263,0,val
004501.jpg,150,20,73,101,0,val
004502.jpg,130,80,226,313,0,val
004503.jpg,278,83,138,191,0,val
004504.jpg,233,85,213,295,0,val
004505.jpg,283,45,182,252,0,val
004506.jpg,70,28,78,108,0,val
004507.jpg,234,18,130,180,0,val
004508.jpg,183,63,114,158,0,val
004509.jpg,96,77,174,241,0,val
004510.jpg,112,36,125,173,0,val
004511.jpg,150,106,195,270,0,val
004512.jpg,82,57,172,238,0,val
004513.jpg,39,73,156,216,0,val
004514.jpg,932,228,195,270,0,val
004515.jpg,82,83,169,234,0,val
004516.jpg,461,87,330,457,0,val
004517.jpg,87,98,179,248,0,val
004518.jpg,868,191,655,907,0,val
004519.jpg,76,33,164,226,0,val
004520.jpg,1029,399,876,1213,0,val
004521.jpg,28,17,96,133,0,val
004522.jpg,198,86,159,220,0,val
004523.jpg,169,86,185,256,0,val
004524.jpg,153,47,109,151,0,val
004525.jpg,172,58,161,223,0,val
004526.jpg,102,135,213,295,0,val
004527.jpg,109,96,205,284,0,val
004528.jpg,202,33,177,245,0,val
004529.jpg,90,67,205,284,0,val
004530.jpg,106,130,169,234,0,val
004531.jpg,1,46,148,205,0,val
004532.jpg,65,16,104,144,0,val
004533.jpg,788,153,489,677,0,val
004534.jpg,55,72,325,450,0,val
004535.jpg,111,82,94,130,0,val
004536.jpg,168,70,112,155,0,val
004537.jpg,91,53,135,187,0,val
004538.jpg,76,58,240,338,0,val
004539.jpg,80,52,276,382,0,val
004540.jpg,322,65,179,248,0,val
004541.jpg,41,38,163,248,0,val
004542.jpg,712,24,143,198,0,val
004543.jpg,76,41,104,144,0,val
004544.jpg,84,52,190,263,0,val
004545.jpg,222,41,174,241,0,val
004546.jpg,99,88,143,198,0,val
004547.jpg,97,67,190,263,0,val
004548.jpg,144,227,421,583,0,val
004549.jpg,1589,494,367,508,0,val
004550.jpg,90,60,263,364,0,val
004551.jpg,430,96,260,360,0,val
004552.jpg,69,58,182,252,0,val
004553.jpg,401,33,263,428,0,val
004554.jpg,123,103,151,209,0,val
004555.jpg,49,28,62,86,0,val
004556.jpg,140,76,221,306,0,val
004557.jpg,78,83,164,227,0,val
004558.jpg,290,81,187,259,0,val
004559.jpg,156,81,88,122,0,val
004560.jpg,489,10,671,850,0,val
004561.jpg,37,47,104,144,0,val
004562.jpg,205,142,117,162,0,val
004563.jpg,966,665,1180,1634,0,val
004564.jpg,33,79,190,263,0,val
004565.jpg,117,29,81,112,0,val
004566.jpg,671,103,250,346,0,val
004567.jpg,92,35,151,209,0,val
004568.jpg,203,31,104,144,0,val
004569.jpg,163,55,117,162,0,val
004570.jpg,95,70,179,248,0,val
004571.jpg,17,32,65,90,0,val
004572.jpg,36,42,75,104,0,val
004573.jpg,94,100,156,216,0,val
004574.jpg,235,77,187,259,0,val
004575.jpg,336,164,78,108,0,val
004576.jpg,326,57,114,158,0,val
004577.jpg,81,51,117,162,0,val
004578.jpg,196,37,133,184,0,val
004579.jpg,206,16,146,202,0,val
004580.jpg,26,83,226,313,0,val
004581.jpg,204,62,73,101,0,val
004582.jpg,99,71,208,288,0,val
004583.jpg,93,121,213,295,0,val
004584.jpg,1732,808,551,763,0,val
004585.jpg,1,77,270,328,0,val
004586.jpg,37,42,385,455,0,val
004587.jpg,162,64,112,155,0,val
004588.jpg,208,72,127,176,0,val
004589.jpg,102,114,190,263,0,val
004590.jpg,68,44,101,140,0,val
004591.jpg,221,79,151,209,0,val
004592.jpg,110,59,133,184,0,val
004593.jpg,64,35,78,108,0,val
004594.jpg,47,31,109,151,0,val
004595.jpg,127,143,244,338,0,val
004596.jpg,156,15,94,130,0,val
004597.jpg,81,67,125,173,0,val
004598.jpg,122,54,143,198,0,val
004599.jpg,227,17,148,205,0,val
004600.jpg,115,89,166,230,0,val
004601.jpg,110,56,177,245,0,val
004602.jpg,137,50,70,97,0,val
004603.jpg,57,97,221,306,0,val
004604.jpg,35,90,330,403,0,val
004605.jpg,169,92,156,216,0,val
004606.jpg,89,82,174,241,0,val
004607.jpg,25,41,120,166,0,val
004608.jpg,42,109,187,259,0,val
004609.jpg,217,122,190,263,0,val
004610.jpg,170,82,234,324,0,val
004611.jpg,77,14,224,310,0,val
004612.jpg,26,97,270,340,0,val
004613.jpg,151,70,161,223,0,val
004614.jpg,52,113,309,384,0,val
004615.jpg,3,38,182,252,0,val
004616.jpg,249,32,164,227,0,val
004617.jpg,73,37,188,263,0,val
004618.jpg,163,33,127,176,0,val
004619.jpg,75,108,182,252,0,val
004620.jpg,104,134,114,158,0,val
004621.jpg,74,85,156,216,0,val
004622.jpg,114,41,114,158,0,val
004623.jpg,89,90,172,238,0,val
004624.jpg,242,90,221,306,0,val
004625.jpg,132,58,156,216,0,val
004626.jpg,58,34,70,97,0,val
004627.jpg,225,194,242,335,0,val
004628.jpg,65,81,151,209,0,val
004629.jpg,137,53,83,115,0,val
004630.jpg,92,54,88,122,0,val
004631.jpg,127,86,153,212,0,val
004632.jpg,307,23,263,364,0,val
004633.jpg,185,310,679,940,0,val
004634.jpg,443,119,385,533,0,val
004635.jpg,39,52,231,320,0,val
004636.jpg,229,70,146,202,0,val
004637.jpg,117,60,140,194,0,val
004638.jpg,130,137,216,299,0,val
004639.jpg,38,44,117,162,0,val
004640.jpg,93,71,143,198,0,val
004641.jpg,357,154,107,148,0,val
004642.jpg,56,61,172,238,0,val
004643.jpg,115,84,130,180,0,val
004644.jpg,34,33,99,137,0,val
004645.jpg,332,295,715,990,0,val
004646.jpg,100,59,112,155,0,val
004647.jpg,153,43,117,162,0,val
004648.jpg,1,37,125,173,0,val
004649.jpg,109,69,182,252,0,val
004650.jpg,120,63,83,115,0,val
004651.jpg,116,63,182,252,0,val
004652.jpg,122,29,104,144,0,val
004653.jpg,133,123,83,115,0,val
004654.jpg,287,24,117,162,0,val
004655.jpg,112,68,172,238,0,val
004656.jpg,102,115,224,310,0,val
004657.jpg,135,114,146,202,0,val
004658.jpg,33,39,49,68,0,val
004659.jpg,121,194,759,1051,0,val
004660.jpg,125,90,164,227,0,val
004661.jpg,254,57,164,227,0,val
004662.jpg,79,82,187,259,0,val
004663.jpg,71,56,78,108,0,val
004664.jpg,50,87,205,284,0,val
004665.jpg,327,232,289,400,0,val
004666.jpg,521,150,436,567,0,val
004667.jpg,111,63,164,227,0,val
004668.jpg,46,85,177,245,0,val
004669.jpg,43,42,112,155,0,val
004670.jpg,137,87,114,158,0,val
004671.jpg,146,208,304,421,0,val
004672.jpg,521,154,312,432,0,val
004673.jpg,141,13,65,90,0,val
004674.jpg,177,35,55,76,0,val
004675.jpg,119,63,130,180,0,val
004676.jpg,73,95,268,371,0,val
004677.jpg,51,61,166,230,0,val
004678.jpg,79,107,166,230,0,val
004679.jpg,57,68,179,248,0,val
004680.jpg,91,92,234,324,0,val
004681.jpg,112,22,306,425,0,val
004682.jpg,184,223,286,396,0,val
004683.jpg,204,46,138,191,0,val
004684.jpg,184,49,109,151,0,val
004685.jpg,85,107,177,245,0,val
004686.jpg,267,83,112,155,0,val
004687.jpg,99,73,91,126,0,val
004688.jpg,223,19,127,176,0,val
004689.jpg,147,117,325,450,0,val
004690.jpg,163,89,213,295,0,val
004691.jpg,53,46,78,108,0,val
004692.jpg,41,51,86,119,0,val
004693.jpg,279,99,78,108,0,val
004694.jpg,104,38,104,144,0,val
004695.jpg,102,124,151,209,0,val
004696.jpg,15,37,122,164,0,val
004697.jpg,134,125,125,173,0,val
004698.jpg,190,59,138,191,0,val
004699.jpg,178,64,99,137,0,val
004700.jpg,54,66,60,83,0,val
004701.jpg,16,36,99,137,0,val
004702.jpg,284,177,239,331,0,val
004703.jpg,247,46,91,126,0,val
004704.jpg,170,78,107,148,0,val
004705.jpg,182,57,135,187,0,val
004706.jpg,167,53,135,187,0,val
004707.jpg,78,60,211,292,0,val
004708.jpg,165,23,42,58,0,val
004709.jpg,90,81,138,191,0,val
004710.jpg,221,86,333,461,0,val
004711.jpg,127,76,120,166,0,val
004712.jpg,185,57,234,324,0,val
004713.jpg,216,175,372,515,0,val
004714.jpg,135,22,185,256,0,val
004715.jpg,142,76,252,349,0,val
004716.jpg,33,98,200,277,0,val
004717.jpg,50,50,146,202,0,val
004718.jpg,143,31,104,144,0,val
004719.jpg,95,66,174,241,0,val
004720.jpg,94,123,161,223,0,val
004721.jpg,43,109,187,259,0,val
004722.jpg,79,43,138,191,0,val
004723.jpg,110,59,250,346,0,val
004724.jpg,103,120,252,343,0,val
004725.jpg,190,106,101,140,0,val
004726.jpg,62,45,99,137,0,val
004727.jpg,101,140,127,176,0,val
004728.jpg,316,28,181,251,0,val
004729.jpg,82,67,234,324,0,val
004730.jpg,65,64,265,367,0,val
004731.jpg,94,139,127,176,0,val
004732.jpg,416,121,213,295,0,val
004733.jpg,159,54,127,176,0,val
004734.jpg,87,54,195,270,0,val
004735.jpg,84,108,96,133,0,val
004736.jpg,34,53,114,158,0,val
004737.jpg,47,61,159,220,0,val
004738.jpg,131,112,151,209,0,val
004739.jpg,19,78,426,590,0,val
004740.jpg,109,58,112,155,0,val
004741.jpg,107,73,101,140,0,val
004742.jpg,182,70,146,202,0,val
004743.jpg,29,35,140,194,0,val
004744.jpg,369,251,460,637,0,val
004745.jpg,98,118,153,212,0,val
004746.jpg,108,103,177,245,0,val
004747.jpg,146,47,112,155,0,val
004748.jpg,38,50,88,122,0,val
004749.jpg,195,185,296,410,0,val
004750.jpg,210,35,133,184,0,val
004751.jpg,201,69,211,292,0,val
004752.jpg,60,70,127,202,0,val
004753.jpg,35,41,122,169,0,val
004754.jpg,660,152,294,407,0,val
004755.jpg,133,31,75,104,0,val
004756.jpg,155,111,190,263,0,val
004757.jpg,129,69,224,310,0,val
004758.jpg,445,55,252,349,0,val
004759.jpg,88,99,299,399,0,val
004760.jpg,293,418,367,508,0,val
004761.jpg,59,88,263,364,0,val
004762.jpg,95,46,125,173,0,val
004763.jpg,243,118,289,400,0,val
004764.jpg,96,58,166,230,0,val
004765.jpg,70,35,91,126,0,val
004766.jpg,103,70,182,252,0,val
004767.jpg,230,320,160,150,0,val
004768.jpg,28,115,283,356,0,val
004769.jpg,112,53,107,148,0,val
004770.jpg,46,76,286,385,0,val
004771.jpg,180,81,255,353,0,val
004772.jpg,85,46,164,227,0,val
004773.jpg,133,44,81,112,0,val
004774.jpg,66,89,143,198,0,val
004775.jpg,223,35,125,173,0,val
004776.jpg,17,129,286,396,0,val
004777.jpg,48,28,68,94,0,val
004778.jpg,10,125,255,353,0,val
004779.jpg,98,121,289,400,0,val
004780.jpg,160,137,267,360,0,val
004781.jpg,152,94,133,184,0,val
004782.jpg,119,70,143,198,0,val
004783.jpg,178,33,86,119,0,val
004784.jpg,135,86,161,223,0,val
004785.jpg,80,107,185,256,0,val
004786.jpg,69,55,616,853,0,val
004787.jpg,66,91,252,349,0,val
004788.jpg,82,63,122,169,0,val
004789.jpg,15,65,250,346,0,val
004790.jpg,30,29,109,151,0,val
004791.jpg,71,105,260,360,0,val
004792.jpg,338,135,229,317,0,val
004793.jpg,696,36,138,191,0,val
004794.jpg,77,97,182,252,0,val
004795.jpg,68,83,127,176,0,val
004796.jpg,1,17,117,141,0,val
004797.jpg,153,29,133,184,0,val
004798.jpg,208,56,198,274,0,val
004799.jpg,176,13,94,130,0,val
004800.jpg,158,81,120,166,0,val
004801.jpg,42,52,143,198,0,val
004802.jpg,60,25,94,130,0,val
004803.jpg,752,388,582,806,0,val
004804.jpg,61,111,125,173,0,val
004805.jpg,100,32,127,176,0,val
004806.jpg,79,15,86,119,0,val
004807.jpg,91,81,143,198,0,val
004808.jpg,99,23,60,83,0,val
004809.jpg,68,115,198,274,0,val
004810.jpg,213,55,133,184,0,val
004811.jpg,109,39,91,126,0,val
004812.jpg,104,6,88,122,0,val
004813.jpg,145,32,125,173,0,val
004814.jpg,73,85,166,230,0,val
004815.jpg,107,93,260,360,0,val
004816.jpg,121,16,44,61,0,val
004817.jpg,128,116,169,234,0,val
004818.jpg,1,76,133,184,0,val
004819.jpg,67,132,250,346,0,val
004820.jpg,53,34,94,130,0,val
004821.jpg,110,70,156,216,0,val
004822.jpg,253,72,159,220,0,val
004823.jpg,91,79,161,223,0,val
004824.jpg,43,67,94,130,0,val
004825.jpg,17,48,153,184,0,val
004826.jpg,1,40,135,187,0,val
004827.jpg,132,40,127,176,0,val
004828.jpg,148,131,481,666,0,val
004829.jpg,295,381,294,407,0,val
004830.jpg,162,54,153,212,0,val
004831.jpg,142,84,114,158,0,val
004832.jpg,73,46,247,342,0,val
004833.jpg,42,45,91,126,0,val
004834.jpg,13,62,135,187,0,val
004835.jpg,190,77,117,162,0,val
004836.jpg,230,43,278,385,0,val
004837.jpg,70,122,276,382,0,val
004838.jpg,95,87,179,248,0,val
004839.jpg,361,563,814,1127,0,val
004840.jpg,222,20,117,162,0,val
004841.jpg,122,74,122,169,0,val
004842.jpg,89,106,242,335,0,val
004843.jpg,355,85,250,346,0,val
004844.jpg,80,74,127,176,0,val
004845.jpg,91,49,169,234,0,val
004846.jpg,55,28,86,119,0,val
004847.jpg,95,112,161,223,0,val
004848.jpg,293,45,289,400,0,val
004849.jpg,60,152,242,335,0,val
004850.jpg,44,8,96,133,0,val
004851.jpg,203,38,114,158,0,val
004852.jpg,97,47,338,468,0,val
004853.jpg,49,49,177,245,0,val
004854.jpg,133,47,101,140,0,val
004855.jpg,76,125,200,277,0,val
004856.jpg,256,49,174,241,0,val
004857.jpg,53,107,211,292,0,val
004858.jpg,1064,259,476,659,0,val
004859.jpg,78,110,166,230,0,val
004860.jpg,53,79,250,346,0,val
004861.jpg,83,70,159,220,0,val
004862.jpg,218,45,187,259,0,val
004863.jpg,113,30,127,183,0,val
004864.jpg,198,84,159,220,0,val
004865.jpg,146,52,148,205,0,val
004866.jpg,116,53,135,187,0,val
004867.jpg,158,32,88,122,0,val
004868.jpg,104,37,294,407,0,val
004869.jpg,71,55,190,263,0,val
004870.jpg,958,124,203,281,0,val
004871.jpg,133,49,307,425,0,val
004872.jpg,107,62,172,238,0,val
004873.jpg,75,64,83,115,0,val
004874.jpg,119,51,112,155,0,val
004875.jpg,88,28,146,202,0,val
004876.jpg,10,424,2090,2789,0,val
004877.jpg,97,123,304,421,0,val
004878.jpg,46,23,221,306,0,val
004879.jpg,363,41,348,482,0,val
004880.jpg,109,86,120,166,0,val
004881.jpg,74,25,73,101,0,val
004882.jpg,109,84,112,155,0,val
004883.jpg,128,69,114,158,0,val
004884.jpg,51,44,122,191,0,val
004885.jpg,70,111,109,151,0,val
004886.jpg,97,61,190,263,0,val
004887.jpg,125,66,143,198,0,val
004888.jpg,22,16,91,126,0,val
004889.jpg,297,67,78,108,0,val
004890.jpg,484,84,255,353,0,val
004891.jpg,143,69,91,126,0,val
004892.jpg,86,138,278,359,0,val
004893.jpg,165,139,400,554,0,val
004894.jpg,101,76,294,407,0,val
004895.jpg,68,105,195,270,0,val
004896.jpg,117,35,60,83,0,val
004897.jpg,81,62,133,184,0,val
004898.jpg,112,96,192,266,0,val
004899.jpg,134,58,120,166,0,val
004900.jpg,617,191,413,572,0,val
004901.jpg,100,30,120,166,0,val
004902.jpg,84,77,245,342,0,val
004903.jpg,388,157,330,457,0,val
004904.jpg,70,62,133,184,0,val
004905.jpg,100,38,107,148,0,val
004906.jpg,27,68,205,284,0,val
004907.jpg,62,112,130,180,0,val
004908.jpg,942,1,588,814,0,val
004909.jpg,170,106,99,137,0,val
004910.jpg,242,95,164,227,0,val
004911.jpg,128,132,325,450,0,val
004912.jpg,82,28,107,148,0,val
004913.jpg,186,73,151,209,0,val
004914.jpg,496,137,239,331,0,val
004915.jpg,96,119,208,288,0,val
004916.jpg,48,66,60,83,0,val
004917.jpg,127,40,120,166,0,val
004918.jpg,198,37,49,68,0,val
004919.jpg,124,95,190,263,0,val
004920.jpg,77,35,62,86,0,val
004921.jpg,134,45,146,202,0,val
004922.jpg,633,246,211,292,0,val
004923.jpg,54,8,159,220,0,val
004924.jpg,84,20,198,274,0,val
004925.jpg,66,19,70,97,0,val
004926.jpg,80,68,213,295,0,val
004927.jpg,708,180,333,461,0,val
004928.jpg,706,42,179,248,0,val
004929.jpg,130,57,133,184,0,val
004930.jpg,57,31,73,115,0,val
004931.jpg,106,98,224,310,0,val
004932.jpg,180,39,107,148,0,val
004933.jpg,93,35,117,162,0,val
004934.jpg,88,126,283,371,0,val
004935.jpg,83,81,159,220,0,val
004936.jpg,89,59,187,259,0,val
004937.jpg,93,63,135,187,0,val
004938.jpg,315,54,96,133,0,val
004939.jpg,143,82,99,137,0,val
004940.jpg,59,68,127,176,0,val
004941.jpg,59,110,208,288,0,val
004942.jpg,437,36,322,446,0,val
004943.jpg,171,40,101,140,0,val
004944.jpg,43,25,130,180,0,val
004945.jpg,117,106,208,288,0,val
004946.jpg,58,93,169,234,0,val
004947.jpg,101,107,99,137,0,val
004948.jpg,24,75,161,223,0,val
004949.jpg,168,43,174,241,0,val
004950.jpg,161,69,169,234,0,val
004951.jpg,99,30,114,158,0,val
004952.jpg,442,118,374,518,0,val
004953.jpg,98,82,185,256,0,val
004954.jpg,307,168,322,446,0,val
004955.jpg,782,266,374,518,0,val
004956.jpg,215,9,239,331,0,val
004957.jpg,104,61,172,238,0,val
004958.jpg,19,90,307,407,0,val
004959.jpg,252,72,156,216,0,val
004960.jpg,541,35,234,324,0,val
004961.jpg,135,55,112,155,0,val
004962.jpg,18,82,231,320,0,val
004963.jpg,24,77,278,385,0,val
004964.jpg,522,116,307,425,0,val
004965.jpg,153,44,55,76,0,val
004966.jpg,81,50,135,187,0,val
004967.jpg,206,50,208,247,0,val
004968.jpg,159,116,130,180,0,val
004969.jpg,17,28,68,94,0,val
004970.jpg,244,130,60,83,0,val
004971.jpg,58,33,127,176,0,val
004972.jpg,104,98,107,148,0,val
004973.jpg,329,129,437,605,0,val
004974.jpg,31,120,213,295,0,val
004975.jpg,109,54,164,227,0,val
004976.jpg,79,46,252,349,0,val
004977.jpg,198,29,177,245,0,val
004978.jpg,55,52,166,230,0,val
004979.jpg,197,145,174,241,0,val
004980.jpg,584,260,957,1325,0,val
004981.jpg,420,235,182,252,0,val
004982.jpg,58,62,174,241,0,val
004983.jpg,57,91,211,292,0,val
004984.jpg,101,77,179,248,0,val
004985.jpg,52,81,237,328,0,val
004986.jpg,249,57,224,310,0,val
004987.jpg,167,67,153,212,0,val
004988.jpg,66,75,185,256,0,val
004989.jpg,46,34,90,133,0,val
004990.jpg,130,46,133,184,0,val
004991.jpg,155,39,151,209,0,val
004992.jpg,57,24,91,126,0,val
004993.jpg,106,47,185,256,0,val
004994.jpg,90,134,247,342,0,val
004995.jpg,61,32,107,148,0,val
004996.jpg,212,27,86,119,0,val
004997.jpg,1,58,351,440,0,val
004998.jpg,103,43,81,112,0,val
004999.jpg,45,98,146,202,0,val
005000.jpg,290,659,1544,2138,0,val
005001.jpg,85,74,237,328,0,val
005002.jpg,194,28,143,198,0,val
005003.jpg,88,63,161,223,0,val
005004.jpg,69,69,185,256,0,val
005005.jpg,76,43,133,184,0,val
005006.jpg,31,68,185,256,0,val
005007.jpg,111,41,78,108,0,val
005008.jpg,37,55,153,212,0,val
005009.jpg,105,105,172,238,0,val
005010.jpg,531,111,286,396,0,val
005011.jpg,184,94,94,130,0,val
005012.jpg,69,37,78,108,0,val
005013.jpg,42,91,172,238,0,val
005014.jpg,90,50,187,259,0,val
005015.jpg,85,70,81,112,0,val
005016.jpg,146,65,164,227,0,val
005017.jpg,74,69,198,274,0,val
005018.jpg,144,67,226,313,0,val
005019.jpg,750,76,127,176,0,val
005020.jpg,124,10,75,104,0,val
005021.jpg,83,56,114,158,0,val
005022.jpg,216,44,68,94,0,val
005023.jpg,180,68,120,166,0,val
005024.jpg,29,79,127,176,0,val
005025.jpg,88,97,161,223,0,val
005026.jpg,174,24,107,148,0,val
005027.jpg,151,69,88,122,0,val
005028.jpg,287,119,151,209,0,val
005029.jpg,129,53,192,266,0,val
005030.jpg,94,57,234,324,0,val
005031.jpg,68,72,127,176,0,val
005032.jpg,77,68,109,151,0,val
005033.jpg,411,128,296,540,0,val
005034.jpg,347,38,166,230,0,val
005035.jpg,29,7,70,97,0,val
005036.jpg,203,141,203,281,0,val
005037.jpg,100,64,135,187,0,val
005038.jpg,27,59,153,200,0,val
005039.jpg,110,48,101,140,0,val
005040.jpg,146,58,151,209,0,val
005041.jpg,323,111,270,374,0,val
005042.jpg,115,1,221,306,0,val
005043.jpg,14,24,138,191,0,val
005044.jpg,112,108,166,230,0,val
005045.jpg,27,43,224,310,0,val
005046.jpg,151,124,187,259,0,val
005047.jpg,72,105,273,378,0,val
005048.jpg,607,22,239,331,0,val
005049.jpg,174,36,49,68,0,val
005050.jpg,179,38,122,169,0,val
005051.jpg,352,229,312,432,0,val
005052.jpg,1608,153,231,320,0,val
005053.jpg,67,41,99,137,0,val
005054.jpg,246,226,510,706,0,val
005055.jpg,72,60,148,205,0,val
005056.jpg,73,54,120,166,0,val
005057.jpg,119,58,179,248,0,val
005058.jpg,82,58,229,317,0,val
005059.jpg,170,64,127,176,0,val
005060.jpg,75,29,101,140,0,val
005061.jpg,337,179,590,817,0,val
005062.jpg,48,80,269,397,0,val
005063.jpg,131,26,137,196,0,val
005064.jpg,77,39,78,108,0,val
005065.jpg,207,54,151,209,0,val
005066.jpg,94,51,299,414,0,val
005067.jpg,29,26,70,97,0,val
005068.jpg,113,81,211,292,0,val
005069.jpg,249,156,151,209,0,val
005070.jpg,124,59,99,137,0,val
005071.jpg,486,169,400,554,0,val
005072.jpg,177,345,21,29,0,val
005073.jpg,52,28,83,104,0,val
005074.jpg,69,71,192,266,0,val
005075.jpg,98,47,182,252,0,val
005076.jpg,86,106,226,313,0,val
005077.jpg,88,46,166,230,0,val
005078.jpg,28,108,151,209,0,val
005079.jpg,117,45,179,232,0,val
005080.jpg,37,54,133,184,0,val
005081.jpg,24,79,317,418,0,val
005082.jpg,166,58,96,133,0,val
005083.jpg,101,63,104,144,0,val
005084.jpg,96,87,164,227,0,val
005085.jpg,143,51,257,346,0,val
005086.jpg,65,31,179,248,0,val
005087.jpg,94,45,185,256,0,val
005088.jpg,89,113,294,407,0,val
005089.jpg,112,98,94,130,0,val
005090.jpg,97,77,211,292,0,val
005091.jpg,109,103,182,252,0,val
005092.jpg,62,44,75,104,0,val
005093.jpg,55,16,70,97,0,val
005094.jpg,84,106,216,299,0,val
005095.jpg,36,44,109,151,0,val
005096.jpg,117,67,229,317,0,val
005097.jpg,70,150,203,281,0,val
005098.jpg,165,37,75,104,0,val
005099.jpg,502,515,798,1105,0,val
005100.jpg,118,86,187,259,0,val
005101.jpg,47,30,138,191,0,val
005102.jpg,76,33,62,86,0,val
005103.jpg,97,33,140,194,0,val
005104.jpg,137,101,268,371,0,val
005105.jpg,124,64,166,230,0,val
005106.jpg,33,49,78,108,0,val
005107.jpg,6,34,114,158,0,val
005108.jpg,97,22,117,162,0,val
005109.jpg,190,146,507,702,0,val
005110.jpg,152,150,260,360,0,val
005111.jpg,758,134,187,259,0,val
005112.jpg,241,18,195,270,0,val
005113.jpg,238,44,187,259,0,val
005114.jpg,28,18,86,119,0,val
005115.jpg,87,55,151,209,0,val
005116.jpg,39,30,244,338,0,val
005117.jpg,52,40,146,202,0,val
005118.jpg,28,50,130,180,0,val
005119.jpg,108,42,55,76,0,val
005120.jpg,337,228,650,900,0,val
005121.jpg,198,63,122,169,0,val
005122.jpg,225,24,140,194,0,val
005123.jpg,80,132,346,479,0,val
005124.jpg,26,72,208,254,0,val
005125.jpg,63,85,135,187,0,val
005126.jpg,86,106,198,274,0,val
005127.jpg,133,80,164,227,0,val
005128.jpg,160,44,221,304,0,val
005129.jpg,79,50,143,198,0,val
005130.jpg,190,41,94,130,0,val
005131.jpg,37,89,273,378,0,val
005132.jpg,82,40,70,97,0,val
005133.jpg,199,87,125,173,0,val
005134.jpg,236,159,328,454,0,val
005135.jpg,83,89,166,230,0,val
005136.jpg,102,33,70,97,0,val
005137.jpg,544,209,252,349,0,val
005138.jpg,102,56,278,385,0,val
005139.jpg,73,16,172,238,0,val
005140.jpg,97,34,133,184,0,val
005141.jpg,140,64,263,364,0,val
005142.jpg,72,59,148,214,0,val
005143.jpg,58,23,148,205,0,val
005144.jpg,35,72,231,314,0,val
005145.jpg,17,21,120,166,0,val
005146.jpg,162,46,156,216,0,val
005147.jpg,110,20,81,112,0,val
005148.jpg,145,18,122,169,0,val
005149.jpg,142,48,169,234,0,val
005150.jpg,247,243,348,482,0,val
005151.jpg,266,225,450,623,0,val
005152.jpg,40,192,858,1027,0,val
005153.jpg,58,37,52,72,0,val
005154.jpg,894,949,1752,2426,0,val
005155.jpg,109,54,151,209,0,val
005156.jpg,202,162,309,428,0,val
005157.jpg,191,58,114,158,0,val
005158.jpg,83,27,276,382,0,val
005159.jpg,196,76,153,212,0,val
005160.jpg,302,48,294,407,0,val
005161.jpg,290,122,276,382,0,val
005162.jpg,1109,872,1521,2106,0,val
005163.jpg,64,25,91,126,0,val
005164.jpg,249,43,99,137,0,val
005165.jpg,61,46,263,364,0,val
005166.jpg,182,40,187,259,0,val
005167.jpg,92,47,104,144,0,val
005168.jpg,91,163,226,313,0,val
005169.jpg,74,103,250,346,0,val
005170.jpg,39,33,34,47,0,val
005171.jpg,163,85,120,166,0,val
005172.jpg,78,64,83,115,0,val
005173.jpg,190,353,629,871,0,val
005174.jpg,44,29,122,169,0,val
005175.jpg,106,120,140,194,0,val
005176.jpg,187,55,159,220,0,val
005177.jpg,158,37,81,112,0,val
005178.jpg,100,79,200,277,0,val
005179.jpg,970,260,210,180,0,val
005180.jpg,175,183,224,310,0,val
005181.jpg,69,42,135,187,0,val
005182.jpg,85,40,73,101,0,val
005183.jpg,101,66,135,187,0,val
005184.jpg,21,35,122,169,0,val
005185.jpg,160,32,114,158,0,val
005186.jpg,65,115,166,230,0,val
005187.jpg,75,28,78,108,0,val
005188.jpg,123,115,234,324,0,val
005189.jpg,62,75,177,245,0,val
005190.jpg,144,41,101,140,0,val
005191.jpg,85,97,192,266,0,val
005192.jpg,546,138,270,374,0,val
005193.jpg,186,14,96,133,0,val
005194.jpg,235,41,169,234,0,val
005195.jpg,231,53,112,155,0,val
005196.jpg,667,189,255,353,0,val
005197.jpg,118,30,81,112,0,val
005198.jpg,251,50,148,205,0,val
005199.jpg,112,95,151,209,0,val
005200.jpg,12,31,86,115,0,val
005201.jpg,188,116,218,302,0,val
005202.jpg,92,97,156,216,0,val
005203.jpg,41,45,127,176,0,val
005204.jpg,844,146,380,526,0,val
005205.jpg,175,104,156,216,0,val
005206.jpg,18,49,213,295,0,val
005207.jpg,222,59,47,65,0,val
005208.jpg,35,86,146,202,0,val
005209.jpg,64,106,192,266,0,val
005210.jpg,51,51,91,126,0,val
005211.jpg,96,45,114,158,0,val
005212.jpg,96,94,151,209,0,val
005213.jpg,45,40,104,144,0,val
005214.jpg,242,39,130,180,0,val
005215.jpg,336,103,187,259,0,val
005216.jpg,162,45,96,133,0,val
005217.jpg,115,41,169,234,0,val
005218.jpg,169,45,65,90,0,val
005219.jpg,83,24,101,140,0,val
005220.jpg,113,61,133,184,0,val
005221.jpg,66,39,99,137,0,val
005222.jpg,150,103,153,212,0,val
005223.jpg,172,62,104,144,0,val
005224.jpg,87,81,146,202,0,val
005225.jpg,88,104,153,212,0,val
005226.jpg,172,1,247,342,0,val
005227.jpg,147,122,143,198,0,val
005228.jpg,285,166,286,396,0,val
005229.jpg,332,219,520,720,0,val
005230.jpg,138,33,60,83,0,val
005231.jpg,27,47,146,202,0,val
005232.jpg,126,87,153,212,0,val
005233.jpg,128,64,192,266,0,val
005234.jpg,308,278,465,644,0,val
005235.jpg,60,62,254,382,0,val
005236.jpg,41,24,70,97,0,val
005237.jpg,48,29,91,126,0,val
005238.jpg,88,54,179,248,0,val
005239.jpg,37,61,107,148,0,val
005240.jpg,112,46,73,130,0,val
005241.jpg,182,66,135,187,0,val
005242.jpg,137,68,226,313,0,val
005243.jpg,74,33,75,104,0,val
005244.jpg,101,49,203,281,0,val
005245.jpg,85,82,146,202,0,val
005246.jpg,62,43,114,158,0,val
005247.jpg,85,78,198,274,0,val
005248.jpg,115,68,117,162,0,val
005249.jpg,100,28,112,155,0,val
005250.jpg,62,83,211,292,0,val
005251.jpg,81,6,83,115,0,val
005252.jpg,98,69,185,256,0,val
005253.jpg,162,61,99,137,0,val
005254.jpg,76,89,143,198,0,val
005255.jpg,125,185,341,472,0,val
005256.jpg,157,47,182,252,0,val
005257.jpg,173,72,130,180,0,val
005258.jpg,243,49,55,76,0,val
005259.jpg,72,163,187,259,0,val
005260.jpg,234,37,166,230,0,val
005261.jpg,38,19,203,278,0,val
005262.jpg,701,96,369,511,0,val
005263.jpg,256,69,234,324,0,val
005264.jpg,96,96,198,274,0,val
005265.jpg,274,148,148,205,0,val
005266.jpg,87,44,120,166,0,val
005267.jpg,105,30,62,86,0,val
005268.jpg,165,67,114,158,0,val
005269.jpg,17,62,164,227,0,val
005270.jpg,148,101,169,234,0,val
005271.jpg,131,75,101,140,0,val
005272.jpg,22,19,60,83,0,val
005273.jpg,59,18,96,133,0,val
005274.jpg,97,56,172,238,0,val
005275.jpg,129,55,135,187,0,val
005276.jpg,253,125,125,173,0,val
005277.jpg,102,22,73,101,0,val
005278.jpg,399,140,302,418,0,val
005279.jpg,379,8,213,295,0,val
005280.jpg,162,62,117,162,0,val
005281.jpg,115,29,70,97,0,val
005282.jpg,78,40,91,126,0,val
005283.jpg,43,32,83,111,0,val
005284.jpg,150,83,140,194,0,val
005285.jpg,104,61,192,266,0,val
005286.jpg,118,107,244,338,0,val
005287.jpg,90,63,156,216,0,val
005288.jpg,270,67,213,295,0,val
005289.jpg,275,154,96,133,0,val
005290.jpg,375,64,177,245,0,val
005291.jpg,42,65,146,196,0,val
005292.jpg,91,84,179,248,0,val
005293.jpg,21,110,159,220,0,val
005294.jpg,61,77,216,299,0,val
005295.jpg,89,15,125,163,0,val
005296.jpg,152,42,117,162,0,val
005297.jpg,83,100,101,140,0,val
005298.jpg,150,54,133,184,0,val
005299.jpg,116,101,114,158,0,val
005300.jpg,91,93,211,292,0,val
005301.jpg,293,17,65,90,0,val
005302.jpg,82,74,179,248,0,val
005303.jpg,295,242,341,472,0,val
005304.jpg,66,28,229,317,0,val
005305.jpg,50,80,153,212,0,val
005306.jpg,109,43,242,335,0,val
005307.jpg,62,73,200,277,0,val
005308.jpg,108,51,91,126,0,val
005309.jpg,157,76,109,151,0,val
005310.jpg,220,102,138,191,0,val
005311.jpg,155,115,237,328,0,val
005312.jpg,446,172,564,781,0,val
005313.jpg,115,65,148,205,0,val
005314.jpg,441,102,260,360,0,val
005315.jpg,41,17,31,43,0,val
005316.jpg,57,40,109,151,0,val
005317.jpg,235,150,151,209,0,val
005318.jpg,167,73,195,270,0,val
005319.jpg,285,74,185,256,0,val
005320.jpg,81,1,101,140,0,val
005321.jpg,33,34,68,94,0,val
005322.jpg,58,68,211,292,0,val
005323.jpg,215,62,348,482,0,val
005324.jpg,3,44,146,189,0,val
005325.jpg,251,161,177,245,0,val
005326.jpg,454,679,1323,1832,0,val
005327.jpg,178,117,156,216,0,val
005328.jpg,72,94,226,313,0,val
005329.jpg,155,44,133,184,0,val
005330.jpg,55,119,278,385,0,val
005331.jpg,1001,181,372,515,0,val
005332.jpg,110,112,237,328,0,val
005333.jpg,68,80,127,176,0,val
005334.jpg,94,77,156,216,0,val
005335.jpg,74,63,99,137,0,val
005336.jpg,145,88,382,529,0,val
005337.jpg,200,50,109,151,0,val
005338.jpg,118,181,127,176,0,val
005339.jpg,58,66,179,248,0,val
005340.jpg,143,54,224,310,0,val
005341.jpg,81,113,130,180,0,val
005342.jpg,116,91,135,187,0,val
005343.jpg,64,38,81,112,0,val
005344.jpg,358,100,151,209,0,val
005345.jpg,382,66,135,187,0,val
005346.jpg,133,102,169,234,0,val
005347.jpg,109,40,81,112,0,val
005348.jpg,147,76,156,216,0,val
005349.jpg,34,53,81,112,0,val
005350.jpg,216,469,874,1210,0,val
005351.jpg,122,89,218,302,0,val
005352.jpg,135,63,257,356,0,val
005353.jpg,65,48,101,140,0,val
005354.jpg,75,55,166,230,0,val
005355.jpg,207,201,307,425,0,val
005356.jpg,174,60,109,151,0,val
005357.jpg,83,60,192,266,0,val
005358.jpg,106,92,208,288,0,val
005359.jpg,23,36,198,263,0,val
005360.jpg,75,47,182,252,0,val
005361.jpg,64,80,177,245,0,val
005362.jpg,108,45,101,140,0,val
005363.jpg,77,111,195,270,0,val
005364.jpg,66,87,161,223,0,val
005365.jpg,180,214,164,227,0,val
005366.jpg,108,75,192,266,0,val
005367.jpg,317,98,265,367,0,val
005368.jpg,198,32,96,133,0,val
005369.jpg,106,71,187,259,0,val
005370.jpg,82,71,185,256,0,val
005371.jpg,100,30,78,108,0,val
005372.jpg,54,115,172,238,0,val
005373.jpg,178,111,125,173,0,val
005374.jpg,471,69,218,302,0,val
005375.jpg,108,62,166,230,0,val
005376.jpg,92,99,140,194,0,val
005377.jpg,70,70,96,133,0,val
005378.jpg,31,49,159,220,0,val
005379.jpg,32,119,247,342,0,val
005380.jpg,112,69,156,216,0,val
005381.jpg,83,86,208,288,0,val
005382.jpg,49,71,270,374,0,val
005383.jpg,95,72,247,342,0,val
005384.jpg,286,65,221,306,0,val
005385.jpg,42,69,242,335,0,val
005386.jpg,224,50,127,176,0,val
005387.jpg,110,76,221,306,0,val
005388.jpg,28,50,94,130,0,val
005389.jpg,135,100,333,461,0,val
005390.jpg,38,44,62,86,0,val
005391.jpg,268,48,242,335,0,val
005392.jpg,123,35,101,140,0,val
005393.jpg,40,59,99,137,0,val
005394.jpg,124,76,213,295,0,val
005395.jpg,105,78,198,274,0,val
005396.jpg,587,215,286,396,0,val
005397.jpg,83,75,268,371,0,val
005398.jpg,171,100,125,173,0,val
005399.jpg,69,50,117,162,0,val
005400.jpg,50,48,122,148,0,val
005401.jpg,65,107,244,338,0,val
005402.jpg,190,44,283,392,0,val
005403.jpg,171,152,257,356,0,val
005404.jpg,120,80,265,367,0,val
005405.jpg,155,90,220,312,0,val
005406.jpg,91,2,104,144,0,val
005407.jpg,72,35,190,263,0,val
005408.jpg,71,96,276,382,0,val
005409.jpg,144,184,299,414,0,val
005410.jpg,43,73,127,176,0,val
005411.jpg,130,115,291,403,0,val
005412.jpg,188,98,250,346,0,val
005413.jpg,768,78,127,176,0,val
005414.jpg,91,145,153,212,0,val
005415.jpg,34,51,283,359,0,val
005416.jpg,59,43,198,254,0,val
005417.jpg,527,130,330,457,0,val
005418.jpg,152,105,127,191,0,val
005419.jpg,171,32,36,50,0,val
005420.jpg,174,57,153,212,0,val
005421.jpg,83,91,195,270,0,val
005422.jpg,281,131,143,198,0,val
005423.jpg,121,41,229,317,0,val
005424.jpg,229,63,161,223,0,val
005425.jpg,758,386,390,540,0,val
005426.jpg,105,118,148,205,0,val
005427.jpg,77,26,169,234,0,val
005428.jpg,110,48,153,212,0,val
005429.jpg,36,46,91,126,0,val
005430.jpg,155,20,148,205,0,val
005431.jpg,146,82,127,176,0,val
005432.jpg,72,46,153,212,0,val
005433.jpg,93,7,65,90,0,val
005434.jpg,68,89,229,317,0,val
005435.jpg,57,111,133,184,0,val
005436.jpg,80,9,65,90,0,val
005437.jpg,184,102,200,277,0,val
005438.jpg,187,18,65,90,0,val
005439.jpg,118,183,317,439,0,val
005440.jpg,91,102,229,317,0,val
005441.jpg,53,61,135,187,0,val
005442.jpg,156,81,198,249,0,val
005443.jpg,44,64,208,288,0,val
005444.jpg,94,53,94,130,0,val
005445.jpg,22,49,312,432,0,val
005446.jpg,92,84,229,317,0,val
005447.jpg,235,115,148,205,0,val
005448.jpg,285,8,515,713,0,val
005449.jpg,55,56,107,148,0,val
005450.jpg,199,94,177,245,0,val
005451.jpg,94,44,117,162,0,val
005452.jpg,71,50,151,209,0,val
005453.jpg,24,40,114,158,0,val
005454.jpg,212,25,55,76,0,val
005455.jpg,114,89,307,425,0,val
005456.jpg,1071,66,351,486,0,val
005457.jpg,1562,319,1001,1386,0,val
005458.jpg,69,49,122,169,0,val
005459.jpg,96,96,135,187,0,val
005460.jpg,462,56,307,425,0,val
005461.jpg,2,25,55,76,0,val
005462.jpg,40,46,146,202,0,val
005463.jpg,84,63,278,385,0,val
005464.jpg,237,294,255,353,0,val
005465.jpg,97,76,179,248,0,val
005466.jpg,9,53,86,119,0,val
005467.jpg,162,54,101,140,0,val
005468.jpg,34,19,81,112,0,val
005469.jpg,225,69,138,191,0,val
005470.jpg,122,32,208,288,0,val
005471.jpg,85,29,153,212,0,val
005472.jpg,45,60,148,205,0,val
005473.jpg,96,102,177,245,0,val
005474.jpg,196,157,650,900,0,val
005475.jpg,124,80,224,310,0,val
005476.jpg,84,43,91,126,0,val
005477.jpg,184,147,161,223,0,val
005478.jpg,116,39,146,198,0,val
005479.jpg,158,148,172,238,0,val
005480.jpg,93,92,172,238,0,val
005481.jpg,117,87,257,356,0,val
005482.jpg,118,17,88,122,0,val
005483.jpg,156,76,125,173,0,val
005484.jpg,94,118,231,320,0,val
005485.jpg,175,108,203,281,0,val
005486.jpg,90,43,133,184,0,val
005487.jpg,107,57,125,173,0,val
005488.jpg,156,22,159,220,0,val
005489.jpg,52,54,125,173,0,val
005490.jpg,342,118,208,288,0,val
005491.jpg,105,68,159,220,0,val
005492.jpg,158,34,138,191,0,val
005493.jpg,80,56,125,173,0,val
005494.jpg,598,112,138,191,0,val
005495.jpg,206,114,117,162,0,val
005496.jpg,35,38,291,403,0,val
005497.jpg,41,88,281,389,0,val
005498.jpg,400,36,330,457,0,val
005499.jpg,47,24,90,116,0,val
005500.jpg,118,12,73,101,0,val
005501.jpg,77,94,224,310,0,val
005502.jpg,403,123,182,252,0,val
005503.jpg,75,64,263,364,0,val
005504.jpg,116,86,146,202,0,val
005505.jpg,267,71,224,310,0,val
005506.jpg,83,113,143,198,0,val
005507.jpg,82,95,278,385,0,val
005508.jpg,105,26,182,252,0,val
005509.jpg,299,93,200,277,0,val
005510.jpg,125,126,133,184,0,val
005511.jpg,151,13,130,180,0,val
005512.jpg,55,68,135,187,0,val
005513.jpg,155,106,88,122,0,val
005514.jpg,57,109,234,324,0,val
005515.jpg,47,26,96,133,0,val
005516.jpg,121,82,164,227,0,val
005517.jpg,17,95,244,338,0,val
005518.jpg,638,30,333,461,0,val
005519.jpg,39,35,192,266,0,val
005520.jpg,131,121,104,144,0,val
005521.jpg,5,77,257,356,0,val
005522.jpg,25,89,216,299,0,val
005523.jpg,141,67,237,328,0,val
005524.jpg,144,43,143,198,0,val
005525.jpg,172,87,161,223,0,val
005526.jpg,75,33,179,248,0,val
005527.jpg,89,62,174,241,0,val
005528.jpg,35,75,221,306,0,val
005529.jpg,19,39,49,68,0,val
005530.jpg,30,43,88,117,0,val
005531.jpg,96,43,133,184,0,val
005532.jpg,182,151,307,425,0,val
005533.jpg,180,54,135,187,0,val
005534.jpg,84,91,161,223,0,val
005535.jpg,101,110,246,343,0,val
005536.jpg,193,24,49,68,0,val
005537.jpg,253,128,244,338,0,val
005538.jpg,61,60,203,281,0,val
005539.jpg,125,206,502,695,0,val
005540.jpg,48,166,247,332,0,val
005541.jpg,285,54,242,335,0,val
005542.jpg,213,17,120,166,0,val
005543.jpg,49,67,122,169,0,val
005544.jpg,67,183,341,472,0,val
005545.jpg,117,51,146,202,0,val
005546.jpg,72,93,185,256,0,val
005547.jpg,190,69,153,212,0,val
005548.jpg,76,47,166,230,0,val
005549.jpg,215,111,226,313,0,val
005550.jpg,284,103,273,378,0,val
005551.jpg,133,116,182,252,0,val
005552.jpg,108,86,148,205,0,val
005553.jpg,211,58,146,202,0,val
005554.jpg,116,60,148,205,0,val
005555.jpg,97,101,179,248,0,val
005556.jpg,60,93,302,418,0,val
005557.jpg,127,57,122,169,0,val
005558.jpg,647,130,242,335,0,val
005559.jpg,136,71,99,137,0,val
005560.jpg,86,75,195,270,0,val
005561.jpg,279,165,221,306,0,val
005562.jpg,112,66,185,256,0,val
005563.jpg,86,74,166,230,0,val
005564.jpg,74,85,239,331,0,val
005565.jpg,87,59,247,342,0,val
005566.jpg,209,138,146,202,0,val
005567.jpg,958,22,208,288,0,val
005568.jpg,72,112,187,259,0,val
005569.jpg,119,128,312,432,0,val
005570.jpg,128,99,151,209,0,val
005571.jpg,144,40,263,341,0,val
005572.jpg,116,111,211,292,0,val
005573.jpg,31,85,166,230,0,val
005574.jpg,137,71,156,216,0,val
005575.jpg,65,61,195,270,0,val
005576.jpg,101,21,107,148,0,val
005577.jpg,86,65,187,259,0,val
005578.jpg,155,113,107,148,0,val
005579.jpg,466,123,229,317,0,val
005580.jpg,310,340,559,774,0,val
005581.jpg,11,24,83,103,0,val
005582.jpg,918,395,933,1292,0,val
005583.jpg,128,32,182,252,0,val
005584.jpg,49,84,203,281,0,val
005585.jpg,30,65,151,197,0,val
005586.jpg,377,331,892,1235,0,val
005587.jpg,184,44,140,194,0,val
005588.jpg,92,63,250,346,0,val
005589.jpg,196,41,117,162,0,val
005590.jpg,118,41,91,126,0,val
005591.jpg,50,29,125,173,0,val
005592.jpg,183,61,117,162,0,val
005593.jpg,55,72,268,371,0,val
005594.jpg,75,80,406,562,0,val
005595.jpg,125,40,156,216,0,val
005596.jpg,340,37,432,598,0,val
005597.jpg,78,55,101,140,0,val
005598.jpg,25,44,107,148,0,val
005599.jpg,882,226,551,763,0,val
005600.jpg,105,42,135,187,0,val
005601.jpg,898,174,385,533,0,val
005602.jpg,274,73,179,248,0,val
005603.jpg,94,108,237,328,0,val
005604.jpg,73,72,187,259,0,val
005605.jpg,50,79,221,293,0,val
005606.jpg,84,68,200,277,0,val
005607.jpg,55,26,70,97,0,val
005608.jpg,74,80,140,194,0,val
005609.jpg,116,73,159,220,0,val
005610.jpg,57,71,159,220,0,val
005611.jpg,6,45,75,104,0,val
005612.jpg,178,25,174,241,0,val
005613.jpg,328,67,164,227,0,val
005614.jpg,45,98,265,367,0,val
005615.jpg,1,96,244,309,0,val
005616.jpg,1,45,174,241,0,val
005617.jpg,37,38,333,461,0,val
005618.jpg,53,69,125,173,0,val
005619.jpg,54,85,211,292,0,val
005620.jpg,401,59,224,310,0,val
005621.jpg,236,154,325,450,0,val
005622.jpg,65,61,148,205,0,val
005623.jpg,126,100,140,194,0,val
005624.jpg,265,25,232,342,0,val
005625.jpg,119,37,169,234,0,val
005626.jpg,118,120,179,248,0,val
005627.jpg,39,104,203,281,0,val
005628.jpg,177,28,148,205,0,val
005629.jpg,106,117,260,360,0,val
005630.jpg,92,58,172,238,0,val
005631.jpg,210,28,153,212,0,val
005632.jpg,41,65,120,166,0,val
005633.jpg,108,61,200,277,0,val
005634.jpg,190,65,177,245,0,val
005635.jpg,37,63,234,324,0,val
005636.jpg,209,140,114,158,0,val
005637.jpg,108,103,125,173,0,val
005638.jpg,89,64,99,137,0,val
005639.jpg,149,104,177,245,0,val
005640.jpg,138,57,138,191,0,val
005641.jpg,217,174,585,810,0,val
005642.jpg,100,40,125,173,0,val
005643.jpg,63,147,265,367,0,val
005644.jpg,116,61,174,241,0,val
005645.jpg,81,126,190,263,0,val
005646.jpg,14,43,101,140,0,val
005647.jpg,116,61,96,133,0,val
005648.jpg,244,197,658,911,0,val
005649.jpg,256,315,510,706,0,val
005650.jpg,29,35,247,342,0,val
005651.jpg,904,166,312,432,0,val
005652.jpg,78,58,151,209,0,val
005653.jpg,52,40,88,122,0,val
005654.jpg,111,1,387,536,0,val
005655.jpg,245,55,187,259,0,val
005656.jpg,240,75,78,108,0,val
005657.jpg,296,38,65,90,0,val
005658.jpg,58,54,94,130,0,val
005659.jpg,90,38,161,223,0,val
005660.jpg,129,72,164,227,0,val
005661.jpg,152,16,153,212,0,val
005662.jpg,774,631,668,925,0,val
005663.jpg,258,41,81,112,0,val
005664.jpg,75,164,406,562,0,val
005665.jpg,71,76,99,137,0,val
005666.jpg,164,38,60,83,0,val
005667.jpg,142,48,182,252,0,val
005668.jpg,21,32,73,101,0,val
005669.jpg,14,8,138,191,0,val
005670.jpg,392,227,213,295,0,val
005671.jpg,175,49,140,194,0,val
005672.jpg,51,89,281,389,0,val
005673.jpg,90,84,187,259,0,val
005674.jpg,83,101,205,284,0,val
005675.jpg,98,129,250,346,0,val
005676.jpg,194,89,218,302,0,val
005677.jpg,150,71,179,248,0,val
005678.jpg,84,46,193,304,0,val
005679.jpg,187,207,307,425,0,val
005680.jpg,74,90,99,137,0,val
005681.jpg,315,33,112,155,0,val
005682.jpg,193,40,140,194,0,val
005683.jpg,69,44,112,155,0,val
005684.jpg,218,95,125,173,0,val
005685.jpg,55,59,127,176,0,val
005686.jpg,120,79,182,252,0,val
005687.jpg,36,53,192,266,0,val
005688.jpg,43,128,205,284,0,val
005689.jpg,113,27,127,176,0,val
005690.jpg,280,89,177,245,0,val
005691.jpg,392,298,174,241,0,val
005692.jpg,87,21,218,302,0,val
005693.jpg,24,69,117,162,0,val
005694.jpg,122,58,117,162,0,val
005695.jpg,187,122,159,220,0,val
005696.jpg,228,111,452,626,0,val
005697.jpg,230,59,195,270,0,val
005698.jpg,77,61,146,202,0,val
005699.jpg,70,58,161,223,0,val
005700.jpg,66,53,91,126,0,val
005701.jpg,44,19,114,158,0,val
005702.jpg,22,3,105,151,0,val
005703.jpg,237,200,343,475,0,val
005704.jpg,46,115,234,324,0,val
005705.jpg,612,75,133,184,0,val
005706.jpg,150,134,302,418,0,val
005707.jpg,125,95,156,216,0,val
005708.jpg,31,133,216,295,0,val
005709.jpg,53,41,130,180,0,val
005710.jpg,48,14,75,104,0,val
005711.jpg,44,64,162,221,0,val
005712.jpg,141,53,88,122,0,val
005713.jpg,116,55,159,220,0,val
005714.jpg,52,31,138,191,0,val
005715.jpg,60,63,216,299,0,val
005716.jpg,26,23,83,115,0,val
005717.jpg,177,30,125,173,0,val
005718.jpg,65,21,68,94,0,val
005719.jpg,215,175,200,277,0,val
005720.jpg,97,42,104,144,0,val
005721.jpg,89,31,179,248,0,val
005722.jpg,26,37,109,151,0,val
005723.jpg,92,104,281,389,0,val
005724.jpg,79,28,44,61,0,val
005725.jpg,177,120,135,187,0,val
005726.jpg,365,264,2509,3187,0,val
005727.jpg,45,126,445,616,0,val
005728.jpg,327,137,406,562,0,val
005729.jpg,80,97,260,360,0,val
005730.jpg,79,49,114,158,0,val
005731.jpg,4,19,322,446,0,val
005732.jpg,20,28,75,104,0,val
005733.jpg,753,325,627,868,0,val
005734.jpg,37,58,291,403,0,val
005735.jpg,264,260,658,911,0,val
005736.jpg,298,43,146,202,0,val
005737.jpg,262,204,138,191,0,val
005738.jpg,66,66,208,288,0,val
005739.jpg,500,506,793,1098,0,val
005740.jpg,103,48,133,184,0,val
005741.jpg,99,67,140,194,0,val
005742.jpg,78,77,205,284,0,val
005743.jpg,80,41,187,259,0,val
005744.jpg,26,32,229,285,0,val
005745.jpg,621,73,257,356,0,val
005746.jpg,199,58,127,176,0,val
005747.jpg,59,12,86,119,0,val
005748.jpg,154,94,49,68,0,val
005749.jpg,1,26,216,299,0,val
005750.jpg,186,19,99,137,0,val
005751.jpg,359,106,239,331,0,val
005752.jpg,151,87,166,230,0,val
005753.jpg,122,90,187,259,0,val
005754.jpg,440,222,406,562,0,val
005755.jpg,123,101,148,205,0,val
005756.jpg,54,69,169,234,0,val
005757.jpg,55,83,203,281,0,val
005758.jpg,120,104,182,252,0,val
005759.jpg,87,61,161,223,0,val
005760.jpg,77,86,156,216,0,val
005761.jpg,66,39,156,216,0,val
005762.jpg,80,115,231,320,0,val
005763.jpg,130,79,156,216,0,val
005764.jpg,70,22,62,86,0,val
005765.jpg,395,118,187,259,0,val
005766.jpg,48,24,55,76,0,val
005767.jpg,100,72,114,158,0,val
005768.jpg,94,58,213,295,0,val
005769.jpg,93,45,94,130,0,val
005770.jpg,38,83,218,302,0,val
005771.jpg,85,99,192,266,0,val
005772.jpg,85,97,151,209,0,val
005773.jpg,202,86,161,223,0,val
005774.jpg,127,38,104,144,0,val
005775.jpg,91,100,156,216,0,val
005776.jpg,5,66,83,115,0,val
005777.jpg,40,51,172,238,0,val
005778.jpg,55,54,75,104,0,val
005779.jpg,34,31,101,140,0,val
005780.jpg,326,50,88,122,0,val
005781.jpg,17,8,49,67,0,val
005782.jpg,179,76,338,468,0,val
005783.jpg,54,109,203,281,0,val
005784.jpg,202,96,164,227,0,val
005785.jpg,792,314,419,580,0,val
005786.jpg,432,110,229,317,0,val
005787.jpg,50,26,57,79,0,val
005788.jpg,38,52,114,158,0,val
005789.jpg,21,3,140,194,0,val
005790.jpg,60,76,198,274,0,val
005791.jpg,26,39,122,169,0,val
005792.jpg,108,65,122,169,0,val
005793.jpg,136,168,229,317,0,val
005794.jpg,55,95,161,223,0,val
005795.jpg,305,248,153,212,0,val
005796.jpg,98,46,101,140,0,val
005797.jpg,29,46,73,101,0,val
005798.jpg,118,170,281,389,0,val
005799.jpg,711,249,1017,1408,0,val
005800.jpg,211,63,216,299,0,val
005801.jpg,93,30,94,130,0,val
005802.jpg,11,33,114,158,0,val
005803.jpg,62,90,151,209,0,val
005804.jpg,1,43,96,133,0,val
005805.jpg,121,83,117,162,0,val
005806.jpg,168,60,221,306,0,val
005807.jpg,66,63,218,276,0,val
005808.jpg,93,60,125,173,0,val
005809.jpg,67,99,224,300,0,val
005810.jpg,430,691,1222,1692,0,val
005811.jpg,459,235,476,659,0,val
005812.jpg,119,80,294,403,0,val
005813.jpg,177,90,135,187,0,val
005814.jpg,150,164,221,306,0,val
005815.jpg,55,23,68,94,0,val
005816.jpg,108,46,107,148,0,val
005817.jpg,247,86,140,194,0,val
005818.jpg,385,69,229,317,0,val
005819.jpg,245,115,222,317,0,val
005820.jpg,117,103,221,306,0,val
005821.jpg,77,20,94,130,0,val
005822.jpg,209,164,149,223,0,val
005823.jpg,63,19,356,493,0,val
005824.jpg,460,272,312,432,0,val
005825.jpg,34,18,107,148,0,val
005826.jpg,55,69,260,360,0,val
005827.jpg,111,32,88,122,0,val
005828.jpg,290,172,533,738,0,val
005829.jpg,21,46,114,158,0,val
005830.jpg,74,108,169,234,0,val
005831.jpg,25,42,60,83,0,val
005832.jpg,129,96,198,274,0,val
005833.jpg,9,24,165,211,0,val
005834.jpg,151,73,153,212,0,val
005835.jpg,1,77,380,420,0,val
005836.jpg,25,29,78,108,0,val
005837.jpg,86,56,143,198,0,val
005838.jpg,114,83,140,194,0,val
005839.jpg,65,41,239,331,0,val
005840.jpg,87,72,101,140,0,val
005841.jpg,56,99,153,212,0,val
005842.jpg,32,27,195,270,0,val
005843.jpg,238,1,1378,1908,0,val
005844.jpg,147,122,359,497,0,val
005845.jpg,76,86,203,281,0,val
005846.jpg,68,65,234,324,0,val
005847.jpg,163,55,166,230,0,val
005848.jpg,264,91,276,382,0,val
005849.jpg,64,45,198,274,0,val
005850.jpg,32,64,169,234,0,val
005851.jpg,225,39,55,76,0,val
005852.jpg,108,66,153,212,0,val
005853.jpg,96,55,159,220,0,val
005854.jpg,76,87,143,198,0,val
005855.jpg,88,101,234,324,0,val
005856.jpg,54,87,187,259,0,val
005857.jpg,125,33,84,119,0,val
005858.jpg,402,178,338,468,0,val
005859.jpg,273,56,153,212,0,val
005860.jpg,110,83,166,230,0,val
005861.jpg,108,93,203,281,0,val
005862.jpg,268,49,125,173,0,val
005863.jpg,15,25,146,202,0,val
005864.jpg,419,186,403,558,0,val
005865.jpg,212,118,153,212,0,val
005866.jpg,79,52,190,263,0,val
005867.jpg,139,21,78,108,0,val
005868.jpg,296,85,286,396,0,val
005869.jpg,83,120,213,295,0,val
005870.jpg,71,70,195,270,0,val
005871.jpg,87,77,135,187,0,val
005872.jpg,45,77,250,346,0,val
005873.jpg,54,74,211,292,0,val
005874.jpg,199,34,164,227,0,val
005875.jpg,434,78,289,400,0,val
005876.jpg,149,170,182,252,0,val
005877.jpg,109,106,169,234,0,val
005878.jpg,172,53,198,274,0,val
005879.jpg,131,88,242,335,0,val
005880.jpg,426,100,159,220,0,val
005881.jpg,168,145,211,292,0,val
005882.jpg,39,130,239,331,0,val
005883.jpg,1,100,244,338,0,val
005884.jpg,242,61,224,310,0,val
005885.jpg,1414,621,101,140,0,val
005886.jpg,187,65,367,508,0,val
005887.jpg,218,163,133,184,0,val
005888.jpg,272,86,94,130,0,val
005889.jpg,114,70,151,209,0,val
005890.jpg,135,89,211,292,0,val
005891.jpg,82,70,192,266,0,val
005892.jpg,80,94,169,234,0,val
005893.jpg,861,90,317,439,0,val
005894.jpg,157,172,273,378,0,val
005895.jpg,104,70,169,234,0,val
005896.jpg,177,81,208,288,0,val
005897.jpg,65,88,146,202,0,val
005898.jpg,132,43,169,234,0,val
005899.jpg,91,80,99,137,0,val
005900.jpg,129,41,127,176,0,val
005901.jpg,85,44,120,166,0,val
005902.jpg,552,267,333,461,0,val
005903.jpg,81,12,83,115,0,val
005904.jpg,97,42,62,86,0,val
005905.jpg,113,35,166,230,0,val
005906.jpg,100,192,195,270,0,val
005907.jpg,147,58,237,328,0,val
005908.jpg,143,147,127,176,0,val
005909.jpg,62,30,86,140,0,val
005910.jpg,76,83,146,202,0,val
005911.jpg,144,203,200,277,0,val
005912.jpg,1462,181,1004,1390,0,val
005913.jpg,112,25,164,212,0,val
005914.jpg,172,152,101,140,0,val
005915.jpg,47,24,120,166,0,val
005916.jpg,16,31,114,158,0,val
005917.jpg,284,227,244,338,0,val
005918.jpg,191,40,146,202,0,val
005919.jpg,116,91,143,198,0,val
005920.jpg,202,71,299,414,0,val
005921.jpg,215,63,135,187,0,val
005922.jpg,262,90,231,320,0,val
005923.jpg,393,134,338,468,0,val
005924.jpg,101,343,575,796,0,val
005925.jpg,784,185,541,749,0,val
005926.jpg,268,303,439,608,0,val
005927.jpg,15,44,187,254,0,val
005928.jpg,44,36,96,133,0,val
005929.jpg,92,113,234,324,0,val
005930.jpg,39,230,190,263,0,val
005931.jpg,54,36,113,160,0,val
005932.jpg,940,1,718,994,0,val
005933.jpg,68,58,164,227,0,val
005934.jpg,46,34,96,133,0,val
005935.jpg,381,121,216,299,0,val
005936.jpg,211,192,255,353,0,val
005937.jpg,118,62,159,220,0,val
005938.jpg,218,83,226,313,0,val
005939.jpg,159,61,130,180,0,val
005940.jpg,191,99,286,396,0,val
005941.jpg,127,65,192,266,0,val
005942.jpg,38,58,148,205,0,val
005943.jpg,136,28,109,151,0,val
005944.jpg,263,116,374,518,0,val
005945.jpg,224,74,239,331,0,val
005946.jpg,85,42,385,533,0,val
005947.jpg,80,104,237,328,0,val
005948.jpg,97,54,120,166,0,val
005949.jpg,154,72,182,252,0,val
005950.jpg,76,83,182,252,0,val
005951.jpg,302,230,372,515,0,val
005952.jpg,148,20,112,155,0,val
005953.jpg,27,40,99,137,0,val
005954.jpg,357,81,211,292,0,val
005955.jpg,88,91,195,252,0,val
005956.jpg,79,57,112,155,0,val
005957.jpg,120,92,187,259,0,val
005958.jpg,73,65,130,180,0,val
005959.jpg,64,57,169,234,0,val
005960.jpg,61,77,247,342,0,val
005961.jpg,248,51,94,130,0,val
005962.jpg,203,108,127,176,0,val
005963.jpg,252,215,473,655,0,val
005964.jpg,147,72,226,313,0,val
005965.jpg,38,31,260,360,0,val
005966.jpg,85,21,91,126,0,val
005967.jpg,21,114,205,284,0,val
005968.jpg,133,59,156,216,0,val
005969.jpg,52,67,120,166,0,val
005970.jpg,129,28,130,180,0,val
005971.jpg,65,23,192,306,0,val
005972.jpg,68,36,187,259,0,val
005973.jpg,333,85,458,634,0,val
005974.jpg,132,75,192,266,0,val
005975.jpg,183,56,146,202,0,val
005976.jpg,79,75,117,162,0,val
005977.jpg,108,48,96,133,0,val
005978.jpg,208,170,229,317,0,val
005979.jpg,35,58,135,187,0,val
005980.jpg,29,50,122,169,0,val
005981.jpg,404,186,169,234,0,val
005982.jpg,206,136,559,774,0,val
005983.jpg,72,146,153,212,0,val
005984.jpg,69,58,216,299,0,val
005985.jpg,126,225,114,158,0,val
005986.jpg,141,88,112,155,0,val
005987.jpg,76,52,117,162,0,val
005988.jpg,14,40,104,144,0,val
005989.jpg,222,85,270,374,0,val
005990.jpg,401,657,1875,2596,0,val
005991.jpg,75,65,156,216,0,val
005992.jpg,57,57,166,230,0,val
005993.jpg,102,74,146,202,0,val
005994.jpg,76,115,239,331,0,val
005995.jpg,69,104,159,220,0,val
005996.jpg,127,75,148,205,0,val
005997.jpg,141,78,161,223,0,val
005998.jpg,114,51,114,158,0,val
005999.jpg,860,30,179,248,0,val
006000.jpg,146,44,174,241,0,val
006001.jpg,13,16,83,115,0,val
006002.jpg,104,105,192,266,0,val
006003.jpg,230,188,346,479,0,val
006004.jpg,173,138,242,335,0,val
006005.jpg,114,77,153,212,0,val
006006.jpg,29,38,62,86,0,val
006007.jpg,57,40,94,130,0,val
006008.jpg,15,40,91,126,0,val
006009.jpg,133,60,109,151,0,val
006010.jpg,115,87,127,176,0,val
006011.jpg,538,101,296,410,0,val
006012.jpg,192,144,244,338,0,val
006013.jpg,48,18,112,155,0,val
006014.jpg,77,70,91,126,0,val
006015.jpg,88,95,151,209,0,val
006016.jpg,19,39,135,187,0,val
006017.jpg,71,63,101,140,0,val
006018.jpg,70,91,99,137,0,val
006019.jpg,353,272,244,338,0,val
006020.jpg,50,39,75,104,0,val
006021.jpg,39,51,81,112,0,val
006022.jpg,170,65,250,346,0,val
006023.jpg,46,75,120,166,0,val
006024.jpg,101,49,120,166,0,val
006025.jpg,136,28,91,126,0,val
006026.jpg,37,24,83,115,0,val
006027.jpg,319,18,174,241,0,val
006028.jpg,70,42,88,122,0,val
006029.jpg,75,54,250,346,0,val
006030.jpg,260,53,146,202,0,val
006031.jpg,148,42,107,148,0,val
006032.jpg,1,9,432,598,0,val
006033.jpg,772,152,333,461,0,val
006034.jpg,79,37,130,180,0,val
006035.jpg,88,55,140,194,0,val
006036.jpg,65,61,235,340,0,val
006037.jpg,378,107,257,356,0,val
006038.jpg,115,56,221,306,0,val
006039.jpg,23,35,146,202,0,val
006040.jpg,141,77,133,184,0,val
006041.jpg,129,93,211,292,0,val
006042.jpg,38,46,86,119,0,val
006043.jpg,84,99,185,256,0,val
006044.jpg,80,72,133,184,0,val
006045.jpg,169,23,96,133,0,val
006046.jpg,144,74,88,122,0,val
006047.jpg,84,79,211,292,0,val
006048.jpg,108,53,73,101,0,val
006049.jpg,270,105,109,151,0,val
006050.jpg,151,86,315,436,0,val
006051.jpg,176,114,247,342,0,val
006052.jpg,188,97,156,216,0,val
006053.jpg,60,51,125,173,0,val
006054.jpg,112,137,263,360,0,val
006055.jpg,215,77,242,335,0,val
006056.jpg,55,27,133,184,0,val
006057.jpg,106,64,112,155,0,val
006058.jpg,150,17,68,94,0,val
006059.jpg,42,53,348,482,0,val
006060.jpg,163,121,148,205,0,val
006061.jpg,95,115,229,317,0,val
006062.jpg,70,75,159,220,0,val
006063.jpg,95,96,153,212,0,val
006064.jpg,97,53,151,209,0,val
006065.jpg,74,90,216,299,0,val
006066.jpg,35,66,234,283,0,val
006067.jpg,98,92,96,133,0,val
006068.jpg,113,73,91,126,0,val
006069.jpg,59,75,250,346,0,val
006070.jpg,94,41,88,122,0,val
006071.jpg,96,106,247,342,0,val
006072.jpg,96,127,270,374,0,val
006073.jpg,106,85,122,169,0,val
006074.jpg,60,102,172,238,0,val
006075.jpg,63,52,161,223,0,val
006076.jpg,89,104,174,241,0,val
006077.jpg,108,69,151,209,0,val
006078.jpg,115,99,179,248,0,val
006079.jpg,21,85,328,412,0,val
006080.jpg,22,14,104,144,0,val
006081.jpg,84,88,216,299,0,val
006082.jpg,109,81,130,180,0,val
006083.jpg,120,73,143,198,0,val
006084.jpg,86,35,75,104,0,val
006085.jpg,105,117,304,421,0,val
006086.jpg,234,46,104,144,0,val
006087.jpg,238,213,255,353,0,val
006088.jpg,219,55,153,212,0,val
006089.jpg,55,51,60,83,0,val
006090.jpg,228,58,122,169,0,val
006091.jpg,315,53,159,220,0,val
006092.jpg,162,43,99,137,0,val
006093.jpg,22,39,286,396,0,val
006094.jpg,189,69,156,216,0,val
006095.jpg,1,18,107,148,0,val
006096.jpg,139,51,172,238,0,val
006097.jpg,96,150,226,313,0,val
006098.jpg,99,83,107,148,0,val
006099.jpg,90,56,117,162,0,val
006100.jpg,101,43,166,230,0,val
006101.jpg,318,80,120,166,0,val
006102.jpg,109,23,62,86,0,val
006103.jpg,17,48,138,191,0,val
006104.jpg,90,49,203,281,0,val
006105.jpg,121,62,247,342,0,val
006106.jpg,144,38,107,148,0,val
006107.jpg,622,222,679,940,0,val
006108.jpg,183,144,341,472,0,val
006109.jpg,52,80,369,511,0,val
006110.jpg,77,103,138,191,0,val
006111.jpg,184,59,114,158,0,val
006112.jpg,106,144,112,155,0,val
006113.jpg,135,36,73,101,0,val
006114.jpg,46,98,148,205,0,val
006115.jpg,106,75,135,187,0,val
006116.jpg,14,19,130,165,0,val
006117.jpg,36,101,237,328,0,val
006118.jpg,125,74,151,209,0,val
006119.jpg,74,121,159,220,0,val
006120.jpg,136,80,172,238,0,val
006121.jpg,131,75,172,238,0,val
006122.jpg,107,41,218,302,0,val
006123.jpg,12,88,203,261,0,val
006124.jpg,38,67,138,191,0,val
006125.jpg,53,91,177,245,0,val
006126.jpg,38,58,192,266,0,val
006127.jpg,91,105,192,266,0,val
006128.jpg,62,72,260,360,0,val
006129.jpg,54,99,229,317,0,val
006130.jpg,49,104,221,306,0,val
006131.jpg,272,33,234,324,0,val
006132.jpg,89,96,200,277,0,val
006133.jpg,96,76,104,144,0,val
006134.jpg,436,284,177,245,0,val
006135.jpg,33,21,231,320,0,val
006136.jpg,89,72,127,176,0,val
006137.jpg,135,74,159,220,0,val
006138.jpg,22,86,211,292,0,val
006139.jpg,76,42,120,166,0,val
006140.jpg,57,38,65,90,0,val
006141.jpg,198,155,151,209,0,val
006142.jpg,401,163,299,414,0,val
006143.jpg,77,65,177,245,0,val
006144.jpg,142,171,335,464,0,val
006145.jpg,72,92,83,115,0,val
006146.jpg,569,433,1074,1487,0,val
006147.jpg,54,50,140,194,0,val
006148.jpg,360,21,218,302,0,val
006149.jpg,78,93,268,371,0,val
006150.jpg,184,60,83,115,0,val
006151.jpg,93,40,94,130,0,val
006152.jpg,71,91,94,130,0,val
006153.jpg,127,61,179,248,0,val
006154.jpg,11,38,88,122,0,val
006155.jpg,94,84,73,101,0,val
006156.jpg,226,125,250,346,0,val
006157.jpg,31,64,94,130,0,val
006158.jpg,414,120,434,601,0,val
006159.jpg,80,109,213,295,0,val
006160.jpg,81,26,164,227,0,val
006161.jpg,130,45,122,169,0,val
006162.jpg,68,145,226,313,0,val
006163.jpg,86,77,185,256,0,val
006164.jpg,148,36,114,158,0,val
006165.jpg,53,48,70,97,0,val
006166.jpg,69,63,208,288,0,val
006167.jpg,85,98,127,176,0,val
006168.jpg,1,30,455,630,0,val
006169.jpg,34,36,413,572,0,val
006170.jpg,70,58,159,220,0,val
006171.jpg,117,54,209,324,0,val
006172.jpg,209,225,192,266,0,val
006173.jpg,252,54,166,230,0,val
006174.jpg,72,61,216,299,0,val
006175.jpg,73,75,278,385,0,val
006176.jpg,196,40,172,238,0,val
006177.jpg,311,50,148,205,0,val
006178.jpg,170,272,367,508,0,val
006179.jpg,45,70,182,252,0,val
006180.jpg,307,100,99,137,0,val
006181.jpg,121,71,114,158,0,val
006182.jpg,16,45,226,313,0,val
006183.jpg,115,35,70,97,0,val
006184.jpg,72,108,172,238,0,val
006185.jpg,117,95,159,220,0,val
006186.jpg,244,30,104,144,0,val
006187.jpg,33,107,250,346,0,val
006188.jpg,601,181,317,439,0,val
006189.jpg,52,31,52,72,0,val
006190.jpg,97,52,125,173,0,val
006191.jpg,59,138,250,346,0,val
006192.jpg,263,179,250,346,0,val
006193.jpg,131,101,146,202,0,val
006194.jpg,69,33,185,256,0,val
006195.jpg,155,60,179,248,0,val
006196.jpg,29,33,146,202,0,val
006197.jpg,167,35,174,241,0,val
006198.jpg,51,36,242,334,0,val
006199.jpg,136,129,187,259,0,val
006200.jpg,92,91,218,302,0,val
006201.jpg,952,83,299,414,0,val
006202.jpg,157,128,192,266,0,val
006203.jpg,85,6,70,97,0,val
006204.jpg,141,136,244,338,0,val
006205.jpg,171,64,70,97,0,val
006206.jpg,63,47,153,212,0,val
006207.jpg,53,72,187,224,0,val
006208.jpg,240,88,130,180,0,val
006209.jpg,269,56,127,176,0,val
006210.jpg,116,20,68,94,0,val
006211.jpg,231,113,57,79,0,val
006212.jpg,95,19,185,256,0,val
006213.jpg,155,88,226,313,0,val
006214.jpg,102,76,221,306,0,val
006215.jpg,79,119,224,310,0,val
006216.jpg,110,33,172,238,0,val
006217.jpg,493,1,816,1130,0,val
006218.jpg,132,54,198,274,0,val
006219.jpg,188,310,569,788,0,val
006220.jpg,43,54,182,252,0,val
006221.jpg,63,74,120,166,0,val
006222.jpg,306,28,151,209,0,val
006223.jpg,119,56,57,79,0,val
006224.jpg,40,31,177,245,0,val
006225.jpg,93,96,164,227,0,val
006226.jpg,93,113,312,432,0,val
006227.jpg,114,55,195,270,0,val
006228.jpg,565,379,598,828,0,val
006229.jpg,25,152,213,295,0,val
006230.jpg,118,98,198,274,0,val
006231.jpg,87,59,138,191,0,val
006232.jpg,192,29,91,126,0,val
006233.jpg,497,82,182,252,0,val
006234.jpg,60,52,198,268,0,val
006235.jpg,123,40,153,212,0,val
006236.jpg,179,78,211,292,0,val
006237.jpg,135,73,166,230,0,val
006238.jpg,294,46,107,148,0,val
006239.jpg,14,9,166,230,0,val
006240.jpg,125,449,1069,1466,0,val
006241.jpg,48,41,109,151,0,val
006242.jpg,47,10,99,137,0,val
006243.jpg,77,16,304,421,0,val
006244.jpg,33,33,86,119,0,val
006245.jpg,69,28,156,216,0,val
006246.jpg,428,84,151,209,0,val
006247.jpg,80,36,151,209,0,val
006248.jpg,662,181,686,950,0,val
006249.jpg,34,83,341,414,0,val
006250.jpg,115,105,234,324,0,val
006251.jpg,58,107,239,331,0,val
006252.jpg,62,29,114,158,0,val
006253.jpg,238,22,289,400,0,val
006254.jpg,145,99,359,497,0,val
006255.jpg,115,101,231,320,0,val
006256.jpg,91,117,179,248,0,val
006257.jpg,155,92,104,144,0,val
006258.jpg,168,310,75,104,0,val
006259.jpg,72,60,138,173,0,val
006260.jpg,221,48,208,288,0,val
006261.jpg,51,63,104,144,0,val
006262.jpg,102,77,187,259,0,val
006263.jpg,233,127,205,284,0,val
006264.jpg,54,64,260,360,0,val
006265.jpg,132,74,182,252,0,val
006266.jpg,34,45,112,155,0,val
006267.jpg,291,265,335,464,0,val
006268.jpg,56,54,195,270,0,val
006269.jpg,61,63,273,378,0,val
006270.jpg,54,67,151,209,0,val
006271.jpg,126,46,114,158,0,val
006272.jpg,78,61,166,230,0,val
006273.jpg,27,30,88,122,0,val
006274.jpg,132,53,174,241,0,val
006275.jpg,16,43,104,144,0,val
006276.jpg,128,84,91,126,0,val
006277.jpg,122,55,86,119,0,val
006278.jpg,305,37,92,137,0,val
006279.jpg,132,129,138,191,0,val
006280.jpg,193,10,156,216,0,val
006281.jpg,708,87,138,191,0,val
006282.jpg,326,194,629,871,0,val
006283.jpg,363,1,122,169,0,val
006284.jpg,374,151,211,292,0,val
006285.jpg,224,63,133,184,0,val
006286.jpg,73,27,94,130,0,val
006287.jpg,220,119,86,119,0,val
006288.jpg,131,134,148,205,0,val
006289.jpg,301,252,533,738,0,val
006290.jpg,199,105,205,284,0,val
006291.jpg,191,124,127,176,0,val
006292.jpg,311,62,203,281,0,val
006293.jpg,345,149,156,216,0,val
006294.jpg,46,91,221,306,0,val
006295.jpg,79,87,211,292,0,val
006296.jpg,2,30,208,288,0,val
006297.jpg,53,48,99,137,0,val
006298.jpg,266,76,182,252,0,val
006299.jpg,191,37,117,162,0,val
006300.jpg,103,33,125,173,0,val
006301.jpg,42,102,237,328,0,val
006302.jpg,61,50,136,191,0,val
006303.jpg,213,112,151,209,0,val
006304.jpg,28,38,88,122,0,val
006305.jpg,163,69,138,191,0,val
006306.jpg,110,53,127,176,0,val
006307.jpg,391,81,242,335,0,val
006308.jpg,124,53,125,173,0,val
006309.jpg,103,50,70,97,0,val
006310.jpg,221,29,161,223,0,val
006311.jpg,192,70,146,202,0,val
006312.jpg,55,90,192,249,0,val
006313.jpg,174,99,309,428,0,val
006314.jpg,223,166,75,104,0,val
006315.jpg,47,50,34,47,0,val
006316.jpg,185,5,130,180,0,val
006317.jpg,479,32,101,140,0,val
006318.jpg,17,68,216,299,0,val
006319.jpg,177,24,104,144,0,val
006320.jpg,167,86,161,223,0,val
006321.jpg,284,14,101,140,0,val
006322.jpg,82,72,153,212,0,val
006323.jpg,737,62,569,788,0,val
006324.jpg,40,86,208,288,0,val
006325.jpg,177,39,140,194,0,val
006326.jpg,634,31,580,803,0,val
006327.jpg,66,35,198,274,0,val
006328.jpg,171,41,166,230,0,val
006329.jpg,107,84,315,436,0,val
006330.jpg,126,80,205,284,0,val
006331.jpg,187,133,361,500,0,val
006332.jpg,64,69,205,284,0,val
006333.jpg,80,107,109,151,0,val
006334.jpg,167,1,185,256,0,val
006335.jpg,35,49,161,217,0,val
006336.jpg,117,37,120,166,0,val
006337.jpg,15,130,250,334,0,val
006338.jpg,125,50,96,133,0,val
006339.jpg,119,76,138,191,0,val
006340.jpg,272,69,18,25,0,val
006341.jpg,92,68,177,245,0,val
006342.jpg,394,1,608,842,0,val
006343.jpg,108,37,156,216,0,val
006344.jpg,61,39,198,274,0,val
006345.jpg,66,66,133,184,0,val
006346.jpg,146,42,114,158,0,val
006347.jpg,335,182,478,662,0,val
006348.jpg,109,105,153,212,0,val
006349.jpg,188,105,91,126,0,val
006350.jpg,516,104,143,198,0,val
006351.jpg,305,72,148,205,0,val
006352.jpg,98,197,400,554,0,val
006353.jpg,28,44,83,115,0,val
006354.jpg,175,139,86,119,0,val
006355.jpg,140,49,164,227,0,val
006356.jpg,97,70,185,256,0,val
006357.jpg,222,72,120,166,0,val
006358.jpg,196,28,169,234,0,val
006359.jpg,223,116,182,252,0,val
006360.jpg,101,82,172,238,0,val
006361.jpg,217,68,94,130,0,val
006362.jpg,131,149,70,97,0,val
006363.jpg,131,39,122,169,0,val
006364.jpg,123,98,151,209,0,val
006365.jpg,99,108,218,302,0,val
006366.jpg,413,475,1313,1818,0,val
006367.jpg,311,103,117,162,0,val
006368.jpg,206,151,333,461,0,val
006369.jpg,210,119,104,144,0,val
006370.jpg,107,102,213,295,0,val
006371.jpg,703,64,403,558,0,val
006372.jpg,165,85,143,198,0,val
006373.jpg,44,25,163,231,0,val
006374.jpg,214,27,114,158,0,val
006375.jpg,116,38,135,187,0,val
006376.jpg,103,99,195,270,0,val
006377.jpg,57,59,104,144,0,val
006378.jpg,65,23,91,126,0,val
006379.jpg,62,47,208,288,0,val
006380.jpg,51,49,112,155,0,val
006381.jpg,1207,568,250,346,0,val
006382.jpg,72,103,205,284,0,val
006383.jpg,212,31,169,234,0,val
006384.jpg,34,54,101,140,0,val
006385.jpg,29,89,112,155,0,val
006386.jpg,82,49,192,266,0,val
006387.jpg,75,56,109,151,0,val
006388.jpg,12,52,73,101,0,val
006389.jpg,76,1,525,727,0,val
006390.jpg,93,85,195,270,0,val
006391.jpg,100,75,68,94,0,val
006392.jpg,121,135,127,176,0,val
006393.jpg,51,18,190,263,0,val
006394.jpg,718,148,429,594,0,val
006395.jpg,9,26,68,94,0,val
006396.jpg,150,67,172,238,0,val
006397.jpg,389,347,450,623,0,val
006398.jpg,226,50,177,245,0,val
006399.jpg,194,93,125,173,0,val
006400.jpg,64,77,122,169,0,val
006401.jpg,230,193,338,468,0,val
006402.jpg,112,86,174,241,0,val
006403.jpg,1211,258,655,907,0,val
006404.jpg,62,40,60,83,0,val
006405.jpg,839,480,850,1177,0,val
006406.jpg,242,109,216,299,0,val
006407.jpg,90,67,250,346,0,val
006408.jpg,124,12,125,173,0,val
006409.jpg,106,86,169,234,0,val
006410.jpg,97,62,101,140,0,val
006411.jpg,60,80,164,227,0,val
006412.jpg,21,37,140,194,0,val
006413.jpg,7,20,101,140,0,val
006414.jpg,173,1,140,194,0,val
006415.jpg,9,95,239,331,0,val
006416.jpg,285,106,174,241,0,val
006417.jpg,170,75,104,144,0,val
006418.jpg,65,87,169,234,0,val
006419.jpg,102,84,130,180,0,val
006420.jpg,120,105,216,299,0,val
006421.jpg,266,69,94,130,0,val
006422.jpg,73,78,107,148,0,val
006423.jpg,373,101,346,479,0,val
006424.jpg,84,97,127,176,0,val
006425.jpg,109,46,185,256,0,val
006426.jpg,307,423,582,806,0,val
006427.jpg,43,46,81,112,0,val
006428.jpg,164,94,268,371,0,val
006429.jpg,380,269,484,670,0,val
006430.jpg,174,70,112,155,0,val
006431.jpg,87,59,187,259,0,val
006432.jpg,148,17,255,353,0,val
006433.jpg,89,47,86,119,0,val
006434.jpg,103,75,174,241,0,val
006435.jpg,88,15,192,266,0,val
006436.jpg,149,104,107,148,0,val
006437.jpg,180,37,182,252,0,val
006438.jpg,74,39,101,140,0,val
006439.jpg,145,77,107,148,0,val
006440.jpg,16,57,221,306,0,val
006441.jpg,73,156,140,194,0,val
006442.jpg,101,154,458,634,0,val
006443.jpg,90,129,244,338,0,val
006444.jpg,184,41,96,133,0,val
006445.jpg,121,89,179,248,0,val
006446.jpg,173,88,146,202,0,val
006447.jpg,87,73,130,180,0,val
006448.jpg,374,226,554,767,0,val
006449.jpg,30,101,169,234,0,val
006450.jpg,202,125,177,245,0,val
006451.jpg,30,43,190,263,0,val
006452.jpg,140,93,146,202,0,val
006453.jpg,31,41,127,176,0,val
006454.jpg,151,109,208,288,0,val
006455.jpg,107,98,164,227,0,val
006456.jpg,27,96,250,346,0,val
006457.jpg,92,93,125,173,0,val
006458.jpg,266,64,187,259,0,val
006459.jpg,81,66,208,288,0,val
006460.jpg,286,203,177,245,0,val
006461.jpg,141,92,161,223,0,val
006462.jpg,59,56,120,166,0,val
006463.jpg,100,89,208,288,0,val
006464.jpg,154,27,116,170,0,val
006465.jpg,35,32,140,194,0,val
006466.jpg,57,36,104,144,0,val
006467.jpg,155,17,286,396,0,val
006468.jpg,180,12,127,176,0,val
006469.jpg,317,178,182,252,0,val
006470.jpg,210,72,148,205,0,val
006471.jpg,68,79,130,180,0,val
006472.jpg,66,96,198,274,0,val
006473.jpg,51,86,135,187,0,val
006474.jpg,28,42,122,169,0,val
006475.jpg,88,34,107,148,0,val
006476.jpg,113,89,135,187,0,val
006477.jpg,306,179,348,482,0,val
006478.jpg,154,150,260,360,0,val
006479.jpg,92,39,120,166,0,val
006480.jpg,268,118,348,482,0,val
006481.jpg,1,128,325,450,0,val
006482.jpg,204,401,538,745,0,val
006483.jpg,103,108,185,256,0,val
006484.jpg,337,216,312,432,0,val
006485.jpg,154,104,47,65,0,val
006486.jpg,532,72,283,392,0,val
006487.jpg,252,137,159,220,0,val
006488.jpg,114,17,122,169,0,val
006489.jpg,275,54,148,205,0,val
006490.jpg,59,79,140,187,0,val
006491.jpg,374,73,114,158,0,val
006492.jpg,48,42,144,205,0,val
006493.jpg,107,11,73,101,0,val
006494.jpg,81,8,164,227,0,val
006495.jpg,121,133,159,220,0,val
006496.jpg,471,109,244,338,0,val
006497.jpg,127,24,218,302,0,val
006498.jpg,54,69,255,353,0,val
006499.jpg,56,15,161,223,0,val
006500.jpg,524,111,312,432,0,val
006501.jpg,79,127,179,248,0,val
006502.jpg,18,24,47,65,0,val
006503.jpg,66,55,153,212,0,val
006504.jpg,63,25,39,54,0,val
006505.jpg,158,54,60,83,0,val
006506.jpg,189,28,185,299,0,val
006507.jpg,146,80,68,94,0,val
006508.jpg,48,115,286,396,0,val
006509.jpg,15,24,88,116,0,val
006510.jpg,197,45,114,158,0,val
006511.jpg,54,119,218,302,0,val
006512.jpg,384,242,242,335,0,val
006513.jpg,157,171,400,554,0,val
006514.jpg,288,55,307,425,0,val
006515.jpg,491,276,359,497,0,val
006516.jpg,272,68,286,396,0,val
006517.jpg,116,21,177,245,0,val
006518.jpg,106,20,205,284,0,val
006519.jpg,74,62,221,306,0,val
006520.jpg,27,54,169,227,0,val
006521.jpg,39,20,117,162,0,val
006522.jpg,69,34,122,169,0,val
006523.jpg,81,122,140,194,0,val
006524.jpg,476,505,603,835,0,val
006525.jpg,13,86,164,227,0,val
006526.jpg,793,471,736,1019,0,val
006527.jpg,437,72,192,266,0,val
006528.jpg,117,46,138,191,0,val
006529.jpg,98,109,182,252,0,val
006530.jpg,502,199,276,382,0,val
006531.jpg,389,99,68,94,0,val
006532.jpg,190,164,135,187,0,val
006533.jpg,178,75,189,347,0,val
006534.jpg,141,59,99,137,0,val
006535.jpg,101,91,133,184,0,val
006536.jpg,86,47,135,187,0,val
006537.jpg,138,43,94,130,0,val
006538.jpg,102,19,114,158,0,val
006539.jpg,150,67,143,198,0,val
006540.jpg,309,159,151,209,0,val
006541.jpg,46,32,65,90,0,val
006542.jpg,90,27,120,166,0,val
006543.jpg,141,42,393,544,0,val
006544.jpg,153,75,96,133,0,val
006545.jpg,74,33,109,151,0,val
006546.jpg,376,86,229,317,0,val
006547.jpg,164,1,112,155,0,val
006548.jpg,184,20,172,238,0,val
006549.jpg,557,47,130,180,0,val
006550.jpg,48,64,226,313,0,val
006551.jpg,48,49,107,140,0,val
006552.jpg,244,1,278,362,0,val
006553.jpg,585,401,473,655,0,val
006554.jpg,141,122,101,140,0,val
006555.jpg,1,12,135,187,0,val
006556.jpg,63,69,174,241,0,val
006557.jpg,74,329,127,176,0,val
006558.jpg,214,163,213,295,0,val
006559.jpg,117,63,133,184,0,val
006560.jpg,55,36,109,151,0,val
006561.jpg,75,22,138,191,0,val
006562.jpg,1043,538,785,1087,0,val
006563.jpg,122,89,169,234,0,val
006564.jpg,84,78,101,140,0,val
006565.jpg,237,54,112,155,0,val
006566.jpg,189,109,172,238,0,val
006567.jpg,53,110,281,389,0,val
006568.jpg,47,76,257,356,0,val
006569.jpg,178,123,109,151,0,val
006570.jpg,34,37,159,220,0,val
006571.jpg,42,45,94,130,0,val
006572.jpg,243,111,208,288,0,val
006573.jpg,75,12,122,169,0,val
006574.jpg,756,142,491,680,0,val
006575.jpg,299,151,432,598,0,val
006576.jpg,132,82,143,198,0,val
006577.jpg,84,58,177,245,0,val
006578.jpg,838,558,720,997,0,val
006579.jpg,186,43,127,176,0,val
006580.jpg,80,78,270,374,0,val
006581.jpg,403,127,283,392,0,val
006582.jpg,88,56,224,310,0,val
006583.jpg,109,47,125,173,0,val
006584.jpg,88,51,190,263,0,val
006585.jpg,579,87,161,223,0,val
006586.jpg,218,140,270,374,0,val
006587.jpg,258,1,614,764,0,val
006588.jpg,160,84,109,151,0,val
006589.jpg,37,29,83,115,0,val
006590.jpg,757,49,143,198,0,val
006591.jpg,359,130,307,425,0,val
006592.jpg,804,401,900,1246,0,val
006593.jpg,280,121,205,284,0,val
006594.jpg,176,77,107,148,0,val
006595.jpg,140,103,296,410,0,val
006596.jpg,82,86,250,346,0,val
006597.jpg,1234,550,78,108,0,val
006598.jpg,132,127,174,241,0,val
006599.jpg,118,56,120,166,0,val
006600.jpg,40,49,104,144,0,val
006601.jpg,26,31,146,202,0,val
006602.jpg,56,32,117,162,0,val
006603.jpg,100,181,338,468,0,val
006604.jpg,537,146,926,1282,0,val
006605.jpg,25,11,86,119,0,val
006606.jpg,199,27,200,277,0,val
006607.jpg,74,80,265,367,0,val
006608.jpg,245,95,179,248,0,val
006609.jpg,83,84,83,115,0,val
006610.jpg,16,3,289,381,0,val
006611.jpg,192,236,458,634,0,val
006612.jpg,195,50,117,162,0,val
006613.jpg,225,251,491,680,0,val
006614.jpg,565,150,421,583,0,val
006615.jpg,483,92,273,378,0,val
006616.jpg,249,76,335,464,0,val
006617.jpg,92,144,148,205,0,val
006618.jpg,51,67,229,313,0,val
006619.jpg,139,33,211,292,0,val
006620.jpg,141,46,177,245,0,val
006621.jpg,101,49,94,130,0,val
006622.jpg,82,129,250,346,0,val
006623.jpg,161,239,528,731,0,val
006624.jpg,148,38,255,353,0,val
006625.jpg,91,78,104,144,0,val
006626.jpg,97,68,96,133,0,val
006627.jpg,16,63,226,292,0,val
006628.jpg,125,73,166,230,0,val
006629.jpg,178,88,130,180,0,val
006630.jpg,127,48,101,140,0,val
006631.jpg,112,40,55,76,0,val
006632.jpg,87,91,174,241,0,val
006633.jpg,44,90,187,259,0,val
006634.jpg,60,82,117,162,0,val
006635.jpg,44,42,109,151,0,val
006636.jpg,738,236,372,515,0,val
006637.jpg,254,140,296,410,0,val
006638.jpg,15,41,104,144,0,val
006639.jpg,131,146,265,367,0,val
006640.jpg,122,110,159,220,0,val
006641.jpg,225,81,164,227,0,val
006642.jpg,200,247,169,234,0,val
006643.jpg,477,250,601,832,0,val
006644.jpg,58,91,164,206,0,val
006645.jpg,308,47,164,227,0,val
006646.jpg,27,44,88,122,0,val
006647.jpg,7,71,146,202,0,val
006648.jpg,136,139,133,184,0,val
006649.jpg,76,67,99,137,0,val
006650.jpg,59,81,174,241,0,val
006651.jpg,54,60,224,310,0,val
006652.jpg,214,67,127,176,0,val
006653.jpg,68,64,164,227,0,val
006654.jpg,449,230,172,238,0,val
006655.jpg,180,92,182,252,0,val
006656.jpg,118,84,156,216,0,val
006657.jpg,198,120,99,137,0,val
006658.jpg,220,40,109,151,0,val
006659.jpg,5,52,252,333,0,val
006660.jpg,291,159,125,173,0,val
006661.jpg,450,249,530,734,0,val
006662.jpg,429,197,291,403,0,val
006663.jpg,126,62,255,353,0,val
006664.jpg,56,73,237,328,0,val
006665.jpg,112,70,138,191,0,val
006666.jpg,123,107,172,238,0,val
006667.jpg,91,51,112,155,0,val
006668.jpg,84,92,263,392,0,val
006669.jpg,23,39,169,234,0,val
006670.jpg,83,56,179,248,0,val
006671.jpg,69,43,127,176,0,val
006672.jpg,867,227,621,860,0,val
006673.jpg,164,28,140,194,0,val
006674.jpg,106,49,102,144,0,val
006675.jpg,101,41,655,907,0,val
006676.jpg,67,35,104,144,0,val
006677.jpg,51,52,130,180,0,val
006678.jpg,104,97,143,198,0,val
006679.jpg,168,220,419,580,0,val
006680.jpg,73,85,208,288,0,val
006681.jpg,159,25,166,230,0,val
006682.jpg,74,78,257,356,0,val
006683.jpg,103,38,289,400,0,val
006684.jpg,73,111,234,324,0,val
006685.jpg,110,96,174,241,0,val
006686.jpg,313,89,299,414,0,val
006687.jpg,274,179,221,306,0,val
006688.jpg,92,92,96,133,0,val
006689.jpg,96,46,208,288,0,val
006690.jpg,1043,478,627,868,0,val
006691.jpg,672,74,281,389,0,val
006692.jpg,56,139,177,245,0,val
006693.jpg,238,59,130,180,0,val
006694.jpg,69,29,78,108,0,val
006695.jpg,246,53,156,216,0,val
006696.jpg,107,65,192,266,0,val
006697.jpg,121,94,231,320,0,val
006698.jpg,290,61,226,286,0,val
006699.jpg,86,70,94,130,0,val
006700.jpg,274,76,177,245,0,val
006701.jpg,765,374,1375,1904,0,val
006702.jpg,98,36,166,230,0,val
006703.jpg,70,21,91,126,0,val
006704.jpg,159,58,138,191,0,val
006705.jpg,94,65,122,169,0,val
006706.jpg,20,1,164,227,0,val
006707.jpg,396,125,112,155,0,val
006708.jpg,11,24,107,148,0,val
006709.jpg,90,83,130,180,0,val
006710.jpg,401,131,689,867,0,val
006711.jpg,175,74,112,155,0,val
006712.jpg,80,65,198,274,0,val
006713.jpg,70,48,44,61,0,val
006714.jpg,147,76,153,212,0,val
006715.jpg,11,40,75,104,0,val
006716.jpg,134,82,190,263,0,val
006717.jpg,187,69,156,216,0,val
006718.jpg,141,89,120,166,0,val
006719.jpg,119,56,83,115,0,val
006720.jpg,649,388,671,929,0,val
006721.jpg,30,17,88,122,0,val
006722.jpg,177,54,146,202,0,val
006723.jpg,47,22,146,202,0,val
006724.jpg,74,46,231,320,0,val
006725.jpg,347,371,686,950,0,val
006726.jpg,115,93,192,266,0,val
006727.jpg,70,49,172,238,0,val
006728.jpg,21,50,174,240,0,val
006729.jpg,236,88,107,148,0,val
006730.jpg,82,43,159,220,0,val
006731.jpg,172,50,138,191,0,val
006732.jpg,79,36,44,61,0,val
006733.jpg,140,50,221,306,0,val
006734.jpg,27,70,198,274,0,val
006735.jpg,765,318,702,972,0,val
006736.jpg,105,45,143,198,0,val
006737.jpg,37,72,140,194,0,val
006738.jpg,124,79,148,205,0,val
006739.jpg,113,83,169,234,0,val
006740.jpg,122,61,174,241,0,val
006741.jpg,895,219,312,432,0,val
006742.jpg,79,55,182,252,0,val
006743.jpg,51,50,161,223,0,val
006744.jpg,77,37,146,202,0,val
006745.jpg,225,129,195,270,0,val
006746.jpg,16,39,104,142,0,val
006747.jpg,83,24,161,223,0,val
006748.jpg,85,75,198,274,0,val
006749.jpg,113,57,151,209,0,val
006750.jpg,85,141,244,338,0,val
006751.jpg,104,35,171,252,0,val
006752.jpg,83,1,348,482,0,val
006753.jpg,256,47,114,158,0,val
006754.jpg,326,109,499,691,0,val
006755.jpg,117,79,198,274,0,val
006756.jpg,105,68,224,310,0,val
006757.jpg,201,24,164,227,0,val
006758.jpg,68,66,231,320,0,val
006759.jpg,159,7,120,166,0,val
006760.jpg,164,4,283,392,0,val
006761.jpg,89,104,291,393,0,val
006762.jpg,228,54,120,166,0,val
006763.jpg,115,31,174,241,0,val
006764.jpg,341,193,260,360,0,val
006765.jpg,88,84,127,176,0,val
006766.jpg,135,30,81,112,0,val
006767.jpg,156,116,185,256,0,val
006768.jpg,268,37,73,101,0,val
006769.jpg,105,56,192,241,0,val
006770.jpg,67,75,237,328,0,val
006771.jpg,231,102,333,461,0,val
006772.jpg,203,61,218,302,0,val
006773.jpg,26,119,213,295,0,val
006774.jpg,210,36,138,191,0,val
006775.jpg,123,121,302,418,0,val
006776.jpg,125,53,107,148,0,val
006777.jpg,180,55,200,255,0,val
006778.jpg,154,60,146,202,0,val
006779.jpg,59,59,198,274,0,val
006780.jpg,114,48,83,115,0,val
006781.jpg,70,42,94,125,0,val
006782.jpg,425,26,138,191,0,val
006783.jpg,16,46,88,122,0,val
006784.jpg,191,99,140,194,0,val
006785.jpg,65,83,242,335,0,val
006786.jpg,135,93,234,324,0,val
006787.jpg,759,236,666,922,0,val
006788.jpg,17,22,101,140,0,val
006789.jpg,109,56,127,176,0,val
006790.jpg,205,297,408,565,0,val
006791.jpg,66,59,172,238,0,val
006792.jpg,155,96,81,112,0,val
006793.jpg,49,68,101,140,0,val
006794.jpg,109,107,65,90,0,val
006795.jpg,29,42,143,198,0,val
006796.jpg,78,86,143,198,0,val
006797.jpg,61,37,143,198,0,val
006798.jpg,137,41,146,202,0,val
006799.jpg,85,108,179,248,0,val
006800.jpg,126,10,104,144,0,val
006801.jpg,189,76,203,281,0,val
006802.jpg,93,92,133,184,0,val
006803.jpg,84,25,138,191,0,val
006804.jpg,257,60,177,245,0,val
006805.jpg,210,68,112,155,0,val
006806.jpg,136,135,130,180,0,val
006807.jpg,148,18,104,144,0,val
006808.jpg,82,21,226,313,0,val
006809.jpg,105,46,130,180,0,val
006810.jpg,103,61,177,245,0,val
006811.jpg,98,109,239,331,0,val
006812.jpg,103,100,172,238,0,val
006813.jpg,47,48,99,137,0,val
006814.jpg,87,3,109,169,0,val
006815.jpg,147,100,289,400,0,val
006816.jpg,165,146,234,319,0,val
006817.jpg,95,88,117,162,0,val
006818.jpg,112,124,179,248,0,val
006819.jpg,61,29,338,468,0,val
006820.jpg,166,39,112,155,0,val
006821.jpg,55,56,153,212,0,val
006822.jpg,394,556,874,1210,0,val
006823.jpg,81,36,151,209,0,val
006824.jpg,562,142,221,306,0,val
006825.jpg,48,78,257,356,0,val
006826.jpg,200,63,244,338,0,val
006827.jpg,1,38,135,187,0,val
006828.jpg,160,65,109,151,0,val
006829.jpg,77,30,70,97,0,val
006830.jpg,935,654,952,1318,0,val
006831.jpg,165,28,88,122,0,val
006832.jpg,8,92,172,238,0,val
006833.jpg,102,62,78,108,0,val
006834.jpg,28,58,143,198,0,val
006835.jpg,41,66,234,324,0,val
006836.jpg,26,35,286,396,0,val
006837.jpg,68,66,179,248,0,val
006838.jpg,87,131,83,99,0,val
006839.jpg,118,64,200,277,0,val
006840.jpg,72,69,247,342,0,val
006841.jpg,76,58,122,169,0,val
006842.jpg,158,242,317,439,0,val
006843.jpg,44,68,242,335,0,val
006844.jpg,32,34,65,90,0,val
006845.jpg,334,131,216,299,0,val
006846.jpg,91,61,107,148,0,val
006847.jpg,49,68,101,140,0,val
006848.jpg,228,278,107,148,0,val
006849.jpg,76,68,114,158,0,val
006850.jpg,332,76,374,518,0,val
006851.jpg,112,41,112,155,0,val
006852.jpg,25,24,94,130,0,val
006853.jpg,96,104,200,277,0,val
006854.jpg,18,55,192,266,0,val
006855.jpg,163,74,198,274,0,val
006856.jpg,48,24,107,148,0,val
006857.jpg,214,51,122,169,0,val
006858.jpg,387,91,208,288,0,val
006859.jpg,133,34,148,205,0,val
006860.jpg,155,219,333,461,0,val
006861.jpg,89,80,138,191,0,val
006862.jpg,43,46,101,140,0,val
006863.jpg,72,74,130,180,0,val
006864.jpg,68,89,263,364,0,val
006865.jpg,191,110,538,745,0,val
006866.jpg,50,39,252,349,0,val
006867.jpg,264,125,322,446,0,val
006868.jpg,171,205,465,644,0,val
006869.jpg,425,104,294,407,0,val
006870.jpg,586,1,239,331,0,val
006871.jpg,77,36,65,90,0,val
006872.jpg,96,92,143,198,0,val
006873.jpg,139,1,174,241,0,val
006874.jpg,77,82,117,162,0,val
006875.jpg,346,72,112,155,0,val
006876.jpg,208,36,117,162,0,val
006877.jpg,27,69,304,421,0,val
006878.jpg,752,58,385,533,0,val
006879.jpg,32,44,185,256,0,val
006880.jpg,261,85,130,180,0,val
006881.jpg,139,60,195,270,0,val
006882.jpg,39,35,88,122,0,val
006883.jpg,391,66,268,371,0,val
006884.jpg,134,192,473,655,0,val
006885.jpg,32,1,196,295,0,val
006886.jpg,72,56,130,166,0,val
006887.jpg,92,75,166,230,0,val
006888.jpg,63,70,549,760,0,val
006889.jpg,354,204,234,324,0,val
006890.jpg,78,55,47,65,0,val
006891.jpg,70,61,140,194,0,val
006892.jpg,63,64,153,212,0,val
006893.jpg,78,75,224,310,0,val
006894.jpg,87,86,153,212,0,val
006895.jpg,127,25,70,97,0,val
006896.jpg,83,217,221,306,0,val
006897.jpg,500,161,317,439,0,val
006898.jpg,118,67,195,270,0,val
006899.jpg,58,95,208,288,0,val
006900.jpg,12,62,200,271,0,val
006901.jpg,130,67,127,176,0,val
006902.jpg,160,35,91,126,0,val
006903.jpg,103,69,237,328,0,val
006904.jpg,153,35,94,130,0,val
006905.jpg,49,43,68,94,0,val
006906.jpg,46,43,114,158,0,val
006907.jpg,132,132,281,389,0,val
006908.jpg,159,45,166,230,0,val
006909.jpg,260,34,99,137,0,val
006910.jpg,71,42,68,94,0,val
006911.jpg,51,37,99,137,0,val
006912.jpg,130,69,250,315,0,val
006913.jpg,145,107,164,227,0,val
006914.jpg,77,81,153,212,0,val
006915.jpg,201,48,133,184,0,val
006916.jpg,1,80,185,256,0,val
006917.jpg,64,69,208,288,0,val
006918.jpg,151,115,94,130,0,val
006919.jpg,175,1,94,130,0,val
006920.jpg,112,73,135,187,0,val
006921.jpg,393,41,317,439,0,val
006922.jpg,141,187,385,533,0,val
006923.jpg,44,38,83,115,0,val
006924.jpg,263,11,117,162,0,val
006925.jpg,89,12,70,97,0,val
006926.jpg,107,57,161,223,0,val
006927.jpg,144,59,127,176,0,val
006928.jpg,42,55,99,137,0,val
006929.jpg,202,82,231,320,0,val
006930.jpg,78,108,263,364,0,val
006931.jpg,350,143,320,443,0,val
006932.jpg,830,296,385,533,0,val
006933.jpg,175,32,159,220,0,val
006934.jpg,254,84,120,166,0,val
006935.jpg,103,77,208,288,0,val
006936.jpg,51,82,221,306,0,val
006937.jpg,139,91,229,317,0,val
006938.jpg,98,45,127,176,0,val
006939.jpg,32,36,107,148,0,val
006940.jpg,227,326,538,745,0,val
006941.jpg,226,105,268,371,0,val
006942.jpg,106,61,177,245,0,val
006943.jpg,262,65,94,130,0,val
006944.jpg,72,56,247,342,0,val
006945.jpg,106,133,208,288,0,val
006946.jpg,212,255,252,349,0,val
006947.jpg,64,52,143,198,0,val
006948.jpg,43,78,148,205,0,val
006949.jpg,143,98,99,137,0,val
006950.jpg,50,61,49,68,0,val
006951.jpg,78,114,291,403,0,val
006952.jpg,180,53,127,176,0,val
006953.jpg,287,50,286,418,0,val
006954.jpg,51,59,187,259,0,val
006955.jpg,75,44,62,86,0,val
006956.jpg,627,308,577,799,0,val
006957.jpg,83,117,205,284,0,val
006958.jpg,50,70,286,377,0,val
006959.jpg,77,62,151,209,0,val
006960.jpg,219,117,125,173,0,val
006961.jpg,50,44,299,414,0,val
006962.jpg,115,90,179,248,0,val
006963.jpg,76,72,161,223,0,val
006964.jpg,65,40,107,148,0,val
006965.jpg,67,22,83,115,0,val
006966.jpg,75,40,146,186,0,val
006967.jpg,153,54,88,122,0,val
006968.jpg,246,69,198,274,0,val
006969.jpg,35,48,182,252,0,val
006970.jpg,94,39,109,151,0,val
006971.jpg,69,37,182,252,0,val
006972.jpg,132,146,268,371,0,val
006973.jpg,188,14,75,104,0,val
006974.jpg,60,51,104,144,0,val
006975.jpg,145,99,190,263,0,val
006976.jpg,55,91,195,270,0,val
006977.jpg,82,47,166,230,0,val
006978.jpg,16,35,125,150,0,val
006979.jpg,205,403,374,518,0,val
006980.jpg,20,41,172,227,0,val
006981.jpg,29,71,187,228,0,val
006982.jpg,25,48,101,140,0,val
006983.jpg,555,113,203,281,0,val
006984.jpg,84,107,198,274,0,val
006985.jpg,166,74,159,220,0,val
006986.jpg,148,162,203,281,0,val
006987.jpg,279,81,146,202,0,val
006988.jpg,63,44,156,194,0,val
006989.jpg,70,38,153,212,0,val
006990.jpg,184,42,117,162,0,val
006991.jpg,151,102,172,238,0,val
006992.jpg,69,19,106,169,0,val
006993.jpg,513,453,936,1296,0,val
006994.jpg,283,68,161,223,0,val
006995.jpg,89,94,179,248,0,val
006996.jpg,86,64,91,126,0,val
006997.jpg,42,55,200,277,0,val
006998.jpg,119,40,52,72,0,val
006999.jpg,104,249,554,767,0,val
007000.jpg,698,116,307,425,0,val
007001.jpg,116,72,117,162,0,val
007002.jpg,59,48,148,205,0,val
007003.jpg,132,24,218,302,0,val
007004.jpg,127,138,146,202,0,val
007005.jpg,60,33,138,191,0,val
007006.jpg,440,36,161,223,0,val
007007.jpg,85,11,104,144,0,val
007008.jpg,77,54,177,245,0,val
007009.jpg,7,97,83,115,0,val
007010.jpg,18,11,65,90,0,val
007011.jpg,203,76,424,587,0,val
007012.jpg,108,117,221,306,0,val
007013.jpg,77,66,86,119,0,val
007014.jpg,70,229,260,360,0,val
007015.jpg,37,97,255,353,0,val
007016.jpg,151,37,94,130,0,val
007017.jpg,178,52,133,184,0,val
007018.jpg,136,23,130,180,0,val
007019.jpg,284,225,523,724,0,val
007020.jpg,133,91,148,205,0,val
007021.jpg,132,199,169,234,0,val
007022.jpg,101,61,179,248,0,val
007023.jpg,189,166,359,497,0,val
007024.jpg,173,116,216,299,0,val
007025.jpg,23,31,112,155,0,val
007026.jpg,123,29,68,94,0,val
007027.jpg,104,46,101,140,0,val
007028.jpg,332,112,307,425,0,val
007029.jpg,77,71,70,97,0,val
007030.jpg,125,15,143,198,0,val
007031.jpg,12,50,117,153,0,val
007032.jpg,66,62,112,155,0,val
007033.jpg,222,132,533,738,0,val
007034.jpg,563,483,783,1084,0,val
007035.jpg,58,75,172,238,0,val
007036.jpg,105,19,146,202,0,val
007037.jpg,166,68,94,130,0,val
007038.jpg,59,28,52,72,0,val
007039.jpg,250,40,94,130,0,val
007040.jpg,78,71,138,191,0,val
007041.jpg,28,117,200,277,0,val
007042.jpg,23,84,198,274,0,val
007043.jpg,148,33,112,155,0,val
007044.jpg,842,34,520,720,0,val
007045.jpg,100,94,198,274,0,val
007046.jpg,86,49,68,94,0,val
007047.jpg,206,1,372,515,0,val
007048.jpg,31,30,68,94,0,val
007049.jpg,155,33,229,317,0,val
007050.jpg,221,73,138,191,0,val
007051.jpg,47,108,182,252,0,val
007052.jpg,120,42,68,101,0,val
007053.jpg,170,137,161,223,0,val
007054.jpg,55,85,190,263,0,val
007055.jpg,636,518,205,284,0,val
007056.jpg,105,46,159,220,0,val
007057.jpg,78,71,187,259,0,val
007058.jpg,65,65,146,202,0,val
007059.jpg,70,93,203,281,0,val
007060.jpg,147,129,231,302,0,val
007061.jpg,74,110,242,335,0,val
007062.jpg,291,76,88,122,0,val
007063.jpg,57,93,177,245,0,val
007064.jpg,78,145,242,335,0,val
007065.jpg,228,37,159,220,0,val
007066.jpg,401,119,229,317,0,val
007067.jpg,42,30,62,86,0,val
007068.jpg,217,60,172,238,0,val
007069.jpg,53,45,172,238,0,val
007070.jpg,54,40,99,137,0,val
007071.jpg,104,139,104,144,0,val
007072.jpg,292,102,281,389,0,val
007073.jpg,83,91,239,331,0,val
007074.jpg,149,27,203,281,0,val
007075.jpg,101,107,252,349,0,val
007076.jpg,131,217,62,86,0,val
007077.jpg,818,265,731,1012,0,val
007078.jpg,327,54,140,194,0,val
007079.jpg,37,36,78,108,0,val
007080.jpg,119,78,86,119,0,val
007081.jpg,152,41,138,191,0,val
007082.jpg,75,119,203,281,0,val
007083.jpg,146,77,172,238,0,val
007084.jpg,114,129,268,371,0,val
007085.jpg,65,4,146,198,0,val
007086.jpg,149,155,117,162,0,val
007087.jpg,77,174,159,220,0,val
007088.jpg,19,98,153,212,0,val
007089.jpg,103,61,153,212,0,val
007090.jpg,101,44,81,112,0,val
007091.jpg,64,121,213,295,0,val
007092.jpg,196,152,265,367,0,val
007093.jpg,120,123,190,263,0,val
007094.jpg,153,52,91,126,0,val
007095.jpg,205,40,159,220,0,val
007096.jpg,345,129,226,313,0,val
007097.jpg,23,44,109,151,0,val
007098.jpg,320,56,153,212,0,val
007099.jpg,85,61,153,212,0,val
007100.jpg,75,66,291,329,0,val
007101.jpg,93,39,60,83,0,val
007102.jpg,144,121,1217,1685,0,val
007103.jpg,56,69,156,216,0,val
007104.jpg,94,83,122,169,0,val
007105.jpg,100,62,192,266,0,val
007106.jpg,251,51,291,403,0,val
007107.jpg,172,26,346,479,0,val
007108.jpg,40,36,49,68,0,val
007109.jpg,116,83,148,205,0,val
007110.jpg,90,51,138,191,0,val
007111.jpg,188,48,213,295,0,val
007112.jpg,117,91,179,248,0,val
007113.jpg,43,110,231,320,0,val
007114.jpg,95,66,198,274,0,val
007115.jpg,699,428,341,472,0,val
007116.jpg,42,98,195,270,0,val
007117.jpg,128,92,122,169,0,val
007118.jpg,87,48,156,216,0,val
007119.jpg,182,101,86,119,0,val
007120.jpg,412,241,265,367,0,val
007121.jpg,127,45,153,212,0,val
007122.jpg,212,49,125,173,0,val
007123.jpg,643,301,411,569,0,val
007124.jpg,181,43,333,461,0,val
007125.jpg,103,78,104,144,0,val
007126.jpg,171,89,109,151,0,val
007127.jpg,46,89,99,137,0,val
007128.jpg,68,106,229,317,0,val
007129.jpg,142,143,242,335,0,val
007130.jpg,162,73,148,205,0,val
007131.jpg,125,49,143,198,0,val
007132.jpg,53,70,182,252,0,val
007133.jpg,122,113,226,313,0,val
007134.jpg,409,338,408,565,0,val
007135.jpg,65,64,161,223,0,val
007136.jpg,172,94,439,608,0,val
007137.jpg,236,18,125,173,0,val
007138.jpg,59,106,211,292,0,val
007139.jpg,218,27,117,162,0,val
007140.jpg,46,74,237,328,0,val
007141.jpg,77,62,75,104,0,val
007142.jpg,125,80,114,158,0,val
007143.jpg,74,61,398,551,0,val
007144.jpg,283,35,135,187,0,val
007145.jpg,18,22,143,191,0,val
007146.jpg,149,23,117,162,0,val
007147.jpg,127,25,208,288,0,val
007148.jpg,37,60,234,324,0,val
007149.jpg,70,92,216,299,0,val
007150.jpg,495,267,330,457,0,val
007151.jpg,109,100,62,86,0,val
007152.jpg,139,4,101,140,0,val
007153.jpg,101,13,325,450,0,val
007154.jpg,73,45,94,130,0,val
007155.jpg,18,58,151,209,0,val
007156.jpg,131,154,338,468,0,val
007157.jpg,73,59,250,338,0,val
007158.jpg,68,78,200,277,0,val
007159.jpg,210,213,432,598,0,val
007160.jpg,165,78,114,158,0,val
007161.jpg,123,44,135,187,0,val
007162.jpg,235,96,213,295,0,val
007163.jpg,165,102,211,292,0,val
007164.jpg,177,96,174,241,0,val
007165.jpg,325,178,312,432,0,val
007166.jpg,230,59,117,162,0,val
007167.jpg,99,45,148,205,0,val
007168.jpg,88,86,307,411,0,val
007169.jpg,87,74,294,407,0,val
007170.jpg,44,45,208,288,0,val
007171.jpg,135,79,146,202,0,val
007172.jpg,82,76,286,385,0,val
007173.jpg,87,79,153,212,0,val
007174.jpg,427,156,172,238,0,val
007175.jpg,10,62,114,158,0,val
007176.jpg,67,98,242,335,0,val
007177.jpg,90,123,203,281,0,val
007178.jpg,71,32,114,158,0,val
007179.jpg,229,132,187,259,0,val
007180.jpg,84,32,88,122,0,val
007181.jpg,46,92,195,270,0,val
007182.jpg,164,20,96,133,0,val
007183.jpg,187,76,104,144,0,val
007184.jpg,332,94,60,83,0,val
007185.jpg,35,85,94,130,0,val
007186.jpg,11,46,226,260,0,val
007187.jpg,175,63,156,216,0,val
007188.jpg,144,85,112,155,0,val
007189.jpg,18,19,81,112,0,val
007190.jpg,38,36,198,274,0,val
007191.jpg,107,96,310,490,0,val
007192.jpg,81,39,112,155,0,val
007193.jpg,136,159,187,259,0,val
007194.jpg,1,73,218,302,0,val
007195.jpg,42,42,130,180,0,val
007196.jpg,114,102,117,162,0,val
007197.jpg,122,90,153,212,0,val
007198.jpg,119,66,218,302,0,val
007199.jpg,241,141,107,148,0,val
007200.jpg,53,48,122,169,0,val
007201.jpg,63,76,185,256,0,val
007202.jpg,187,250,348,482,0,val
007203.jpg,82,116,151,209,0,val
007204.jpg,70,21,113,158,0,val
007205.jpg,389,314,868,1202,0,val
007206.jpg,233,47,140,194,0,val
007207.jpg,179,61,94,130,0,val
007208.jpg,37,61,130,180,0,val
007209.jpg,20,18,179,248,0,val
007210.jpg,47,73,190,263,0,val
007211.jpg,19,29,135,187,0,val
007212.jpg,169,41,187,259,0,val
007213.jpg,51,90,216,299,0,val
007214.jpg,125,60,83,115,0,val
007215.jpg,111,74,166,230,0,val
007216.jpg,96,140,231,320,0,val
007217.jpg,64,40,224,310,0,val
007218.jpg,121,57,161,223,0,val
007219.jpg,256,135,289,400,0,val
007220.jpg,191,57,179,248,0,val
007221.jpg,158,40,78,108,0,val
007222.jpg,590,236,606,839,0,val
007223.jpg,37,35,359,497,0,val
007224.jpg,148,131,270,374,0,val
007225.jpg,8,15,181,250,0,val
007226.jpg,76,68,91,126,0,val
007227.jpg,43,36,198,274,0,val
007228.jpg,126,70,114,158,0,val
007229.jpg,109,104,146,202,0,val
007230.jpg,206,54,120,166,0,val
007231.jpg,11,87,161,223,0,val
007232.jpg,58,102,218,302,0,val
007233.jpg,87,69,185,256,0,val
007234.jpg,170,106,138,191,0,val
007235.jpg,62,170,356,493,0,val
007236.jpg,28,51,107,148,0,val
007237.jpg,83,87,185,256,0,val
007238.jpg,100,6,109,151,0,val
007239.jpg,131,58,75,104,0,val
007240.jpg,287,103,203,281,0,val
007241.jpg,675,757,1459,2020,0,val
007242.jpg,192,51,140,194,0,val
007243.jpg,87,87,265,367,0,val
007244.jpg,66,67,216,299,0,val
007245.jpg,8,98,200,277,0,val
007246.jpg,41,90,211,292,0,val
007247.jpg,9,25,268,371,0,val
007248.jpg,65,125,185,256,0,val
007249.jpg,159,119,203,281,0,val
007250.jpg,532,93,712,954,0,val
007251.jpg,247,177,130,180,0,val
007252.jpg,124,102,114,158,0,val
007253.jpg,113,123,161,223,0,val
007254.jpg,125,79,140,194,0,val
007255.jpg,90,33,73,101,0,val
007256.jpg,72,122,151,209,0,val
007257.jpg,474,117,312,432,0,val
007258.jpg,78,197,203,281,0,val
007259.jpg,95,71,161,223,0,val
007260.jpg,64,106,211,292,0,val
007261.jpg,441,83,185,256,0,val
007262.jpg,50,35,127,156,0,val
007263.jpg,164,96,281,389,0,val
007264.jpg,141,14,60,83,0,val
007265.jpg,236,118,374,518,0,val
007266.jpg,554,96,338,468,0,val
007267.jpg,190,98,268,371,0,val
007268.jpg,205,47,325,450,0,val
007269.jpg,56,60,120,166,0,val
007270.jpg,108,58,143,198,0,val
007271.jpg,114,50,146,202,0,val
007272.jpg,137,155,325,394,0,val
007273.jpg,197,69,101,140,0,val
007274.jpg,27,77,239,331,0,val
007275.jpg,74,51,146,202,0,val
007276.jpg,121,82,211,292,0,val
007277.jpg,184,84,130,180,0,val
007278.jpg,100,37,57,79,0,val
007279.jpg,326,86,234,324,0,val
007280.jpg,136,16,86,119,0,val
007281.jpg,112,100,151,209,0,val
007282.jpg,309,96,244,338,0,val
007283.jpg,148,70,244,338,0,val
007284.jpg,656,44,312,432,0,val
007285.jpg,38,87,200,277,0,val
007286.jpg,732,322,468,648,0,val
007287.jpg,260,163,187,259,0,val
007288.jpg,135,84,146,202,0,val
007289.jpg,75,73,200,271,0,val
007290.jpg,51,132,234,324,0,val
007291.jpg,709,132,174,241,0,val
007292.jpg,41,42,86,119,0,val
007293.jpg,644,64,250,346,0,val
007294.jpg,130,104,159,220,0,val
007295.jpg,276,1,192,266,0,val
007296.jpg,127,39,195,270,0,val
007297.jpg,108,38,125,173,0,val
007298.jpg,151,156,216,299,0,val
007299.jpg,125,46,156,216,0,val
007300.jpg,203,86,57,79,0,val
007301.jpg,98,40,255,353,0,val
007302.jpg,186,179,471,652,0,val
007303.jpg,53,1,109,151,0,val
007304.jpg,96,109,244,338,0,val
007305.jpg,87,68,190,263,0,val
007306.jpg,190,79,151,209,0,val
007307.jpg,110,85,75,104,0,val
007308.jpg,19,45,81,112,0,val
007309.jpg,126,52,127,176,0,val
007310.jpg,53,29,83,115,0,val
007311.jpg,155,19,177,245,0,val
007312.jpg,93,75,208,288,0,val
007313.jpg,719,287,715,990,0,val
007314.jpg,52,26,62,86,0,val
007315.jpg,147,56,104,144,0,val
007316.jpg,42,62,229,317,0,val
007317.jpg,109,109,205,284,0,val
007318.jpg,106,73,135,187,0,val
007319.jpg,43,68,109,151,0,val
007320.jpg,62,45,133,184,0,val
007321.jpg,79,56,156,216,0,val
007322.jpg,213,80,218,302,0,val
007323.jpg,107,45,166,230,0,val
007324.jpg,161,139,117,162,0,val
007325.jpg,30,71,270,374,0,val
007326.jpg,145,219,174,241,0,val
007327.jpg,235,28,182,252,0,val
007328.jpg,93,51,200,277,0,val
007329.jpg,14,39,81,112,0,val
007330.jpg,8,61,151,209,0,val
007331.jpg,517,176,286,396,0,val
007332.jpg,63,55,198,274,0,val
007333.jpg,847,153,486,673,0,val
007334.jpg,15,24,247,342,0,val
007335.jpg,70,82,104,144,0,val
007336.jpg,334,27,73,101,0,val
007337.jpg,141,141,211,292,0,val
007338.jpg,65,22,122,169,0,val
007339.jpg,190,49,114,158,0,val
007340.jpg,162,1,127,176,0,val
007341.jpg,395,92,234,324,0,val
007342.jpg,556,209,421,583,0,val
007343.jpg,41,204,172,238,0,val
007344.jpg,382,52,426,590,0,val
007345.jpg,55,76,242,335,0,val
007346.jpg,49,1,148,205,0,val
007347.jpg,717,78,281,389,0,val
007348.jpg,62,24,255,353,0,val
007349.jpg,202,116,421,583,0,val
007350.jpg,177,59,151,209,0,val
007351.jpg,254,106,190,263,0,val
007352.jpg,68,68,200,277,0,val
007353.jpg,117,653,1011,1400,0,val
007354.jpg,52,272,588,814,0,val
007355.jpg,253,102,161,223,0,val
007356.jpg,152,87,164,227,0,val
007357.jpg,193,22,104,144,0,val
007358.jpg,317,901,328,454,0,val
007359.jpg,335,568,499,691,0,val
007360.jpg,24,45,39,54,0,val
007361.jpg,40,42,122,169,0,val
007362.jpg,114,33,369,511,0,val
007363.jpg,93,74,224,310,0,val
007364.jpg,44,56,112,155,0,val
007365.jpg,129,65,156,216,0,val
007366.jpg,99,44,159,220,0,val
007367.jpg,175,60,83,115,0,val
007368.jpg,23,52,47,65,0,val
007369.jpg,98,75,174,241,0,val
007370.jpg,784,6,234,324,0,val
007371.jpg,49,29,127,176,0,val
007372.jpg,107,109,153,212,0,val
007373.jpg,86,95,148,205,0,val
007374.jpg,473,250,307,425,0,val
007375.jpg,53,16,122,191,0,val
007376.jpg,92,63,122,169,0,val
007377.jpg,119,30,75,104,0,val
007378.jpg,129,24,174,241,0,val
007379.jpg,111,106,159,220,0,val
007380.jpg,104,63,198,274,0,val
007381.jpg,243,300,523,724,0,val
007382.jpg,206,319,294,407,0,val
007383.jpg,136,116,211,292,0,val
007384.jpg,187,57,125,173,0,val
007385.jpg,251,154,172,238,0,val
007386.jpg,307,93,138,191,0,val
007387.jpg,43,15,146,202,0,val
007388.jpg,377,245,538,745,0,val
007389.jpg,573,465,640,886,0,val
007390.jpg,113,18,101,140,0,val
007391.jpg,25,83,192,266,0,val
007392.jpg,87,102,257,356,0,val
007393.jpg,627,248,270,374,0,val
007394.jpg,45,57,96,133,0,val
007395.jpg,7,58,198,274,0,val
007396.jpg,92,74,179,248,0,val
007397.jpg,56,126,159,220,0,val
007398.jpg,104,117,239,331,0,val
007399.jpg,71,23,177,245,0,val
007400.jpg,86,154,179,248,0,val
007401.jpg,68,12,91,126,0,val
007402.jpg,63,44,133,184,0,val
007403.jpg,308,85,229,317,0,val
007404.jpg,110,111,151,209,0,val
007405.jpg,83,22,114,173,0,val
007406.jpg,85,40,101,140,0,val
007407.jpg,150,71,169,234,0,val
007408.jpg,256,127,60,83,0,val
007409.jpg,164,137,328,454,0,val
007410.jpg,87,81,203,281,0,val
007411.jpg,33,40,117,173,0,val
007412.jpg,99,31,114,158,0,val
007413.jpg,331,169,296,410,0,val
007414.jpg,167,95,192,266,0,val
007415.jpg,145,73,127,176,0,val
007416.jpg,62,36,120,166,0,val
007417.jpg,44,31,101,140,0,val
007418.jpg,82,46,96,133,0,val
007419.jpg,256,50,192,266,0,val
007420.jpg,245,56,338,468,0,val
007421.jpg,91,45,130,180,0,val
007422.jpg,236,35,133,184,0,val
007423.jpg,122,41,179,248,0,val
007424.jpg,17,53,120,166,0,val
007425.jpg,658,235,450,623,0,val
007426.jpg,61,81,174,241,0,val
007427.jpg,26,61,221,306,0,val
007428.jpg,64,139,268,371,0,val
007429.jpg,150,75,236,374,0,val
007430.jpg,749,774,1651,2286,0,val
007431.jpg,258,14,130,180,0,val
007432.jpg,104,64,177,213,0,val
007433.jpg,140,171,307,425,0,val
007434.jpg,219,110,164,227,0,val
007435.jpg,99,72,127,176,0,val
007436.jpg,58,42,68,94,0,val
007437.jpg,22,44,94,130,0,val
007438.jpg,62,22,133,184,0,val
007439.jpg,28,18,104,144,0,val
007440.jpg,174,78,130,180,0,val
007441.jpg,126,214,179,235,0,val
007442.jpg,284,44,86,119,0,val
007443.jpg,300,256,273,378,0,val
007444.jpg,87,42,216,299,0,val
007445.jpg,35,38,86,119,0,val
007446.jpg,165,147,281,389,0,val
007447.jpg,144,178,325,450,0,val
007448.jpg,97,116,190,263,0,val
007449.jpg,115,105,177,245,0,val
007450.jpg,111,49,117,162,0,val
007451.jpg,106,76,257,356,0,val
007452.jpg,32,72,120,166,0,val
007453.jpg,379,264,224,310,0,val
007454.jpg,163,91,294,407,0,val
007455.jpg,62,72,182,252,0,val
007456.jpg,177,105,255,353,0,val
007457.jpg,84,109,205,284,0,val
007458.jpg,26,23,109,151,0,val
007459.jpg,317,20,112,155,0,val
007460.jpg,447,116,224,310,0,val
007461.jpg,87,87,164,227,0,val
007462.jpg,23,89,255,353,0,val
007463.jpg,284,214,312,432,0,val
007464.jpg,51,39,117,162,0,val
007465.jpg,72,39,293,407,0,val
007466.jpg,415,68,182,252,0,val
007467.jpg,214,58,211,292,0,val
007468.jpg,51,60,112,155,0,val
007469.jpg,143,72,130,180,0,val
007470.jpg,314,135,182,252,0,val
007471.jpg,153,77,218,302,0,val
007472.jpg,242,61,179,248,0,val
007473.jpg,105,48,146,202,0,val
007474.jpg,223,30,122,169,0,val
007475.jpg,434,102,239,331,0,val
007476.jpg,141,56,107,148,0,val
007477.jpg,66,74,205,284,0,val
007478.jpg,106,21,68,94,0,val
007479.jpg,1,21,163,230,0,val
007480.jpg,99,29,62,86,0,val
007481.jpg,88,38,149,223,0,val
007482.jpg,52,43,166,229,0,val
007483.jpg,250,71,200,277,0,val
007484.jpg,151,29,78,108,0,val
007485.jpg,79,78,203,281,0,val
007486.jpg,90,52,205,284,0,val
007487.jpg,49,128,185,256,0,val
007488.jpg,110,122,156,216,0,val
007489.jpg,224,51,161,223,0,val
007490.jpg,107,95,213,295,0,val
007491.jpg,207,101,231,320,0,val
007492.jpg,66,76,143,198,0,val
007493.jpg,98,93,161,223,0,val
007494.jpg,36,36,99,121,0,val
007495.jpg,102,40,91,126,0,val
007496.jpg,125,72,179,248,0,val
007497.jpg,77,71,221,306,0,val
007498.jpg,84,79,226,313,0,val
007499.jpg,80,43,166,230,0,val
007500.jpg,14,104,296,410,0,val
007501.jpg,204,24,107,148,0,val
007502.jpg,57,87,211,292,0,val
007503.jpg,64,47,185,256,0,val
007504.jpg,219,79,96,133,0,val
007505.jpg,38,85,166,230,0,val
007506.jpg,108,23,190,263,0,val
007507.jpg,157,102,257,356,0,val
007508.jpg,51,69,148,205,0,val
007509.jpg,68,60,143,198,0,val
007510.jpg,60,104,172,238,0,val
007511.jpg,24,50,146,202,0,val
007512.jpg,59,58,237,328,0,val
007513.jpg,49,15,75,104,0,val
007514.jpg,259,106,276,382,0,val
007515.jpg,413,163,211,292,0,val
007516.jpg,40,37,83,115,0,val
007517.jpg,72,83,143,198,0,val
007518.jpg,240,338,458,634,0,val
007519.jpg,60,81,234,324,0,val
007520.jpg,129,35,169,234,0,val
007521.jpg,183,60,283,392,0,val
007522.jpg,114,102,192,266,0,val
007523.jpg,48,89,159,220,0,val
007524.jpg,211,75,161,223,0,val
007525.jpg,51,83,260,360,0,val
007526.jpg,100,90,140,194,0,val
007527.jpg,131,116,91,126,0,val
007528.jpg,92,56,140,194,0,val
007529.jpg,136,164,328,454,0,val
007530.jpg,36,87,114,146,0,val
007531.jpg,92,77,281,389,0,val
007532.jpg,120,38,109,151,0,val
007533.jpg,147,16,101,140,0,val
007534.jpg,348,96,237,328,0,val
007535.jpg,45,44,99,137,0,val
007536.jpg,376,619,1264,1750,0,val
007537.jpg,117,78,278,385,0,val
007538.jpg,63,78,146,202,0,val
007539.jpg,46,178,187,259,0,val
007540.jpg,177,198,481,666,0,val
007541.jpg,911,164,322,446,0,val
007542.jpg,290,48,192,266,0,val
007543.jpg,137,80,208,288,0,val
007544.jpg,198,63,159,220,0,val
007545.jpg,72,64,169,234,0,val
007546.jpg,4,60,177,245,0,val
007547.jpg,262,124,213,295,0,val
007548.jpg,106,89,135,187,0,val
007549.jpg,100,41,351,486,0,val
007550.jpg,1,210,824,1141,0,val
007551.jpg,208,290,684,947,0,val
007552.jpg,80,46,148,205,0,val
007553.jpg,31,117,268,371,0,val
007554.jpg,221,19,161,223,0,val
007555.jpg,126,40,99,137,0,val
007556.jpg,106,60,177,245,0,val
007557.jpg,89,51,83,115,0,val
007558.jpg,172,43,172,238,0,val
007559.jpg,78,76,164,227,0,val
007560.jpg,33,76,203,281,0,val
007561.jpg,102,23,104,144,0,val
007562.jpg,163,19,146,202,0,val
007563.jpg,10,32,112,143,0,val
007564.jpg,74,11,78,108,0,val
007565.jpg,191,58,99,137,0,val
007566.jpg,397,57,190,263,0,val
007567.jpg,67,88,151,209,0,val
007568.jpg,248,31,122,169,0,val
007569.jpg,38,44,104,144,0,val
007570.jpg,135,46,159,220,0,val
007571.jpg,91,38,172,238,0,val
007572.jpg,80,67,182,252,0,val
007573.jpg,112,57,138,191,0,val
007574.jpg,136,40,83,115,0,val
007575.jpg,315,135,146,202,0,val
007576.jpg,167,25,83,115,0,val
007577.jpg,523,262,478,662,0,val
007578.jpg,146,67,226,313,0,val
007579.jpg,92,37,52,72,0,val
007580.jpg,114,63,104,144,0,val
007581.jpg,527,259,328,454,0,val
007582.jpg,196,173,237,328,0,val
007583.jpg,55,82,185,256,0,val
007584.jpg,120,102,484,662,0,val
007585.jpg,116,53,120,166,0,val
007586.jpg,129,1,289,380,0,val
007587.jpg,87,77,198,274,0,val
007588.jpg,75,54,146,202,0,val
007589.jpg,74,110,213,295,0,val
007590.jpg,144,95,247,342,0,val
007591.jpg,52,43,96,133,0,val
007592.jpg,46,122,226,313,0,val
007593.jpg,202,73,153,200,0,val
007594.jpg,91,35,81,112,0,val
007595.jpg,253,101,278,385,0,val
007596.jpg,126,35,130,180,0,val
007597.jpg,158,175,255,353,0,val
007598.jpg,74,104,250,346,0,val
007599.jpg,89,63,198,274,0,val
007600.jpg,72,39,260,360,0,val
007601.jpg,88,70,112,139,0,val
007602.jpg,236,212,504,698,0,val
007603.jpg,185,66,109,151,0,val
007604.jpg,84,125,218,302,0,val
007605.jpg,43,43,177,245,0,val
007606.jpg,265,49,190,263,0,val
007607.jpg,155,76,159,220,0,val
007608.jpg,270,143,255,353,0,val
007609.jpg,138,61,107,148,0,val
007610.jpg,178,172,255,353,0,val
007611.jpg,50,22,62,86,0,val
007612.jpg,162,110,166,230,0,val
007613.jpg,106,76,130,180,0,val
007614.jpg,70,62,172,238,0,val
007615.jpg,478,42,354,490,0,val
007616.jpg,53,72,164,227,0,val
007617.jpg,88,24,255,353,0,val
007618.jpg,50,67,156,211,0,val
007619.jpg,251,52,114,158,0,val
007620.jpg,190,56,200,277,0,val
007621.jpg,19,63,91,126,0,val
007622.jpg,25,24,94,130,0,val
007623.jpg,137,49,133,184,0,val
007624.jpg,33,52,107,148,0,val
007625.jpg,133,88,208,288,0,val
007626.jpg,138,50,156,216,0,val
007627.jpg,614,460,1238,1714,0,val
007628.jpg,86,60,148,205,0,val
007629.jpg,119,69,187,259,0,val
007630.jpg,62,85,255,353,0,val
007631.jpg,81,73,148,205,0,val
007632.jpg,52,107,174,241,0,val
007633.jpg,159,70,166,230,0,val
007634.jpg,113,69,73,101,0,val
007635.jpg,1431,652,871,1206,0,val
007636.jpg,227,41,83,115,0,val
007637.jpg,548,348,559,774,0,val
007638.jpg,35,25,268,371,0,val
007639.jpg,230,54,114,158,0,val
007640.jpg,198,149,302,418,0,val
007641.jpg,1584,427,702,972,0,val
007642.jpg,109,15,94,130,0,val
007643.jpg,103,39,148,205,0,val
007644.jpg,152,39,187,259,0,val
007645.jpg,371,153,177,245,0,val
007646.jpg,115,55,151,209,0,val
007647.jpg,230,85,164,227,0,val
007648.jpg,576,145,234,324,0,val
007649.jpg,102,114,263,364,0,val
007650.jpg,108,64,164,227,0,val
007651.jpg,100,35,91,137,0,val
007652.jpg,55,28,88,122,0,val
007653.jpg,270,168,320,443,0,val
007654.jpg,49,45,68,94,0,val
007655.jpg,89,75,166,230,0,val
007656.jpg,118,111,255,353,0,val
007657.jpg,234,24,140,194,0,val
007658.jpg,70,28,130,180,0,val
007659.jpg,96,28,211,292,0,val
007660.jpg,113,75,239,331,0,val
007661.jpg,34,23,296,410,0,val
007662.jpg,122,45,47,65,0,val
007663.jpg,108,110,198,274,0,val
007664.jpg,246,269,172,238,0,val
007665.jpg,71,45,174,232,0,val
007666.jpg,143,33,83,115,0,val
007667.jpg,717,335,450,623,0,val
007668.jpg,61,40,96,133,0,val
007669.jpg,29,21,83,115,0,val
007670.jpg,72,83,198,274,0,val
007671.jpg,50,36,99,137,0,val
007672.jpg,86,40,104,144,0,val
007673.jpg,120,154,200,277,0,val
007674.jpg,56,67,117,162,0,val
007675.jpg,58,35,107,148,0,val
007676.jpg,91,103,213,295,0,val
007677.jpg,50,70,109,151,0,val
007678.jpg,99,88,148,205,0,val
007679.jpg,102,83,151,209,0,val
007680.jpg,320,137,151,209,0,val
007681.jpg,14,41,73,101,0,val
007682.jpg,159,1,304,421,0,val
007683.jpg,1666,240,312,432,0,val
007684.jpg,366,126,437,605,0,val
007685.jpg,9,29,208,288,0,val
007686.jpg,363,159,247,342,0,val
007687.jpg,32,127,198,274,0,val
007688.jpg,204,235,491,680,0,val
007689.jpg,48,50,198,274,0,val
007690.jpg,21,72,359,497,0,val
007691.jpg,112,157,229,317,0,val
007692.jpg,92,64,179,248,0,val
007693.jpg,299,93,153,212,0,val
007694.jpg,124,74,187,259,0,val
007695.jpg,83,73,159,220,0,val
007696.jpg,123,141,265,367,0,val
007697.jpg,101,60,198,274,0,val
007698.jpg,260,19,83,115,0,val
007699.jpg,40,44,179,248,0,val
007700.jpg,43,73,151,209,0,val
007701.jpg,50,67,174,241,0,val
007702.jpg,4,48,187,259,0,val
007703.jpg,70,31,140,194,0,val
007704.jpg,251,69,416,576,0,val
007705.jpg,55,82,86,119,0,val
007706.jpg,34,70,257,356,0,val
007707.jpg,148,56,281,389,0,val
007708.jpg,49,47,96,133,0,val
007709.jpg,114,66,99,137,0,val
007710.jpg,250,125,200,277,0,val
007711.jpg,36,46,244,323,0,val
007712.jpg,141,43,140,194,0,val
007713.jpg,200,76,91,126,0,val
007714.jpg,69,63,109,151,0,val
007715.jpg,75,34,57,79,0,val
007716.jpg,34,45,140,194,0,val
007717.jpg,169,30,161,223,0,val
007718.jpg,112,64,140,194,0,val
007719.jpg,106,52,107,148,0,val
007720.jpg,66,15,83,115,0,val
007721.jpg,161,24,146,202,0,val
007722.jpg,136,43,192,266,0,val
007723.jpg,156,119,153,212,0,val
007724.jpg,43,73,200,277,0,val
007725.jpg,129,143,289,400,0,val
007726.jpg,94,53,60,83,0,val
007727.jpg,45,34,150,216,0,val
007728.jpg,43,48,81,112,0,val
007729.jpg,218,39,96,133,0,val
007730.jpg,89,53,231,320,0,val
007731.jpg,224,49,125,173,0,val
007732.jpg,66,84,260,360,0,val
007733.jpg,431,98,538,619,0,val
007734.jpg,40,41,182,252,0,val
007735.jpg,589,221,315,436,0,val
007736.jpg,124,46,114,173,0,val
007737.jpg,298,331,234,324,0,val
007738.jpg,369,278,257,356,0,val
007739.jpg,150,89,99,137,0,val
007740.jpg,33,45,65,90,0,val
007741.jpg,102,117,138,191,0,val
007742.jpg,121,65,177,245,0,val
007743.jpg,128,28,73,101,0,val
007744.jpg,763,140,390,540,0,val
007745.jpg,79,74,200,277,0,val
007746.jpg,20,51,247,340,0,val
007747.jpg,120,58,172,238,0,val
007748.jpg,167,33,107,148,0,val
007749.jpg,69,66,234,324,0,val
007750.jpg,127,33,57,79,0,val
007751.jpg,212,252,403,558,0,val
007752.jpg,58,39,127,176,0,val
007753.jpg,77,42,68,94,0,val
007754.jpg,3,51,78,108,0,val
007755.jpg,110,170,413,572,0,val
007756.jpg,34,65,195,270,0,val
007757.jpg,77,56,117,162,0,val
007758.jpg,49,14,75,104,0,val
007759.jpg,515,120,112,155,0,val
007760.jpg,165,26,94,130,0,val
007761.jpg,35,56,148,205,0,val
007762.jpg,33,47,182,252,0,val
007763.jpg,74,98,151,209,0,val
007764.jpg,37,115,164,227,0,val
007765.jpg,76,98,169,234,0,val
007766.jpg,112,67,247,342,0,val
007767.jpg,410,430,208,288,0,val
007768.jpg,79,55,94,130,0,val
007769.jpg,27,19,114,158,0,val
007770.jpg,323,248,744,1030,0,val
007771.jpg,101,100,187,259,0,val
007772.jpg,138,30,143,198,0,val
007773.jpg,115,47,143,198,0,val
007774.jpg,82,82,226,313,0,val
007775.jpg,225,78,179,248,0,val
007776.jpg,61,67,138,191,0,val
007777.jpg,118,31,73,101,0,val
007778.jpg,226,43,169,234,0,val
007779.jpg,133,140,273,378,0,val
007780.jpg,146,85,94,130,0,val
007781.jpg,86,67,177,245,0,val
007782.jpg,44,86,83,115,0,val
007783.jpg,91,78,237,328,0,val
007784.jpg,170,85,182,252,0,val
007785.jpg,95,82,213,295,0,val
007786.jpg,67,92,109,151,0,val
007787.jpg,69,60,237,328,0,val
007788.jpg,99,95,237,328,0,val
007789.jpg,136,55,156,216,0,val
007790.jpg,37,106,140,194,0,val
007791.jpg,153,65,174,241,0,val
007792.jpg,141,18,185,256,0,val
007793.jpg,160,64,78,108,0,val
007794.jpg,81,64,234,324,0,val
007795.jpg,223,28,91,126,0,val
007796.jpg,61,54,94,130,0,val
007797.jpg,54,49,117,162,0,val
007798.jpg,742,172,364,504,0,val
007799.jpg,1051,184,1316,1822,0,val
007800.jpg,271,132,421,583,0,val
007801.jpg,146,37,135,187,0,val
007802.jpg,111,74,159,220,0,val
007803.jpg,72,22,101,140,0,val
007804.jpg,232,73,120,166,0,val
007805.jpg,109,115,161,223,0,val
007806.jpg,305,243,320,443,0,val
007807.jpg,76,149,237,328,0,val
007808.jpg,180,67,94,130,0,val
007809.jpg,152,86,218,302,0,val
007810.jpg,83,57,273,378,0,val
007811.jpg,275,60,166,230,0,val
007812.jpg,22,101,208,288,0,val
007813.jpg,52,9,101,140,0,val
007814.jpg,247,1,359,497,0,val
007815.jpg,4,50,151,209,0,val
007816.jpg,316,191,429,594,0,val
007817.jpg,41,61,387,536,0,val
007818.jpg,87,88,312,432,0,val
007819.jpg,56,80,177,245,0,val
007820.jpg,58,86,273,378,0,val
007821.jpg,65,100,273,378,0,val
007822.jpg,679,108,117,162,0,val
007823.jpg,631,116,151,209,0,val
007824.jpg,100,52,125,173,0,val
007825.jpg,53,86,153,212,0,val
007826.jpg,80,38,113,166,0,val
007827.jpg,108,83,166,230,0,val
007828.jpg,169,336,538,745,0,val
007829.jpg,15,85,190,258,0,val
007830.jpg,106,75,130,180,0,val
007831.jpg,227,18,135,187,0,val
007832.jpg,230,53,120,166,0,val
007833.jpg,101,20,208,288,0,val
007834.jpg,50,28,49,68,0,val
007835.jpg,191,74,169,234,0,val
007836.jpg,75,68,151,209,0,val
007837.jpg,829,83,187,259,0,val
007838.jpg,104,127,242,335,0,val
007839.jpg,202,58,143,198,0,val
007840.jpg,1128,204,567,785,0,val
007841.jpg,343,42,143,198,0,val
007842.jpg,82,87,192,266,0,val
007843.jpg,145,65,192,266,0,val
007844.jpg,202,100,133,198,0,val
007845.jpg,47,63,148,205,0,val
007846.jpg,65,73,140,194,0,val
007847.jpg,486,538,1235,1710,0,val
007848.jpg,90,84,161,223,0,val
007849.jpg,58,161,224,310,0,val
007850.jpg,85,72,187,259,0,val
007851.jpg,174,104,231,320,0,val
007852.jpg,168,56,182,252,0,val
007853.jpg,412,290,377,522,0,val
007854.jpg,524,41,302,418,0,val
007855.jpg,69,35,320,443,0,val
007856.jpg,163,58,107,148,0,val
007857.jpg,404,122,127,176,0,val
007858.jpg,432,126,161,223,0,val
007859.jpg,52,52,88,121,0,val
007860.jpg,130,46,182,252,0,val
007861.jpg,158,80,143,198,0,val
007862.jpg,61,110,263,364,0,val
007863.jpg,26,48,229,317,0,val
007864.jpg,124,92,273,389,0,val
007865.jpg,228,71,125,173,0,val
007866.jpg,246,82,195,270,0,val
007867.jpg,17,50,57,79,0,val
007868.jpg,35,21,130,180,0,val
007869.jpg,89,84,169,234,0,val
007870.jpg,89,37,120,166,0,val
007871.jpg,125,157,164,227,0,val
007872.jpg,79,18,81,112,0,val
007873.jpg,39,110,247,342,0,val
007874.jpg,87,98,276,382,0,val
007875.jpg,28,29,68,94,0,val
007876.jpg,93,65,237,328,0,val
007877.jpg,46,26,88,122,0,val
007878.jpg,128,59,351,486,0,val
007879.jpg,97,50,88,122,0,val
007880.jpg,31,47,112,155,0,val
007881.jpg,77,150,400,554,0,val
007882.jpg,303,31,200,277,0,val
007883.jpg,213,284,307,425,0,val
007884.jpg,308,40,166,230,0,val
007885.jpg,138,70,146,202,0,val
007886.jpg,505,241,679,940,0,val
007887.jpg,144,118,250,346,0,val
007888.jpg,146,86,114,158,0,val
007889.jpg,23,47,88,122,0,val
007890.jpg,298,75,213,295,0,val
007891.jpg,31,35,112,155,0,val
007892.jpg,59,39,120,166,0,val
007893.jpg,40,71,164,227,0,val
007894.jpg,139,49,75,104,0,val
007895.jpg,138,60,117,162,0,val
007896.jpg,101,28,117,162,0,val
007897.jpg,86,27,91,126,0,val
007898.jpg,124,79,200,277,0,val
007899.jpg,66,78,239,331,0,val
007900.jpg,67,79,234,324,0,val
007901.jpg,161,97,130,180,0,val
007902.jpg,288,76,117,162,0,val
007903.jpg,224,110,190,263,0,val
007904.jpg,41,21,68,94,0,val
007905.jpg,163,63,86,119,0,val
007906.jpg,104,34,120,166,0,val
007907.jpg,169,60,68,94,0,val
007908.jpg,78,56,81,112,0,val
007909.jpg,33,61,104,144,0,val
007910.jpg,121,1,174,241,0,val
007911.jpg,145,20,130,180,0,val
007912.jpg,69,31,146,202,0,val
007913.jpg,232,47,177,245,0,val
007914.jpg,234,198,278,385,0,val
007915.jpg,169,1,151,209,0,val
007916.jpg,268,48,242,335,0,val
007917.jpg,147,46,211,292,0,val
007918.jpg,117,49,182,252,0,val
007919.jpg,365,117,65,90,0,val
007920.jpg,73,87,221,276,0,val
007921.jpg,60,37,185,256,0,val
007922.jpg,70,42,109,151,0,val
007923.jpg,144,41,107,148,0,val
007924.jpg,77,75,187,259,0,val
007925.jpg,76,135,442,612,0,val
007926.jpg,95,32,148,205,0,val
007927.jpg,130,133,122,169,0,val
007928.jpg,131,70,208,288,0,val
007929.jpg,23,49,104,144,0,val
007930.jpg,179,113,169,234,0,val
007931.jpg,244,65,390,540,0,val
007932.jpg,117,18,237,328,0,val
007933.jpg,149,45,135,187,0,val
007934.jpg,585,274,408,565,0,val
007935.jpg,61,71,164,227,0,val
007936.jpg,99,39,75,104,0,val
007937.jpg,41,48,172,238,0,val
007938.jpg,116,77,159,220,0,val
007939.jpg,115,114,172,238,0,val
007940.jpg,101,56,140,194,0,val
007941.jpg,744,54,159,220,0,val
007942.jpg,76,64,171,263,0,val
007943.jpg,238,67,117,162,0,val
007944.jpg,12,37,112,155,0,val
007945.jpg,83,109,190,263,0,val
007946.jpg,32,27,109,151,0,val
007947.jpg,66,47,151,209,0,val
007948.jpg,188,35,101,140,0,val
007949.jpg,33,29,169,234,0,val
007950.jpg,58,18,90,140,0,val
007951.jpg,133,50,75,104,0,val
007952.jpg,161,111,299,414,0,val
007953.jpg,22,62,190,256,0,val
007954.jpg,75,125,606,839,0,val
007955.jpg,148,33,96,133,0,val
007956.jpg,92,92,281,389,0,val
007957.jpg,39,68,289,400,0,val
007958.jpg,182,202,127,176,0,val
007959.jpg,143,61,94,130,0,val
007960.jpg,52,94,208,288,0,val
007961.jpg,125,508,1591,2203,0,val
007962.jpg,153,66,122,169,0,val
007963.jpg,412,219,390,540,0,val
007964.jpg,93,40,130,180,0,val
007965.jpg,81,143,192,266,0,val
007966.jpg,43,34,151,209,0,val
007967.jpg,174,28,75,104,0,val
007968.jpg,81,56,127,176,0,val
007969.jpg,82,108,133,184,0,val
007970.jpg,249,133,309,428,0,val
007971.jpg,274,137,138,191,0,val
007972.jpg,66,37,166,230,0,val
007973.jpg,25,45,310,432,0,val
007974.jpg,198,64,122,169,0,val
007975.jpg,9,112,231,280,0,val
007976.jpg,95,49,187,259,0,val
007977.jpg,28,46,146,202,0,val
007978.jpg,136,248,400,554,0,val
007979.jpg,303,204,208,288,0,val
007980.jpg,70,103,179,248,0,val
007981.jpg,55,91,213,277,0,val
007982.jpg,125,70,151,209,0,val
007983.jpg,218,38,117,162,0,val
007984.jpg,259,61,203,281,0,val
007985.jpg,84,139,198,274,0,val
007986.jpg,23,50,200,277,0,val
007987.jpg,225,29,211,292,0,val
007988.jpg,37,50,187,259,0,val
007989.jpg,225,235,346,479,0,val
007990.jpg,81,52,153,212,0,val
007991.jpg,190,79,55,76,0,val
007992.jpg,119,245,593,821,0,val
007993.jpg,94,52,169,234,0,val
007994.jpg,107,92,179,248,0,val
007995.jpg,23,120,289,377,0,val
007996.jpg,234,50,57,79,0,val
007997.jpg,205,182,374,518,0,val
007998.jpg,228,63,112,155,0,val
007999.jpg,119,91,166,230,0,val
008000.jpg,81,61,96,133,0,val
cat_149.jpg,0,0,0,0,1,val
cat_15.jpg,0,0,0,0,1,val
cat_151.jpg,0,0,0,0,1,val
cat_152.jpg,0,0,0,0,1,val
cat_153.jpg,0,0,0,0,1,val
cat_159.jpg,0,0,0,0,1,val
cat_16.jpg,0,0,0,0,1,val
cat_160.jpg,0,0,0,0,1,val
cat_161.jpg,0,0,0,0,1,val
cat_163.jpg,0,0,0,0,1,val
cat_164.jpg,0,0,0,0,1,val
cat_165.jpg,0,0,0,0,1,val
cat_168.jpg,0,0,0,0,1,val
cat_169.jpg,0,0,0,0,1,val
cat_170.jpg,0,0,0,0,1,val
cat_172.jpg,0,0,0,0,1,val
cat_177.jpg,0,0,0,0,1,val
cat_179.jpg,0,0,0,0,1,val
cat_180.jpg,0,0,0,0,1,val
cat_183.jpg,0,0,0,0,1,val
cat_184.jpg,0,0,0,0,1,val
cat_189.jpg,0,0,0,0,1,val
cat_191.jpg,0,0,0,0,1,val
cat_194.jpg,0,0,0,0,1,val
cat_195.jpg,0,0,0,0,1,val
cat_198.jpg,0,0,0,0,1,val
cat_2.jpg,0,0,0,0,1,val
cat_200.jpg,0,0,0,0,1,val
cat_201.jpg,0,0,0,0,1,val
cat_202.jpg,0,0,0,0,1,val
cat_207.jpg,0,0,0,0,1,val
cat_208.jpg,0,0,0,0,1,val
cat_209.jpg,0,0,0,0,1,val
cat_21.jpg,0,0,0,0,1,val
cat_211.jpg,0,0,0,0,1,val
cat_213.jpg,0,0,0,0,1,val
cat_214.jpg,0,0,0,0,1,val
cat_215.jpg,0,0,0,0,1,val
cat_217.jpg,0,0,0,0,1,val
cat_218.jpg,0,0,0,0,1,val
cat_219.jpg,0,0,0,0,1,val
cat_220.jpg,0,0,0,0,1,val
cat_221.jpg,0,0,0,0,1,val
cat_222.jpg,0,0,0,0,1,val
cat_224.jpg,0,0,0,0,1,val
cat_225.jpg,0,0,0,0,1,val
cat_227.jpg,0,0,0,0,1,val
cat_228.jpg,0,0,0,0,1,val
cat_229.jpg,0,0,0,0,1,val
cat_230.jpg,0,0,0,0,1,val
cat_232.jpg,0,0,0,0,1,val
cat_235.jpg,0,0,0,0,1,val
cat_238.jpg,0,0,0,0,1,val
cat_24.jpg,0,0,0,0,1,val
cat_240.jpg,0,0,0,0,1,val
cat_243.jpg,0,0,0,0,1,val
cat_246.jpg,0,0,0,0,1,val
cat_247.jpg,0,0,0,0,1,val
cat_248.jpg,0,0,0,0,1,val
cat_253.jpg,0,0,0,0,1,val
cat_257.jpg,0,0,0,0,1,val
cat_26.jpg,0,0,0,0,1,val
cat_260.jpg,0,0,0,0,1,val
cat_261.jpg,0,0,0,0,1,val
cat_263.jpg,0,0,0,0,1,val
cat_265.jpg,0,0,0,0,1,val
cat_269.jpg,0,0,0,0,1,val
cat_27.jpg,0,0,0,0,1,val
cat_270.jpg,0,0,0,0,1,val
cat_271.jpg,0,0,0,0,1,val
cat_273.jpg,0,0,0,0,1,val
cat_274.jpg,0,0,0,0,1,val
cat_275.jpg,0,0,0,0,1,val
cat_276.jpg,0,0,0,0,1,val
cat_280.jpg,0,0,0,0,1,val
cat_284.jpg,0,0,0,0,1,val
cat_285.jpg,0,0,0,0,1,val
cat_289.jpg,0,0,0,0,1,val
cat_292.jpg,0,0,0,0,1,val
cat_293.jpg,0,0,0,0,1,val
cat_297.jpg,0,0,0,0,1,val
cat_298.jpg,0,0,0,0,1,val
cat_3.jpg,0,0,0,0,1,val
cat_303.jpg,0,0,0,0,1,val
cat_304.jpg,0,0,0,0,1,val
cat_307.jpg,0,0,0,0,1,val
cat_310.jpg,0,0,0,0,1,val
cat_311.jpg,0,0,0,0,1,val
cat_316.jpg,0,0,0,0,1,val
cat_317.jpg,0,0,0,0,1,val
cat_318.jpg,0,0,0,0,1,val
cat_320.jpg,0,0,0,0,1,val
cat_321.jpg,0,0,0,0,1,val
cat_325.jpg,0,0,0,0,1,val
cat_327.jpg,0,0,0,0,1,val
cat_329.jpg,0,0,0,0,1,val
cat_33.jpg,0,0,0,0,1,val
cat_330.jpg,0,0,0,0,1,val
cat_331.jpg,0,0,0,0,1,val
cat_333.jpg,0,0,0,0,1,val
cat_336.jpg,0,0,0,0,1,val
cat_34.jpg,0,0,0,0,1,val
cat_343.jpg,0,0,0,0,1,val
cat_344.jpg,0,0,0,0,1,val
cat_345.jpg,0,0,0,0,1,val
cat_348.jpg,0,0,0,0,1,val
cat_35.jpg,0,0,0,0,1,val
cat_350.jpg,0,0,0,0,1,val
cat_351.jpg,0,0,0,0,1,val
cat_352.jpg,0,0,0,0,1,val
cat_359.jpg,0,0,0,0,1,val
cat_361.jpg,0,0,0,0,1,val
cat_362.jpg,0,0,0,0,1,val
cat_363.jpg,0,0,0,0,1,val
cat_367.jpg,0,0,0,0,1,val
cat_369.jpg,0,0,0,0,1,val
cat_37.jpg,0,0,0,0,1,val
cat_370.jpg,0,0,0,0,1,val
cat_372.jpg,0,0,0,0,1,val
cat_373.jpg,0,0,0,0,1,val
cat_376.jpg,0,0,0,0,1,val
cat_377.jpg,0,0,0,0,1,val
cat_38.jpg,0,0,0,0,1,val
cat_380.jpg,0,0,0,0,1,val
cat_381.jpg,0,0,0,0,1,val
cat_385.jpg,0,0,0,0,1,val
cat_386.jpg,0,0,0,0,1,val
cat_387.jpg,0,0,0,0,1,val
cat_388.jpg,0,0,0,0,1,val
cat_39.jpg,0,0,0,0,1,val
cat_391.jpg,0,0,0,0,1,val
cat_393.jpg,0,0,0,0,1,val
cat_396.jpg,0,0,0,0,1,val
cat_397.jpg,0,0,0,0,1,val
cat_399.jpg,0,0,0,0,1,val
cat_4.jpg,0,0,0,0,1,val
cat_400.jpg,0,0,0,0,1,val
cat_402.jpg,0,0,0,0,1,val
cat_403.jpg,0,0,0,0,1,val
cat_405.jpg,0,0,0,0,1,val
cat_407.jpg,0,0,0,0,1,val
cat_408.jpg,0,0,0,0,1,val
cat_413.jpg,0,0,0,0,1,val
cat_414.jpg,0,0,0,0,1,val
cat_416.jpg,0,0,0,0,1,val
cat_419.jpg,0,0,0,0,1,val
cat_42.jpg,0,0,0,0,1,val
cat_420.jpg,0,0,0,0,1,val
cat_423.jpg,0,0,0,0,1,val
cat_426.jpg,0,0,0,0,1,val
cat_427.jpg,0,0,0,0,1,val
cat_428.jpg,0,0,0,0,1,val
cat_429.jpg,0,0,0,0,1,val
cat_43.jpg,0,0,0,0,1,val
cat_434.jpg,0,0,0,0,1,val
cat_435.jpg,0,0,0,0,1,val
cat_438.jpg,0,0,0,0,1,val
cat_440.jpg,0,0,0,0,1,val
cat_443.jpg,0,0,0,0,1,val
cat_445.jpg,0,0,0,0,1,val
cat_450.jpg,0,0,0,0,1,val
cat_452.jpg,0,0,0,0,1,val
cat_453.jpg,0,0,0,0,1,val
cat_455.jpg,0,0,0,0,1,val
cat_456.jpg,0,0,0,0,1,val
cat_46.jpg,0,0,0,0,1,val
cat_461.jpg,0,0,0,0,1,val
cat_463.jpg,0,0,0,0,1,val
cat_465.jpg,0,0,0,0,1,val
cat_466.jpg,0,0,0,0,1,val
cat_467.jpg,0,0,0,0,1,val
cat_469.jpg,0,0,0,0,1,val
cat_474.jpg,0,0,0,0,1,val
cat_482.jpg,0,0,0,0,1,val
cat_483.jpg,0,0,0,0,1,val
cat_485.jpg,0,0,0,0,1,val
cat_487.jpg,0,0,0,0,1,val
cat_489.jpg,0,0,0,0,1,val
cat_49.jpg,0,0,0,0,1,val
cat_490.jpg,0,0,0,0,1,val
cat_492.jpg,0,0,0,0,1,val
cat_493.jpg,0,0,0,0,1,val
cat_494.jpg,0,0,0,0,1,val
cat_495.jpg,0,0,0,0,1,val
cat_497.jpg,0,0,0,0,1,val
cat_498.jpg,0,0,0,0,1,val
cat_499.jpg,0,0,0,0,1,val
cat_50.jpg,0,0,0,0,1,val
cat_500.jpg,0,0,0,0,1,val
cat_505.jpg,0,0,0,0,1,val
cat_506.jpg,0,0,0,0,1,val
cat_508.jpg,0,0,0,0,1,val
cat_510.jpg,0,0,0,0,1,val
cat_511.jpg,0,0,0,0,1,val
cat_518.jpg,0,0,0,0,1,val
cat_519.jpg,0,0,0,0,1,val
cat_52.jpg,0,0,0,0,1,val
cat_524.jpg,0,0,0,0,1,val
cat_526.jpg,0,0,0,0,1,val
cat_53.jpg,0,0,0,0,1,val
cat_531.jpg,0,0,0,0,1,val
cat_532.jpg,0,0,0,0,1,val
cat_533.jpg,0,0,0,0,1,val
cat_535.jpg,0,0,0,0,1,val
cat_536.jpg,0,0,0,0,1,val
cat_54.jpg,0,0,0,0,1,val
cat_540.jpg,0,0,0,0,1,val
cat_543.jpg,0,0,0,0,1,val
cat_544.jpg,0,0,0,0,1,val
cat_546.jpg,0,0,0,0,1,val
cat_547.jpg,0,0,0,0,1,val
cat_548.jpg,0,0,0,0,1,val
cat_549.jpg,0,0,0,0,1,val
cat_553.jpg,0,0,0,0,1,val
cat_556.jpg,0,0,0,0,1,val
cat_557.jpg,0,0,0,0,1,val
cat_558.jpg,0,0,0,0,1,val
cat_559.jpg,0,0,0,0,1,val
cat_560.jpg,0,0,0,0,1,val
cat_565.jpg,0,0,0,0,1,val
cat_567.jpg,0,0,0,0,1,val
cat_569.jpg,0,0,0,0,1,val
cat_570.jpg,0,0,0,0,1,val
cat_573.jpg,0,0,0,0,1,val
cat_577.jpg,0,0,0,0,1,val
cat_58.jpg,0,0,0,0,1,val
cat_580.jpg,0,0,0,0,1,val
cat_581.jpg,0,0,0,0,1,val
cat_589.jpg,0,0,0,0,1,val
cat_59.jpg,0,0,0,0,1,val
cat_590.jpg,0,0,0,0,1,val
cat_591.jpg,0,0,0,0,1,val
cat_592.jpg,0,0,0,0,1,val
cat_6.jpg,0,0,0,0,1,val
cat_601.jpg,0,0,0,0,1,val
cat_602.jpg,0,0,0,0,1,val
cat_604.jpg,0,0,0,0,1,val
cat_605.jpg,0,0,0,0,1,val
cat_606.jpg,0,0,0,0,1,val
cat_607.jpg,0,0,0,0,1,val
cat_608.jpg,0,0,0,0,1,val
cat_609.jpg,0,0,0,0,1,val
cat_61.jpg,0,0,0,0,1,val
cat_610.jpg,0,0,0,0,1,val
cat_611.jpg,0,0,0,0,1,val
cat_612.jpg,0,0,0,0,1,val
cat_613.jpg,0,0,0,0,1,val
cat_614.jpg,0,0,0,0,1,val
cat_615.jpg,0,0,0,0,1,val
cat_616.jpg,0,0,0,0,1,val
cat_617.jpg,0,0,0,0,1,val
cat_618.jpg,0,0,0,0,1,val
cat_619.jpg,0,0,0,0,1,val
cat_620.jpg,0,0,0,0,1,val
cat_621.jpg,0,0,0,0,1,val
cat_622.jpg,0,0,0,0,1,val
cat_623.jpg,0,0,0,0,1,val
cat_624.jpg,0,0,0,0,1,val
cat_625.jpg,0,0,0,0,1,val
cat_626.jpg,0,0,0,0,1,val
cat_627.jpg,0,0,0,0,1,val
cat_628.jpg,0,0,0,0,1,val
cat_629.jpg,0,0,0,0,1,val
cat_630.jpg,0,0,0,0,1,val
cat_631.jpg,0,0,0,0,1,val
cat_632.jpg,0,0,0,0,1,val
cat_633.jpg,0,0,0,0,1,val
cat_634.jpg,0,0,0,0,1,val
cat_635.jpg,0,0,0,0,1,val
cat_636.jpg,0,0,0,0,1,val
cat_637.jpg,0,0,0,0,1,val
cat_638.jpg,0,0,0,0,1,val
cat_639.jpg,0,0,0,0,1,val
cat_64.jpg,0,0,0,0,1,val
cat_640.jpg,0,0,0,0,1,val
cat_641.jpg,0,0,0,0,1,val
cat_642.jpg,0,0,0,0,1,val
cat_643.jpg,0,0,0,0,1,val
cat_644.jpg,0,0,0,0,1,val
cat_645.jpg,0,0,0,0,1,val
cat_646.jpg,0,0,0,0,1,val
cat_647.jpg,0,0,0,0,1,val
cat_648.jpg,0,0,0,0,1,val
cat_649.jpg,0,0,0,0,1,val
cat_650.jpg,0,0,0,0,1,val
cat_651.jpg,0,0,0,0,1,val
cat_652.jpg,0,0,0,0,1,val
cat_653.jpg,0,0,0,0,1,val
cat_654.jpg,0,0,0,0,1,val
cat_655.jpg,0,0,0,0,1,val
cat_656.jpg,0,0,0,0,1,val
cat_657.jpg,0,0,0,0,1,val
cat_658.jpg,0,0,0,0,1,val
cat_659.jpg,0,0,0,0,1,val
cat_66.jpg,0,0,0,0,1,val
cat_660.jpg,0,0,0,0,1,val
cat_661.jpg,0,0,0,0,1,val
cat_662.jpg,0,0,0,0,1,val
cat_663.jpg,0,0,0,0,1,val
cat_664.jpg,0,0,0,0,1,val
cat_665.jpg,0,0,0,0,1,val
cat_666.jpg,0,0,0,0,1,val
cat_667.jpg,0,0,0,0,1,val
cat_668.jpg,0,0,0,0,1,val
cat_669.jpg,0,0,0,0,1,val
cat_67.jpg,0,0,0,0,1,val
cat_670.jpg,0,0,0,0,1,val
cat_671.jpg,0,0,0,0,1,val
cat_672.jpg,0,0,0,0,1,val
cat_673.jpg,0,0,0,0,1,val
cat_674.jpg,0,0,0,0,1,val
cat_675.jpg,0,0,0,0,1,val
cat_676.jpg,0,0,0,0,1,val
cat_677.jpg,0,0,0,0,1,val
cat_678.jpg,0,0,0,0,1,val
cat_679.jpg,0,0,0,0,1,val
cat_680.jpg,0,0,0,0,1,val
cat_681.jpg,0,0,0,0,1,val
cat_682.jpg,0,0,0,0,1,val
cat_683.jpg,0,0,0,0,1,val
cat_684.jpg,0,0,0,0,1,val
cat_685.jpg,0,0,0,0,1,val
cat_686.jpg,0,0,0,0,1,val
cat_687.jpg,0,0,0,0,1,val
cat_688.jpg,0,0,0,0,1,val
cat_689.jpg,0,0,0,0,1,val
cat_69.jpg,0,0,0,0,1,val
cat_690.jpg,0,0,0,0,1,val
cat_691.jpg,0,0,0,0,1,val
cat_692.jpg,0,0,0,0,1,val
cat_693.jpg,0,0,0,0,1,val
cat_694.jpg,0,0,0,0,1,val
cat_695.jpg,0,0,0,0,1,val
cat_696.jpg,0,0,0,0,1,val
cat_697.jpg,0,0,0,0,1,val
cat_698.jpg,0,0,0,0,1,val
cat_699.jpg,0,0,0,0,1,val
cat_70.jpg,0,0,0,0,1,val
cat_700.jpg,0,0,0,0,1,val
cat_701.jpg,0,0,0,0,1,val
cat_702.jpg,0,0,0,0,1,val
cat_703.jpg,0,0,0,0,1,val
cat_704.jpg,0,0,0,0,1,val
cat_705.jpg,0,0,0,0,1,val
cat_706.jpg,0,0,0,0,1,val
cat_707.jpg,0,0,0,0,1,val
cat_708.jpg,0,0,0,0,1,val
cat_709.jpg,0,0,0,0,1,val
cat_710.jpg,0,0,0,0,1,val
cat_711.jpg,0,0,0,0,1,val
cat_712.jpg,0,0,0,0,1,val
cat_713.jpg,0,0,0,0,1,val
cat_714.jpg,0,0,0,0,1,val
cat_715.jpg,0,0,0,0,1,val
cat_716.jpg,0,0,0,0,1,val
cat_717.jpg,0,0,0,0,1,val
cat_718.jpg,0,0,0,0,1,val
cat_719.jpg,0,0,0,0,1,val
cat_720.jpg,0,0,0,0,1,val
cat_721.jpg,0,0,0,0,1,val
cat_722.jpg,0,0,0,0,1,val
cat_723.jpg,0,0,0,0,1,val
cat_724.jpg,0,0,0,0,1,val
cat_74.jpg,0,0,0,0,1,val
cat_75.jpg,0,0,0,0,1,val
cat_77.jpg,0,0,0,0,1,val
cat_78.jpg,0,0,0,0,1,val
cat_80.jpg,0,0,0,0,1,val
cat_84.jpg,0,0,0,0,1,val
cat_87.jpg,0,0,0,0,1,val
cat_9.jpg,0,0,0,0,1,val
cat_93.jpg,0,0,0,0,1,val
cat_95.jpg,0,0,0,0,1,val
cat_97.jpg,0,0,0,0,1,val
cat_98.jpg,0,0,0,0,1,val
dog_205.jpg,0,0,0,0,2,val
dog_206.jpg,0,0,0,0,2,val
dog_207.jpg,0,0,0,0,2,val
dog_208.jpg,0,0,0,0,2,val
dog_209.jpg,0,0,0,0,2,val
dog_21.jpg,0,0,0,0,2,val
dog_212.jpg,0,0,0,0,2,val
dog_214.jpg,0,0,0,0,2,val
dog_216.jpg,0,0,0,0,2,val
dog_217.jpg,0,0,0,0,2,val
dog_218.jpg,0,0,0,0,2,val
dog_22.jpg,0,0,0,0,2,val
dog_220.jpg,0,0,0,0,2,val
dog_221.jpg,0,0,0,0,2,val
dog_224.jpg,0,0,0,0,2,val
dog_226.jpg,0,0,0,0,2,val
dog_23.jpg,0,0,0,0,2,val
dog_230.jpg,0,0,0,0,2,val
dog_231.jpg,0,0,0,0,2,val
dog_232.jpg,0,0,0,0,2,val
dog_234.jpg,0,0,0,0,2,val
dog_238.jpg,0,0,0,0,2,val
dog_239.jpg,0,0,0,0,2,val
dog_241.jpg,0,0,0,0,2,val
dog_243.jpg,0,0,0,0,2,val
dog_247.jpg,0,0,0,0,2,val
dog_249.jpg,0,0,0,0,2,val
dog_251.jpg,0,0,0,0,2,val
dog_253.jpg,0,0,0,0,2,val
dog_256.jpg,0,0,0,0,2,val
dog_259.jpg,0,0,0,0,2,val
dog_26.jpg,0,0,0,0,2,val
dog_260.jpg,0,0,0,0,2,val
dog_261.jpg,0,0,0,0,2,val
dog_262.jpg,0,0,0,0,2,val
dog_266.jpg,0,0,0,0,2,val
dog_267.jpg,0,0,0,0,2,val
dog_268.jpg,0,0,0,0,2,val
dog_269.jpg,0,0,0,0,2,val
dog_270.jpg,0,0,0,0,2,val
dog_272.jpg,0,0,0,0,2,val
dog_273.jpg,0,0,0,0,2,val
dog_277.jpg,0,0,0,0,2,val
dog_281.jpg,0,0,0,0,2,val
dog_286.jpg,0,0,0,0,2,val
dog_287.jpg,0,0,0,0,2,val
dog_29.jpg,0,0,0,0,2,val
dog_290.jpg,0,0,0,0,2,val
dog_291.jpg,0,0,0,0,2,val
dog_292.jpg,0,0,0,0,2,val
dog_293.jpg,0,0,0,0,2,val
dog_294.jpg,0,0,0,0,2,val
dog_295.jpg,0,0,0,0,2,val
dog_296.jpg,0,0,0,0,2,val
dog_298.jpg,0,0,0,0,2,val
dog_299.jpg,0,0,0,0,2,val
dog_3.jpg,0,0,0,0,2,val
dog_30.jpg,0,0,0,0,2,val
dog_301.jpg,0,0,0,0,2,val
dog_305.jpg,0,0,0,0,2,val
dog_306.jpg,0,0,0,0,2,val
dog_31.jpg,0,0,0,0,2,val
dog_315.jpg,0,0,0,0,2,val
dog_317.jpg,0,0,0,0,2,val
dog_318.jpg,0,0,0,0,2,val
dog_32.jpg,0,0,0,0,2,val
dog_320.jpg,0,0,0,0,2,val
dog_321.jpg,0,0,0,0,2,val
dog_322.jpg,0,0,0,0,2,val
dog_323.jpg,0,0,0,0,2,val
dog_324.jpg,0,0,0,0,2,val
dog_325.jpg,0,0,0,0,2,val
dog_33.jpg,0,0,0,0,2,val
dog_331.jpg,0,0,0,0,2,val
dog_332.jpg,0,0,0,0,2,val
dog_333.jpg,0,0,0,0,2,val
dog_334.jpg,0,0,0,0,2,val
dog_335.jpg,0,0,0,0,2,val
dog_337.jpg,0,0,0,0,2,val
dog_338.jpg,0,0,0,0,2,val
dog_341.jpg,0,0,0,0,2,val
dog_342.jpg,0,0,0,0,2,val
dog_343.jpg,0,0,0,0,2,val
dog_345.jpg,0,0,0,0,2,val
dog_347.jpg,0,0,0,0,2,val
dog_349.jpg,0,0,0,0,2,val
dog_35.jpg,0,0,0,0,2,val
dog_350.jpg,0,0,0,0,2,val
dog_351.jpg,0,0,0,0,2,val
dog_358.jpg,0,0,0,0,2,val
dog_359.jpg,0,0,0,0,2,val
dog_361.jpg,0,0,0,0,2,val
dog_363.jpg,0,0,0,0,2,val
dog_365.jpg,0,0,0,0,2,val
dog_367.jpg,0,0,0,0,2,val
dog_368.jpg,0,0,0,0,2,val
dog_37.jpg,0,0,0,0,2,val
dog_371.jpg,0,0,0,0,2,val
dog_375.jpg,0,0,0,0,2,val
dog_376.jpg,0,0,0,0,2,val
dog_378.jpg,0,0,0,0,2,val
dog_381.jpg,0,0,0,0,2,val
dog_389.jpg,0,0,0,0,2,val
dog_39.jpg,0,0,0,0,2,val
dog_391.jpg,0,0,0,0,2,val
dog_392.jpg,0,0,0,0,2,val
dog_393.jpg,0,0,0,0,2,val
dog_4.jpg,0,0,0,0,2,val
dog_401.jpg,0,0,0,0,2,val
dog_402.jpg,0,0,0,0,2,val
dog_403.jpg,0,0,0,0,2,val
dog_404.jpg,0,0,0,0,2,val
dog_405.jpg,0,0,0,0,2,val
dog_407.jpg,0,0,0,0,2,val
dog_408.jpg,0,0,0,0,2,val
dog_409.jpg,0,0,0,0,2,val
dog_412.jpg,0,0,0,0,2,val
dog_414.jpg,0,0,0,0,2,val
dog_417.jpg,0,0,0,0,2,val
dog_418.jpg,0,0,0,0,2,val
dog_419.jpg,0,0,0,0,2,val
dog_423.jpg,0,0,0,0,2,val
dog_427.jpg,0,0,0,0,2,val
dog_428.jpg,0,0,0,0,2,val
dog_429.jpg,0,0,0,0,2,val
dog_432.jpg,0,0,0,0,2,val
dog_433.jpg,0,0,0,0,2,val
dog_435.jpg,0,0,0,0,2,val
dog_436.jpg,0,0,0,0,2,val
dog_437.jpg,0,0,0,0,2,val
dog_438.jpg,0,0,0,0,2,val
dog_440.jpg,0,0,0,0,2,val
dog_441.jpg,0,0,0,0,2,val
dog_444.jpg,0,0,0,0,2,val
dog_445.jpg,0,0,0,0,2,val
dog_446.jpg,0,0,0,0,2,val
dog_447.jpg,0,0,0,0,2,val
dog_448.jpg,0,0,0,0,2,val
dog_45.jpg,0,0,0,0,2,val
dog_450.jpg,0,0,0,0,2,val
dog_451.jpg,0,0,0,0,2,val
dog_452.jpg,0,0,0,0,2,val
dog_458.jpg,0,0,0,0,2,val
dog_466.jpg,0,0,0,0,2,val
dog_468.jpg,0,0,0,0,2,val
dog_47.jpg,0,0,0,0,2,val
dog_471.jpg,0,0,0,0,2,val
dog_473.jpg,0,0,0,0,2,val
dog_474.jpg,0,0,0,0,2,val
dog_475.jpg,0,0,0,0,2,val
dog_478.jpg,0,0,0,0,2,val
dog_479.jpg,0,0,0,0,2,val
dog_480.jpg,0,0,0,0,2,val
dog_483.jpg,0,0,0,0,2,val
dog_484.jpg,0,0,0,0,2,val
dog_485.jpg,0,0,0,0,2,val
dog_487.jpg,0,0,0,0,2,val
dog_489.jpg,0,0,0,0,2,val
dog_490.jpg,0,0,0,0,2,val
dog_492.jpg,0,0,0,0,2,val
dog_494.jpg,0,0,0,0,2,val
dog_496.jpg,0,0,0,0,2,val
dog_50.jpg,0,0,0,0,2,val
dog_501.jpg,0,0,0,0,2,val
dog_502.jpg,0,0,0,0,2,val
dog_504.jpg,0,0,0,0,2,val
dog_505.jpg,0,0,0,0,2,val
dog_509.jpg,0,0,0,0,2,val
dog_51.jpg,0,0,0,0,2,val
dog_512.jpg,0,0,0,0,2,val
dog_513.jpg,0,0,0,0,2,val
dog_514.jpg,0,0,0,0,2,val
dog_523.jpg,0,0,0,0,2,val
dog_525.jpg,0,0,0,0,2,val
dog_529.jpg,0,0,0,0,2,val
dog_532.jpg,0,0,0,0,2,val
dog_533.jpg,0,0,0,0,2,val
dog_535.jpg,0,0,0,0,2,val
dog_54.jpg,0,0,0,0,2,val
dog_540.jpg,0,0,0,0,2,val
dog_541.jpg,0,0,0,0,2,val
dog_543.jpg,0,0,0,0,2,val
dog_545.jpg,0,0,0,0,2,val
dog_546.jpg,0,0,0,0,2,val
dog_549.jpg,0,0,0,0,2,val
dog_550.jpg,0,0,0,0,2,val
dog_552.jpg,0,0,0,0,2,val
dog_553.jpg,0,0,0,0,2,val
dog_554.jpg,0,0,0,0,2,val
dog_556.jpg,0,0,0,0,2,val
dog_558.jpg,0,0,0,0,2,val
dog_559.jpg,0,0,0,0,2,val
dog_56.jpg,0,0,0,0,2,val
dog_560.jpg,0,0,0,0,2,val
dog_564.jpg,0,0,0,0,2,val
dog_566.jpg,0,0,0,0,2,val
dog_57.jpg,0,0,0,0,2,val
dog_570.jpg,0,0,0,0,2,val
dog_571.jpg,0,0,0,0,2,val
dog_572.jpg,0,0,0,0,2,val
dog_576.jpg,0,0,0,0,2,val
dog_579.jpg,0,0,0,0,2,val
dog_580.jpg,0,0,0,0,2,val
dog_582.jpg,0,0,0,0,2,val
dog_583.jpg,0,0,0,0,2,val
dog_589.jpg,0,0,0,0,2,val
dog_591.jpg,0,0,0,0,2,val
dog_596.jpg,0,0,0,0,2,val
dog_598.jpg,0,0,0,0,2,val
dog_599.jpg,0,0,0,0,2,val
dog_600.jpg,0,0,0,0,2,val
dog_601.jpg,0,0,0,0,2,val
dog_602.jpg,0,0,0,0,2,val
dog_603.jpg,0,0,0,0,2,val
dog_604.jpg,0,0,0,0,2,val
dog_605.jpg,0,0,0,0,2,val
dog_606.jpg,0,0,0,0,2,val
dog_607.jpg,0,0,0,0,2,val
dog_608.jpg,0,0,0,0,2,val
dog_609.jpg,0,0,0,0,2,val
dog_610.jpg,0,0,0,0,2,val
dog_611.jpg,0,0,0,0,2,val
dog_612.jpg,0,0,0,0,2,val
dog_613.jpg,0,0,0,0,2,val
dog_614.jpg,0,0,0,0,2,val
dog_615.jpg,0,0,0,0,2,val
dog_616.jpg,0,0,0,0,2,val
dog_617.jpg,0,0,0,0,2,val
dog_618.jpg,0,0,0,0,2,val
dog_619.jpg,0,0,0,0,2,val
dog_62.jpg,0,0,0,0,2,val
dog_620.jpg,0,0,0,0,2,val
dog_621.jpg,0,0,0,0,2,val
dog_622.jpg,0,0,0,0,2,val
dog_623.jpg,0,0,0,0,2,val
dog_624.jpg,0,0,0,0,2,val
dog_625.jpg,0,0,0,0,2,val
dog_626.jpg,0,0,0,0,2,val
dog_627.jpg,0,0,0,0,2,val
dog_628.jpg,0,0,0,0,2,val
dog_629.jpg,0,0,0,0,2,val
dog_630.jpg,0,0,0,0,2,val
dog_631.jpg,0,0,0,0,2,val
dog_632.jpg,0,0,0,0,2,val
dog_633.jpg,0,0,0,0,2,val
dog_634.jpg,0,0,0,0,2,val
dog_635.jpg,0,0,0,0,2,val
dog_636.jpg,0,0,0,0,2,val
dog_637.jpg,0,0,0,0,2,val
dog_638.jpg,0,0,0,0,2,val
dog_639.jpg,0,0,0,0,2,val
dog_640.jpg,0,0,0,0,2,val
dog_641.jpg,0,0,0,0,2,val
dog_642.jpg,0,0,0,0,2,val
dog_643.jpg,0,0,0,0,2,val
dog_644.jpg,0,0,0,0,2,val
dog_645.jpg,0,0,0,0,2,val
dog_646.jpg,0,0,0,0,2,val
dog_647.jpg,0,0,0,0,2,val
dog_648.jpg,0,0,0,0,2,val
dog_649.jpg,0,0,0,0,2,val
dog_650.jpg,0,0,0,0,2,val
dog_651.jpg,0,0,0,0,2,val
dog_652.jpg,0,0,0,0,2,val
dog_653.jpg,0,0,0,0,2,val
dog_654.jpg,0,0,0,0,2,val
dog_655.jpg,0,0,0,0,2,val
dog_656.jpg,0,0,0,0,2,val
dog_657.jpg,0,0,0,0,2,val
dog_658.jpg,0,0,0,0,2,val
dog_659.jpg,0,0,0,0,2,val
dog_660.jpg,0,0,0,0,2,val
dog_661.jpg,0,0,0,0,2,val
dog_662.jpg,0,0,0,0,2,val
dog_663.jpg,0,0,0,0,2,val
dog_664.jpg,0,0,0,0,2,val
dog_665.jpg,0,0,0,0,2,val
dog_666.jpg,0,0,0,0,2,val
dog_667.jpg,0,0,0,0,2,val
dog_668.jpg,0,0,0,0,2,val
dog_669.jpg,0,0,0,0,2,val
dog_67.jpg,0,0,0,0,2,val
dog_670.jpg,0,0,0,0,2,val
dog_671.jpg,0,0,0,0,2,val
dog_672.jpg,0,0,0,0,2,val
dog_673.jpg,0,0,0,0,2,val
dog_674.jpg,0,0,0,0,2,val
dog_675.jpg,0,0,0,0,2,val
dog_676.jpg,0,0,0,0,2,val
dog_677.jpg,0,0,0,0,2,val
dog_678.jpg,0,0,0,0,2,val
dog_679.jpg,0,0,0,0,2,val
dog_680.jpg,0,0,0,0,2,val
dog_681.jpg,0,0,0,0,2,val
dog_682.jpg,0,0,0,0,2,val
dog_683.jpg,0,0,0,0,2,val
dog_684.jpg,0,0,0,0,2,val
dog_685.jpg,0,0,0,0,2,val
dog_686.jpg,0,0,0,0,2,val
dog_687.jpg,0,0,0,0,2,val
dog_688.jpg,0,0,0,0,2,val
dog_689.jpg,0,0,0,0,2,val
dog_69.jpg,0,0,0,0,2,val
dog_690.jpg,0,0,0,0,2,val
dog_691.jpg,0,0,0,0,2,val
dog_692.jpg,0,0,0,0,2,val
dog_693.jpg,0,0,0,0,2,val
dog_694.jpg,0,0,0,0,2,val
dog_695.jpg,0,0,0,0,2,val
dog_696.jpg,0,0,0,0,2,val
dog_697.jpg,0,0,0,0,2,val
dog_698.jpg,0,0,0,0,2,val
dog_699.jpg,0,0,0,0,2,val
dog_7.jpg,0,0,0,0,2,val
dog_70.jpg,0,0,0,0,2,val
dog_700.jpg,0,0,0,0,2,val
dog_701.jpg,0,0,0,0,2,val
dog_702.jpg,0,0,0,0,2,val
dog_703.jpg,0,0,0,0,2,val
dog_704.jpg,0,0,0,0,2,val
dog_705.jpg,0,0,0,0,2,val
dog_706.jpg,0,0,0,0,2,val
dog_707.jpg,0,0,0,0,2,val
dog_708.jpg,0,0,0,0,2,val
dog_709.jpg,0,0,0,0,2,val
dog_710.jpg,0,0,0,0,2,val
dog_711.jpg,0,0,0,0,2,val
dog_712.jpg,0,0,0,0,2,val
dog_713.jpg,0,0,0,0,2,val
dog_714.jpg,0,0,0,0,2,val
dog_715.jpg,0,0,0,0,2,val
dog_716.jpg,0,0,0,0,2,val
dog_717.jpg,0,0,0,0,2,val
dog_718.jpg,0,0,0,0,2,val
dog_719.jpg,0,0,0,0,2,val
dog_72.jpg,0,0,0,0,2,val
dog_720.jpg,0,0,0,0,2,val
dog_721.jpg,0,0,0,0,2,val
dog_722.jpg,0,0,0,0,2,val
dog_723.jpg,0,0,0,0,2,val
dog_724.jpg,0,0,0,0,2,val
dog_725.jpg,0,0,0,0,2,val
dog_726.jpg,0,0,0,0,2,val
dog_727.jpg,0,0,0,0,2,val
dog_728.jpg,0,0,0,0,2,val
dog_729.jpg,0,0,0,0,2,val
dog_730.jpg,0,0,0,0,2,val
dog_731.jpg,0,0,0,0,2,val
dog_732.jpg,0,0,0,0,2,val
dog_733.jpg,0,0,0,0,2,val
dog_734.jpg,0,0,0,0,2,val
dog_735.jpg,0,0,0,0,2,val
dog_736.jpg,0,0,0,0,2,val
dog_737.jpg,0,0,0,0,2,val
dog_738.jpg,0,0,0,0,2,val
dog_739.jpg,0,0,0,0,2,val
dog_74.jpg,0,0,0,0,2,val
dog_740.jpg,0,0,0,0,2,val
dog_741.jpg,0,0,0,0,2,val
dog_742.jpg,0,0,0,0,2,val
dog_743.jpg,0,0,0,0,2,val
dog_744.jpg,0,0,0,0,2,val
dog_745.jpg,0,0,0,0,2,val
dog_746.jpg,0,0,0,0,2,val
dog_747.jpg,0,0,0,0,2,val
dog_748.jpg,0,0,0,0,2,val
dog_749.jpg,0,0,0,0,2,val
dog_750.jpg,0,0,0,0,2,val
dog_751.jpg,0,0,0,0,2,val
dog_752.jpg,0,0,0,0,2,val
dog_753.jpg,0,0,0,0,2,val
dog_754.jpg,0,0,0,0,2,val
dog_755.jpg,0,0,0,0,2,val
dog_756.jpg,0,0,0,0,2,val
dog_757.jpg,0,0,0,0,2,val
dog_758.jpg,0,0,0,0,2,val
dog_759.jpg,0,0,0,0,2,val
dog_76.jpg,0,0,0,0,2,val
dog_760.jpg,0,0,0,0,2,val
dog_761.jpg,0,0,0,0,2,val
dog_762.jpg,0,0,0,0,2,val
dog_763.jpg,0,0,0,0,2,val
dog_764.jpg,0,0,0,0,2,val
dog_765.jpg,0,0,0,0,2,val
dog_766.jpg,0,0,0,0,2,val
dog_767.jpg,0,0,0,0,2,val
dog_768.jpg,0,0,0,0,2,val
dog_769.jpg,0,0,0,0,2,val
dog_77.jpg,0,0,0,0,2,val
dog_770.jpg,0,0,0,0,2,val
dog_771.jpg,0,0,0,0,2,val
dog_772.jpg,0,0,0,0,2,val
dog_773.jpg,0,0,0,0,2,val
dog_774.jpg,0,0,0,0,2,val
dog_775.jpg,0,0,0,0,2,val
dog_776.jpg,0,0,0,0,2,val
dog_777.jpg,0,0,0,0,2,val
dog_778.jpg,0,0,0,0,2,val
dog_779.jpg,0,0,0,0,2,val
dog_78.jpg,0,0,0,0,2,val
dog_780.jpg,0,0,0,0,2,val
dog_781.jpg,0,0,0,0,2,val
dog_782.jpg,0,0,0,0,2,val
dog_783.jpg,0,0,0,0,2,val
dog_784.jpg,0,0,0,0,2,val
dog_785.jpg,0,0,0,0,2,val
dog_786.jpg,0,0,0,0,2,val
dog_787.jpg,0,0,0,0,2,val
dog_788.jpg,0,0,0,0,2,val
dog_789.jpg,0,0,0,0,2,val
dog_790.jpg,0,0,0,0,2,val
dog_791.jpg,0,0,0,0,2,val
dog_792.jpg,0,0,0,0,2,val
dog_793.jpg,0,0,0,0,2,val
dog_794.jpg,0,0,0,0,2,val
dog_795.jpg,0,0,0,0,2,val
dog_796.jpg,0,0,0,0,2,val
dog_797.jpg,0,0,0,0,2,val
dog_798.jpg,0,0,0,0,2,val
dog_799.jpg,0,0,0,0,2,val
dog_8.jpg,0,0,0,0,2,val
dog_80.jpg,0,0,0,0,2,val
dog_800.jpg,0,0,0,0,2,val
dog_801.jpg,0,0,0,0,2,val
dog_802.jpg,0,0,0,0,2,val
dog_803.jpg,0,0,0,0,2,val
dog_804.jpg,0,0,0,0,2,val
dog_805.jpg,0,0,0,0,2,val
dog_806.jpg,0,0,0,0,2,val
dog_807.jpg,0,0,0,0,2,val
dog_808.jpg,0,0,0,0,2,val
dog_809.jpg,0,0,0,0,2,val
dog_810.jpg,0,0,0,0,2,val
dog_811.jpg,0,0,0,0,2,val
dog_812.jpg,0,0,0,0,2,val
dog_813.jpg,0,0,0,0,2,val
dog_814.jpg,0,0,0,0,2,val
dog_815.jpg,0,0,0,0,2,val
dog_816.jpg,0,0,0,0,2,val
dog_817.jpg,0,0,0,0,2,val
dog_818.jpg,0,0,0,0,2,val
dog_819.jpg,0,0,0,0,2,val
dog_82.jpg,0,0,0,0,2,val
dog_820.jpg,0,0,0,0,2,val
dog_821.jpg,0,0,0,0,2,val
dog_822.jpg,0,0,0,0,2,val
dog_823.jpg,0,0,0,0,2,val
dog_84.jpg,0,0,0,0,2,val
dog_85.jpg,0,0,0,0,2,val
dog_86.jpg,0,0,0,0,2,val
dog_9.jpg,0,0,0,0,2,val
dog_90.jpg,0,0,0,0,2,val
dog_92.jpg,0,0,0,0,2,val
dog_93.jpg,0,0,0,0,2,val
dog_97.jpg,0,0,0,0,2,val
dog_98.jpg,0,0,0,0,2,val
dog_99.jpg,0,0,0,0,2,val
